Table 130-06605A : Domestic households by household size and monthly household income (excluding foreign domestic helpers),,,,,,,,,,,,,,,,,,
 ,,,,,,,,,,,,,,,,,,
Household size (1),Household size (1),Household size (1),1,1,2,2,3,3,4,4,5 and over,5 and over,5 and over,5 and over,5 and over,5 and over,Overall,Overall
Household size (1),Household size (1),Household size (1),,,,,,,,,5,5,6 and over,6 and over,Sub-total,Sub-total,,
 , , ,Domestic households (excluding foreign domestic helpers) (2),Domestic households (excluding foreign domestic helpers) (2),Domestic households (excluding foreign domestic helpers) (2),Domestic households (excluding foreign domestic helpers) (2),Domestic households (excluding foreign domestic helpers) (2),Domestic households (excluding foreign domestic helpers) (2),Domestic households (excluding foreign domestic helpers) (2),Domestic households (excluding foreign domestic helpers) (2),Domestic households (excluding foreign domestic helpers) (2),Domestic households (excluding foreign domestic helpers) (2),Domestic households (excluding foreign domestic helpers) (2),Domestic households (excluding foreign domestic helpers) (2),Domestic households (excluding foreign domestic helpers) (2),Domestic households (excluding foreign domestic helpers) (2),Domestic households (excluding foreign domestic helpers) (2),Domestic households (excluding foreign domestic helpers) (2)
,,,No. ('000),Percentage share (%),No. ('000),Percentage share (%),No. ('000),Percentage share (%),No. ('000),Percentage share (%),No. ('000),Percentage share (%),No. ('000),Percentage share (%),No. ('000),Percentage share (%),No. ('000),Percentage share (%)
Year,Quarter,Monthly domestic household income range (3) (4),,,,,,,,,,,,,,,,
1993,,"< 8,000",134.9,61.0,94.0,30.8,59.0,16.8,51.9,12.7,24.8,10.3,9.3,6.2,34.1,8.7,374.0,22.3
1993,,"     < 4,000",60.0,27.1,27.1,8.9,6.3,1.8,1.6,0.4,0.8,0.3,[*7],[*7],1.0,0.3,96.1,5.7
1993,,"     4,000 - 5,999",38.2,17.3,30.5,10.0,14.1,4.0,8.2,2.0,3.9,1.6,1.4,0.9,5.4,1.4,96.5,5.8
1993,,"     6,000 - 7,999",36.7,16.6,36.3,11.9,38.6,11.0,42.1,10.3,20.1,8.3,7.7,5.1,27.7,7.1,181.5,10.8
1993,,"8,000 - 9,999",24.1,10.9,30.8,10.1,44.7,12.8,53.8,13.1,28.8,11.9,10.9,7.3,39.7,10.1,193.1,11.5
1993,,"10,000 - 14,999",23.7,10.7,62.6,20.5,91.3,26.0,109.8,26.8,56.2,23.3,26.9,17.9,83.1,21.2,370.4,22.1
1993,,"15,000 - 19,999",13.7,6.2,40.2,13.2,56.9,16.2,68.0,16.6,45.1,18.7,27.5,18.3,72.6,18.6,251.4,15.0
1993,,"20,000 - 24,999",9.6,4.3,25.3,8.3,35.7,10.2,46.7,11.4,32.3,13.4,22.4,15.0,54.7,14.0,172.0,10.3
1993,,"25,000 - 29,999",3.2,1.5,13.8,4.5,16.2,4.6,23.1,5.6,18.9,7.8,17.7,11.8,36.6,9.4,92.9,5.5
1993,,"30,000 - 34,999",3.4,1.6,11.0,3.6,13.0,3.7,17.1,4.2,12.7,5.3,13.3,8.9,26.0,6.6,70.6,4.2
1993,,"35,000 - 39,999",1.7,0.8,5.4,1.8,7.3,2.1,8.5,2.1,7.3,3.0,7.9,5.3,15.2,3.9,38.1,2.3
1993,,"40,000 - 44,999",1.2,0.6,5.4,1.8,6.7,1.9,7.4,1.8,4.7,2.0,4.5,3.0,9.2,2.4,30.0,1.8
1993,,"45,000 - 49,999",1.2,0.5,3.2,1.0,3.8,1.1,4.3,1.0,2.4,1.0,2.9,2.0,5.4,1.4,17.8,1.1
1993,,"50,000 - 59,999",1.8,0.8,4.3,1.4,5.6,1.6,7.2,1.8,3.1,1.3,3.5,2.3,6.6,1.7,25.5,1.5
1993,,"60,000 - 79,999",1.5,0.7,5.2,1.7,5.3,1.5,6.2,1.5,2.7,1.1,1.8,1.2,4.5,1.2,22.8,1.4
1993,,"≥ 80,000",1.2,0.5,4.5,1.5,4.9,1.4,5.3,1.3,2.0,0.8,1.3,0.8,3.3,0.8,19.1,1.1
1993,,"     80,000 - 99,999",0.4,0.2,1.9,0.6,2.0,0.6,2.1,0.5,1.0,0.4,0.6,0.4,1.6,0.4,7.9,0.5
1993,,"     ≥ 100,000",0.7,0.3,2.6,0.9,2.9,0.8,3.2,0.8,1.1,0.4,0.6,0.4,1.7,0.4,11.2,0.7
1993,,Total,221.2,100.0,305.7,100.0,350.5,100.0,409.4,100.0,241.0,100.0,149.9,100.0,391.0,100.0,1677.7,100.0
1994,,"< 8,000",125.5,55.0,85.4,26.7,43.0,11.9,36.2,8.3,15.3,6.5,5.4,3.7,20.8,5.4,310.9,18.0
1994,,"     < 4,000",63.7,27.9,25.8,8.1,4.4,1.2,1.3,0.3,0.4,0.2,0.3,0.2,0.7,0.2,95.9,5.5
1994,,"     4,000 - 5,999",29.1,12.7,27.9,8.7,10.6,2.9,8.0,1.8,1.6,0.7,1.0,0.7,2.6,0.7,78.2,4.5
1994,,"     6,000 - 7,999",32.7,14.4,31.7,9.9,28.0,7.7,27.0,6.2,13.3,5.6,4.1,2.8,17.4,4.5,136.8,7.9
1994,,"8,000 - 9,999",26.8,11.7,32.2,10.1,44.3,12.3,49.9,11.5,25.6,10.8,8.8,5.9,34.4,8.9,187.6,10.9
1994,,"10,000 - 14,999",28.7,12.6,58.9,18.4,87.8,24.3,109.7,25.2,52.7,22.3,24.1,16.3,76.8,20.0,361.9,20.9
1994,,"15,000 - 19,999",13.9,6.1,42.7,13.3,62.0,17.2,78.1,17.9,40.3,17.0,23.1,15.6,63.4,16.5,260.1,15.0
1994,,"20,000 - 24,999",11.2,4.9,29.6,9.3,39.1,10.9,56.9,13.0,35.8,15.1,22.5,15.2,58.3,15.2,195.1,11.3
1994,,"25,000 - 29,999",4.9,2.1,17.3,5.4,22.8,6.3,30.3,7.0,23.4,9.9,18.7,12.6,42.0,10.9,117.4,6.8
1994,,"30,000 - 34,999",4.7,2.1,12.6,3.9,17.0,4.7,22.0,5.0,14.9,6.3,14.9,10.1,29.8,7.7,86.0,5.0
1994,,"35,000 - 39,999",2.2,1.0,6.8,2.1,9.7,2.7,12.2,2.8,9.5,4.0,8.5,5.8,18.0,4.7,49.0,2.8
1994,,"40,000 - 44,999",2.3,1.0,7.1,2.2,8.0,2.2,10.2,2.3,5.8,2.5,6.8,4.6,12.6,3.3,40.2,2.3
1994,,"45,000 - 49,999",1.0,0.5,4.0,1.2,5.3,1.5,5.3,1.2,3.6,1.5,4.4,3.0,8.0,2.1,23.5,1.4
1994,,"50,000 - 59,999",2.4,1.1,7.1,2.2,7.4,2.1,9.1,2.1,3.6,1.5,4.9,3.3,8.4,2.2,34.5,2.0
1994,,"60,000 - 79,999",2.2,1.0,7.8,2.5,7.2,2.0,7.8,1.8,3.2,1.4,3.5,2.4,6.8,1.8,31.7,1.8
1994,,"≥ 80,000",2.3,1.0,8.4,2.6,7.2,2.0,8.2,1.9,2.8,1.2,2.4,1.6,5.2,1.4,31.2,1.8
1994,,"     80,000 - 99,999",0.8,0.3,2.8,0.9,3.3,0.9,3.6,0.8,1.3,0.6,1.1,0.7,2.4,0.6,12.9,0.7
1994,,"     ≥ 100,000",1.5,0.7,5.5,1.7,3.9,1.1,4.6,1.1,1.5,0.6,1.3,0.9,2.8,0.7,18.3,1.1
1994,,Total,228.2,100.0,319.9,100.0,360.7,100.0,435.8,100.0,236.6,100.0,147.9,100.0,384.5,100.0,1729.1,100.0
1995,,"< 8,000",116.3,49.5,82.6,24.9,38.0,10.1,31.2,6.8,13.8,5.7,4.2,3.1,18.0,4.8,286.1,16.0
1995,,"     < 4,000",60.8,25.9,26.0,7.8,3.8,1.0,1.6,0.3,0.7,0.3,0.3,0.2,1.0,0.3,93.2,5.2
1995,,"     4,000 - 5,999",25.2,10.7,25.2,7.6,10.2,2.7,5.5,1.2,2.4,1.0,0.6,0.4,3.0,0.8,69.0,3.9
1995,,"     6,000 - 7,999",30.2,12.9,31.4,9.5,24.1,6.4,24.2,5.2,10.7,4.4,3.3,2.4,14.0,3.7,123.9,6.9
1995,,"8,000 - 9,999",26.0,11.1,33.0,9.9,38.2,10.1,46.0,10.0,20.9,8.7,7.7,5.6,28.6,7.6,171.7,9.6
1995,,"10,000 - 14,999",32.5,13.9,55.0,16.6,82.7,21.9,106.5,23.1,51.6,21.4,19.9,14.5,71.4,18.9,348.1,19.5
1995,,"15,000 - 19,999",19.1,8.1,42.2,12.7,66.4,17.6,82.5,17.9,40.9,17.0,20.7,15.1,61.6,16.3,271.8,15.2
1995,,"20,000 - 24,999",12.6,5.4,29.8,9.0,45.3,12.0,61.3,13.3,34.9,14.5,17.7,12.9,52.6,13.9,201.7,11.3
1995,,"25,000 - 29,999",6.4,2.7,19.9,6.0,26.7,7.1,36.3,7.9,24.7,10.2,16.3,11.9,41.0,10.8,130.3,7.3
1995,,"30,000 - 34,999",5.7,2.4,16.2,4.9,20.3,5.4,27.1,5.9,16.0,6.7,14.6,10.7,30.7,8.1,100.1,5.6
1995,,"35,000 - 39,999",2.9,1.2,10.3,3.1,12.4,3.3,16.1,3.5,10.5,4.4,9.9,7.2,20.4,5.4,62.1,3.5
1995,,"40,000 - 44,999",2.6,1.1,9.7,2.9,10.9,2.9,12.9,2.8,7.1,3.0,7.5,5.5,14.6,3.9,50.8,2.8
1995,,"45,000 - 49,999",1.1,0.5,6.3,1.9,6.0,1.6,6.9,1.5,4.7,1.9,5.4,4.0,10.1,2.7,30.3,1.7
1995,,"50,000 - 59,999",3.8,1.6,8.0,2.4,9.9,2.6,11.0,2.4,5.6,2.3,6.1,4.4,11.7,3.1,44.4,2.5
1995,,"60,000 - 79,999",2.5,1.1,8.9,2.7,9.2,2.4,10.8,2.3,5.2,2.1,4.5,3.3,9.7,2.6,41.2,2.3
1995,,"≥ 80,000",3.2,1.4,10.3,3.1,10.8,2.9,12.8,2.8,5.1,2.1,2.5,1.8,7.6,2.0,44.6,2.5
1995,,"     80,000 - 99,999",1.1,0.5,3.6,1.1,4.9,1.3,5.6,1.2,2.2,0.9,1.1,0.8,3.3,0.9,18.4,1.0
1995,,"     ≥ 100,000",2.1,0.9,6.7,2.0,5.9,1.6,7.2,1.6,2.9,1.2,1.4,1.0,4.3,1.1,26.2,1.5
1995,,Total,234.7,100.0,332.2,100.0,376.8,100.0,461.4,100.0,240.9,100.0,137.0,100.0,377.9,100.0,1783.0,100.0
1996,,"< 8,000",105.6,42.4,76.6,21.3,34.0,8.3,22.3,4.6,7.6,3.2,2.6,2.0,10.3,2.8,248.7,13.3
1996,,"     < 4,000",57.5,23.1,23.3,6.5,4.4,1.1,1.7,0.4,0.4,0.2,[*7],[*7],0.6,0.2,87.5,4.7
1996,,"     4,000 - 5,999",22.9,9.2,25.5,7.1,8.3,2.0,3.8,0.8,1.1,0.5,0.5,0.4,1.6,0.4,62.1,3.3
1996,,"     6,000 - 7,999",25.2,10.1,27.8,7.7,21.3,5.2,16.7,3.5,6.1,2.6,1.9,1.5,8.1,2.2,99.0,5.3
1996,,"8,000 - 9,999",29.7,11.9,32.5,9.0,37.1,9.1,38.7,8.0,17.6,7.4,5.4,4.2,23.1,6.3,161.1,8.6
1996,,"10,000 - 14,999",37.1,14.9,58.6,16.3,85.4,20.9,102.0,21.2,48.0,20.2,17.4,13.4,65.4,17.8,348.5,18.7
1996,,"15,000 - 19,999",22.2,8.9,45.3,12.6,67.0,16.4,85.7,17.8,39.8,16.8,18.9,14.5,58.7,16.0,278.9,15.0
1996,,"20,000 - 24,999",15.4,6.2,36.8,10.2,52.9,13.0,67.3,14.0,34.2,14.4,17.1,13.2,51.4,14.0,223.7,12.0
1996,,"25,000 - 29,999",8.2,3.3,22.2,6.2,32.6,8.0,41.8,8.7,24.1,10.2,15.8,12.2,39.9,10.9,144.9,7.8
1996,,"30,000 - 34,999",7.3,2.9,20.4,5.7,24.6,6.0,31.6,6.6,19.2,8.1,13.6,10.5,32.7,8.9,116.6,6.3
1996,,"35,000 - 39,999",3.9,1.6,12.2,3.4,14.2,3.5,20.4,4.2,12.8,5.4,10.7,8.3,23.5,6.4,74.3,4.0
1996,,"40,000 - 44,999",4.2,1.7,11.7,3.3,13.3,3.3,16.6,3.5,8.7,3.7,7.6,5.8,16.3,4.4,62.1,3.3
1996,,"45,000 - 49,999",1.8,0.7,6.5,1.8,7.7,1.9,9.8,2.0,5.2,2.2,5.8,4.5,11.0,3.0,36.8,2.0
1996,,"50,000 - 59,999",4.0,1.6,11.2,3.1,13.0,3.2,13.9,2.9,7.6,3.2,6.4,4.9,14.0,3.8,56.1,3.0
1996,,"60,000 - 79,999",4.4,1.8,11.7,3.3,12.5,3.1,14.4,3.0,6.6,2.8,5.3,4.0,11.8,3.2,54.8,2.9
1996,,"≥ 80,000",5.2,2.1,13.8,3.8,13.9,3.4,16.4,3.4,5.6,2.4,3.2,2.5,8.8,2.4,58.1,3.1
1996,,"     80,000 - 99,999",1.9,0.8,5.9,1.6,6.3,1.5,6.7,1.4,2.3,1.0,1.5,1.2,3.8,1.0,24.6,1.3
1996,,"     ≥ 100,000",3.3,1.3,7.9,2.2,7.6,1.9,9.6,2.0,3.3,1.4,1.7,1.3,5.0,1.4,33.5,1.8
1996,,Total,248.9,100.0,359.7,100.0,408.2,100.0,480.8,100.0,237.1,100.0,129.8,100.0,366.9,100.0,1864.5,100.0
1997,,"< 8,000",106.5,39.8,72.8,18.8,27.1,6.5,14.0,2.8,4.9,2.0,1.2,1.0,6.1,1.7,226.5,11.8
1997,,"     < 4,000",60.9,22.8,22.1,5.7,3.5,0.8,1.2,0.2,0.6,0.3,[*7],[*7],0.8,0.2,88.5,4.6
1997,,"     4,000 - 5,999",23.4,8.8,25.2,6.5,5.8,1.4,2.1,0.4,0.7,0.3,0.3,0.3,1.0,0.3,57.5,3.0
1997,,"     6,000 - 7,999",22.1,8.3,25.5,6.6,17.9,4.3,10.7,2.2,3.6,1.5,0.7,0.6,4.3,1.2,80.4,4.2
1997,,"8,000 - 9,999",29.3,10.9,31.8,8.2,30.9,7.4,30.1,6.1,13.2,5.5,3.6,3.0,16.8,4.7,138.9,7.2
1997,,"10,000 - 14,999",44.8,16.7,63.8,16.5,79.8,19.2,99.3,20.3,44.7,18.6,16.2,13.3,60.9,16.8,348.7,18.1
1997,,"15,000 - 19,999",22.4,8.4,49.0,12.7,69.8,16.8,85.5,17.4,38.1,15.9,16.7,13.8,54.8,15.1,281.5,14.6
1997,,"20,000 - 24,999",17.7,6.6,39.2,10.1,58.0,13.9,69.9,14.3,33.3,13.9,15.5,12.8,48.8,13.5,233.8,12.2
1997,,"25,000 - 29,999",9.9,3.7,25.6,6.6,34.7,8.3,46.1,9.4,25.9,10.8,14.0,11.5,39.9,11.0,156.2,8.1
1997,,"30,000 - 34,999",9.1,3.4,23.4,6.1,27.7,6.7,36.6,7.5,22.4,9.3,12.2,10.1,34.6,9.6,131.5,6.8
1997,,"35,000 - 39,999",4.5,1.7,14.3,3.7,17.0,4.1,23.2,4.7,15.2,6.3,10.3,8.5,25.5,7.0,84.5,4.4
1997,,"40,000 - 44,999",4.7,1.8,13.1,3.4,14.5,3.5,19.6,4.0,10.9,4.5,8.2,6.7,19.0,5.3,71.0,3.7
1997,,"45,000 - 49,999",2.0,0.7,8.1,2.1,7.9,1.9,11.3,2.3,7.6,3.2,5.7,4.7,13.3,3.7,42.6,2.2
1997,,"50,000 - 59,999",5.0,1.9,13.7,3.6,14.5,3.5,17.4,3.5,9.7,4.0,7.1,5.8,16.8,4.6,67.4,3.5
1997,,"60,000 - 79,999",5.3,2.0,14.4,3.7,15.4,3.7,16.0,3.3,7.5,3.1,6.0,4.9,13.5,3.7,64.6,3.4
1997,,"≥ 80,000",6.2,2.3,17.6,4.6,18.8,4.5,21.3,4.3,7.1,2.9,4.7,3.9,11.8,3.3,75.7,3.9
1997,,"     80,000 - 99,999",2.7,1.0,6.5,1.7,7.4,1.8,9.3,1.9,2.7,1.1,2.4,2.0,5.1,1.4,31.0,1.6
1997,,"     ≥ 100,000",3.6,1.3,11.1,2.9,11.4,2.7,12.0,2.4,4.4,1.8,2.3,1.9,6.7,1.8,44.7,2.3
1997,,Total,267.5,100.0,386.8,100.0,416.1,100.0,490.3,100.0,240.6,100.0,121.4,100.0,362.0,100.0,1922.8,100.0
1998,,"< 8,000",140.1,50.6,105.7,26.6,39.6,9.2,26.2,5.2,9.9,4.1,3.2,2.7,13.1,3.7,324.7,16.6
1998,,"     < 4,000",91.8,33.1,34.6,8.7,8.7,2.0,5.6,1.1,2.0,0.9,0.7,0.6,2.7,0.8,143.4,7.3
1998,,"     4,000 - 5,999",27.0,9.8,39.9,10.0,9.7,2.2,5.4,1.1,2.0,0.8,0.7,0.6,2.6,0.7,84.6,4.3
1998,,"     6,000 - 7,999",21.3,7.7,31.1,7.8,21.3,4.9,15.2,3.0,5.9,2.5,1.8,1.6,7.7,2.2,96.6,4.9
1998,,"8,000 - 9,999",24.0,8.7,32.2,8.1,33.3,7.7,34.2,6.8,13.4,5.6,4.2,3.6,17.6,5.0,141.4,7.2
1998,,"10,000 - 14,999",38.6,13.9,57.7,14.5,81.9,19.0,95.6,19.0,43.2,18.2,15.9,13.6,59.1,16.7,332.9,17.0
1998,,"15,000 - 19,999",17.7,6.4,41.0,10.3,68.4,15.9,83.0,16.5,36.8,15.5,15.6,13.3,52.3,14.8,262.3,13.4
1998,,"20,000 - 24,999",13.5,4.9,36.0,9.1,54.1,12.6,66.4,13.2,31.2,13.1,14.4,12.4,45.7,12.9,215.8,11.0
1998,,"25,000 - 29,999",8.1,2.9,22.7,5.7,33.5,7.8,46.7,9.3,24.2,10.2,13.3,11.4,37.5,10.6,148.7,7.6
1998,,"30,000 - 34,999",8.5,3.1,22.3,5.6,28.4,6.6,37.4,7.4,21.6,9.1,11.5,9.8,33.1,9.3,129.6,6.6
1998,,"35,000 - 39,999",4.1,1.5,13.6,3.4,17.3,4.0,24.8,4.9,15.1,6.3,9.1,7.8,24.2,6.8,84.0,4.3
1998,,"40,000 - 44,999",5.2,1.9,12.3,3.1,15.3,3.6,18.7,3.7,10.6,4.5,7.0,6.0,17.6,5.0,69.2,3.5
1998,,"45,000 - 49,999",2.1,0.7,8.0,2.0,9.9,2.3,12.6,2.5,6.8,2.9,5.3,4.5,12.1,3.4,44.6,2.3
1998,,"50,000 - 59,999",4.4,1.6,14.8,3.7,15.4,3.6,17.9,3.6,9.7,4.1,6.8,5.8,16.5,4.6,69.0,3.5
1998,,"60,000 - 79,999",4.9,1.8,13.8,3.5,15.1,3.5,17.5,3.5,7.7,3.2,5.8,5.0,13.4,3.8,64.8,3.3
1998,,"≥ 80,000",5.5,2.0,17.3,4.4,18.4,4.3,21.2,4.2,7.7,3.2,4.5,3.9,12.2,3.4,74.5,3.8
1998,,"     80,000 - 99,999",2.3,0.8,7.6,1.9,8.0,1.9,8.5,1.7,3.1,1.3,2.2,1.9,5.2,1.5,31.6,1.6
1998,,"     ≥ 100,000",3.2,1.2,9.7,2.4,10.4,2.4,12.6,2.5,4.6,1.9,2.4,2.0,7.0,2.0,42.9,2.2
1998,,Total,276.9,100.0,397.5,100.0,430.5,100.0,502.2,100.0,237.8,100.0,116.6,100.0,354.4,100.0,1961.5,100.0
1999,,"< 8,000",145.4,52.8,113.4,27.9,50.6,11.1,33.4,6.5,12.0,5.1,4.0,3.5,16.0,4.6,358.9,18.0
1999,,"     < 4,000",99.1,36.0,40.7,10.0,12.4,2.7,7.2,1.4,2.8,1.2,1.0,0.9,3.8,1.1,163.2,8.2
1999,,"     4,000 - 5,999",25.8,9.4,40.0,9.8,12.9,2.8,7.0,1.4,2.5,1.1,0.9,0.8,3.5,1.0,89.2,4.5
1999,,"     6,000 - 7,999",20.5,7.4,32.8,8.1,25.4,5.6,19.2,3.7,6.6,2.8,2.1,1.9,8.7,2.5,106.6,5.3
1999,,"8,000 - 9,999",20.9,7.6,29.9,7.3,36.0,7.9,35.8,7.0,14.6,6.3,5.1,4.5,19.8,5.7,142.3,7.1
1999,,"10,000 - 14,999",33.7,12.2,55.5,13.6,85.6,18.7,100.1,19.5,43.1,18.5,16.4,14.4,59.5,17.2,334.5,16.7
1999,,"15,000 - 19,999",17.1,6.2,40.2,9.9,71.5,15.6,84.2,16.4,37.4,16.0,15.7,13.7,53.1,15.3,266.1,13.3
1999,,"20,000 - 24,999",14.4,5.2,36.1,8.9,58.1,12.7,68.8,13.4,31.6,13.6,14.8,12.9,46.4,13.4,223.8,11.2
1999,,"25,000 - 29,999",8.8,3.2,24.3,6.0,33.8,7.4,43.5,8.5,22.0,9.4,12.8,11.2,34.7,10.0,145.2,7.3
1999,,"30,000 - 34,999",8.8,3.2,23.2,5.7,29.1,6.4,37.0,7.2,19.7,8.5,11.2,9.8,30.9,8.9,129.1,6.5
1999,,"35,000 - 39,999",4.5,1.6,13.3,3.3,17.2,3.8,21.5,4.2,12.2,5.2,8.0,7.0,20.2,5.8,76.7,3.8
1999,,"40,000 - 44,999",4.7,1.7,15.4,3.8,16.1,3.5,20.6,4.0,9.3,4.0,6.4,5.6,15.8,4.5,72.6,3.6
1999,,"45,000 - 49,999",2.0,0.7,7.0,1.7,8.9,1.9,11.5,2.2,6.3,2.7,4.6,4.0,10.9,3.1,40.2,2.0
1999,,"50,000 - 59,999",4.3,1.5,13.8,3.4,15.4,3.4,17.5,3.4,8.6,3.7,6.6,5.8,15.2,4.4,66.1,3.3
1999,,"60,000 - 79,999",4.6,1.7,15.2,3.7,16.0,3.5,16.8,3.3,8.6,3.7,4.7,4.1,13.3,3.8,66.0,3.3
1999,,"≥ 80,000",6.3,2.3,19.2,4.7,18.5,4.1,22.0,4.3,7.6,3.3,3.8,3.3,11.4,3.3,77.5,3.9
1999,,"     80,000 - 99,999",2.3,0.8,7.8,1.9,7.4,1.6,9.0,1.7,3.5,1.5,2.0,1.8,5.5,1.6,32.0,1.6
1999,,"     ≥ 100,000",4.1,1.5,11.4,2.8,11.1,2.4,13.0,2.5,4.1,1.8,1.8,1.6,5.9,1.7,45.5,2.3
1999,,Total,275.6,100.0,406.5,100.0,457.0,100.0,512.8,100.0,232.9,100.0,114.2,100.0,347.1,100.0,1998.9,100.0
2000,,"< 8,000",150.1,53.7,118.6,27.8,50.9,10.8,31.2,6.0,10.5,4.6,3.6,3.4,14.1,4.2,364.8,17.9
2000,,"     < 4,000",103.4,37.0,44.4,10.4,11.8,2.5,6.6,1.3,1.8,0.8,0.9,0.8,2.7,0.8,169.0,8.3
2000,,"     4,000 - 5,999",27.1,9.7,40.8,9.6,12.3,2.6,6.6,1.3,2.2,1.0,0.7,0.7,3.0,0.9,89.8,4.4
2000,,"     6,000 - 7,999",19.6,7.0,33.3,7.8,26.8,5.7,17.9,3.4,6.4,2.8,2.0,1.9,8.4,2.5,106.0,5.2
2000,,"8,000 - 9,999",18.5,6.6,29.4,6.9,34.4,7.3,32.4,6.2,13.2,5.7,3.9,3.7,17.1,5.1,131.8,6.5
2000,,"10,000 - 14,999",30.0,10.8,58.9,13.8,87.0,18.5,100.1,19.1,43.2,18.8,17.0,15.9,60.2,17.9,336.2,16.5
2000,,"15,000 - 19,999",18.5,6.6,43.1,10.1,69.4,14.7,83.9,16.0,35.2,15.3,14.8,13.8,50.1,14.9,265.0,13.0
2000,,"20,000 - 24,999",14.8,5.3,37.7,8.8,60.3,12.8,71.8,13.7,30.4,13.2,14.7,13.7,45.1,13.4,229.7,11.3
2000,,"25,000 - 29,999",8.3,3.0,25.2,5.9,36.5,7.7,47.4,9.1,22.4,9.7,12.0,11.2,34.4,10.2,151.7,7.4
2000,,"30,000 - 34,999",10.0,3.6,24.4,5.7,31.1,6.6,37.7,7.2,19.2,8.4,10.2,9.5,29.4,8.7,132.5,6.5
2000,,"35,000 - 39,999",5.1,1.8,13.8,3.2,17.7,3.7,24.4,4.7,13.0,5.7,6.8,6.3,19.8,5.9,80.7,4.0
2000,,"40,000 - 44,999",5.3,1.9,14.8,3.5,17.4,3.7,20.5,3.9,9.5,4.1,6.2,5.7,15.7,4.7,73.7,3.6
2000,,"45,000 - 49,999",2.3,0.8,8.7,2.0,10.8,2.3,12.3,2.3,6.6,2.9,4.1,3.8,10.7,3.2,44.7,2.2
2000,,"50,000 - 59,999",4.4,1.6,14.9,3.5,17.2,3.7,17.8,3.4,9.6,4.2,5.9,5.5,15.5,4.6,69.8,3.4
2000,,"60,000 - 79,999",5.2,1.9,17.3,4.1,17.7,3.8,20.8,4.0,8.7,3.8,4.3,4.0,13.0,3.9,74.1,3.6
2000,,"≥ 80,000",6.9,2.5,20.0,4.7,21.0,4.4,22.8,4.4,8.1,3.5,3.6,3.4,11.8,3.5,82.3,4.0
2000,,"     80,000 - 99,999",2.8,1.0,8.2,1.9,7.9,1.7,8.8,1.7,3.2,1.4,1.6,1.5,4.8,1.4,32.5,1.6
2000,,"     ≥ 100,000",4.1,1.5,11.8,2.8,13.0,2.8,14.0,2.7,5.0,2.2,2.0,1.8,6.9,2.1,49.9,2.4
2000,,Total,279.2,100.0,426.8,100.0,471.3,100.0,523.0,100.0,229.7,100.0,107.1,100.0,336.8,100.0,2037.0,100.0
2001,,"< 8,000",150.4,51.2,121.3,26.8,50.9,10.5,30.8,5.9,10.4,5.0,3.0,3.2,13.3,4.4,366.7,17.9
2001,,"     < 4,000",93.3,31.8,35.8,7.9,9.9,2.0,6.0,1.1,2.2,1.0,0.7,0.8,2.9,1.0,147.9,7.2
2001,,"     4,000 - 5,999",32.9,11.2,44.7,9.9,13.3,2.7,6.7,1.3,2.2,1.0,0.6,0.6,2.7,0.9,100.3,4.9
2001,,"     6,000 - 7,999",24.2,8.2,40.8,9.0,27.7,5.7,18.1,3.5,6.1,2.9,1.7,1.8,7.7,2.6,118.5,5.8
2001,,"8,000 - 9,999",21.5,7.3,32.0,7.1,33.9,7.0,31.7,6.1,11.3,5.4,3.5,3.8,14.8,4.9,134.0,6.5
2001,,"10,000 - 14,999",34.9,11.9,61.4,13.6,89.5,18.4,96.6,18.6,36.5,17.4,14.5,15.6,51.0,16.9,333.3,16.2
2001,,"15,000 - 19,999",20.3,6.9,45.3,10.0,73.4,15.1,80.0,15.4,31.3,14.9,12.3,13.2,43.6,14.4,262.6,12.8
2001,,"20,000 - 24,999",17.1,5.8,40.5,9.0,61.0,12.5,70.5,13.6,27.8,13.3,11.5,12.3,39.2,13.0,228.3,11.1
2001,,"25,000 - 29,999",9.2,3.1,27.3,6.0,38.3,7.9,46.7,9.0,20.1,9.6,9.9,10.7,30.0,9.9,151.4,7.4
2001,,"30,000 - 34,999",10.3,3.5,25.7,5.7,32.8,6.7,37.6,7.2,17.8,8.5,8.7,9.4,26.5,8.8,132.9,6.5
2001,,"35,000 - 39,999",4.9,1.7,15.4,3.4,20.0,4.1,25.6,4.9,11.8,5.6,7.1,7.6,18.9,6.3,84.8,4.1
2001,,"40,000 - 44,999",5.1,1.7,15.4,3.4,17.6,3.6,22.1,4.3,9.3,4.4,5.7,6.1,15.0,5.0,75.3,3.7
2001,,"45,000 - 49,999",2.9,1.0,8.8,1.9,10.3,2.1,13.1,2.5,6.9,3.3,3.9,4.2,10.8,3.6,45.9,2.2
2001,,"50,000 - 59,999",5.2,1.8,18.8,4.2,17.4,3.6,19.8,3.8,9.0,4.3,4.8,5.2,13.8,4.6,75.0,3.7
2001,,"60,000 - 79,999",4.9,1.7,17.6,3.9,19.1,3.9,20.3,3.9,8.3,4.0,4.8,5.2,13.1,4.3,75.0,3.7
2001,,"≥ 80,000",6.9,2.4,22.8,5.0,22.4,4.6,24.9,4.8,9.0,4.3,3.3,3.6,12.3,4.1,89.4,4.4
2001,,"     80,000 - 99,999",3.0,1.0,9.6,2.1,9.2,1.9,9.9,1.9,3.8,1.8,1.5,1.6,5.3,1.7,36.9,1.8
2001,,"     ≥ 100,000",4.0,1.3,13.2,2.9,13.2,2.7,15.1,2.9,5.2,2.5,1.8,2.0,7.0,2.3,52.5,2.6
2001,,Total,293.6,100.0,452.4,100.0,486.6,100.0,519.7,100.0,209.4,100.0,92.9,100.0,302.2,100.0,2054.5,100.0
2002,,"< 8,000",162.3,54.8,139.3,29.7,63.7,12.8,42.6,8.0,12.4,6.1,3.5,4.2,15.8,5.5,423.8,20.4
2002,,"     < 4,000",100.6,33.9,40.9,8.7,12.7,2.5,7.3,1.4,2.5,1.2,0.8,0.9,3.3,1.1,164.7,7.9
2002,,"     4,000 - 5,999",37.9,12.8,51.8,11.0,17.3,3.5,11.2,2.1,3.0,1.5,0.7,0.9,3.7,1.3,121.9,5.9
2002,,"     6,000 - 7,999",23.9,8.0,46.7,9.9,33.6,6.7,24.1,4.5,6.9,3.4,2.0,2.4,8.9,3.1,137.2,6.6
2002,,"8,000 - 9,999",20.2,6.8,33.5,7.1,39.6,7.9,36.6,6.9,12.6,6.2,3.9,4.7,16.5,5.8,146.5,7.0
2002,,"10,000 - 14,999",31.1,10.5,61.5,13.1,93.7,18.8,98.8,18.6,38.6,19.1,13.9,16.7,52.5,18.4,337.6,16.2
2002,,"15,000 - 19,999",18.7,6.3,44.3,9.4,70.5,14.1,81.5,15.4,30.6,15.1,12.4,14.9,43.0,15.0,258.0,12.4
2002,,"20,000 - 24,999",16.4,5.5,38.8,8.3,58.9,11.8,67.5,12.7,26.0,12.8,11.0,13.2,37.0,12.9,218.6,10.5
2002,,"25,000 - 29,999",8.7,2.9,26.3,5.6,38.4,7.7,46.5,8.8,19.6,9.7,9.0,10.8,28.6,10.0,148.4,7.1
2002,,"30,000 - 34,999",11.0,3.7,26.4,5.6,32.6,6.5,36.7,6.9,16.1,7.9,7.9,9.5,23.9,8.4,130.6,6.3
2002,,"35,000 - 39,999",4.8,1.6,16.1,3.4,18.8,3.8,24.1,4.6,10.7,5.3,5.0,6.0,15.7,5.5,79.6,3.8
2002,,"40,000 - 44,999",5.0,1.7,16.3,3.5,18.1,3.6,18.9,3.6,8.3,4.1,4.2,5.0,12.5,4.4,70.7,3.4
2002,,"45,000 - 49,999",2.9,1.0,10.6,2.3,10.9,2.2,13.0,2.5,5.3,2.6,2.7,3.3,8.0,2.8,45.4,2.2
2002,,"50,000 - 59,999",4.5,1.5,16.8,3.6,16.6,3.3,19.0,3.6,8.0,4.0,3.7,4.5,11.8,4.1,68.7,3.3
2002,,"60,000 - 79,999",4.8,1.6,17.8,3.8,16.0,3.2,20.1,3.8,6.5,3.2,3.4,4.0,9.8,3.4,68.6,3.3
2002,,"≥ 80,000",6.0,2.0,22.0,4.7,20.7,4.2,24.5,4.6,8.0,3.9,2.8,3.3,10.7,3.7,84.0,4.0
2002,,"     80,000 - 99,999",2.6,0.9,8.2,1.8,8.7,1.7,10.3,1.9,3.2,1.6,1.1,1.4,4.3,1.5,34.2,1.6
2002,,"     ≥ 100,000",3.3,1.1,13.8,2.9,12.1,2.4,14.2,2.7,4.8,2.4,1.6,2.0,6.4,2.2,49.8,2.4
2002,,Total,296.4,100.0,469.9,100.0,498.3,100.0,529.8,100.0,202.6,100.0,83.3,100.0,286.0,100.0,2080.3,100.0
2003,,"< 8,000",178.4,56.5,158.0,32.0,74.7,14.5,47.8,9.2,13.3,6.9,3.1,3.9,16.4,6.1,475.2,22.5
2003,,"     < 4,000",111.2,35.3,47.5,9.6,14.9,2.9,8.5,1.6,2.7,1.4,0.7,0.8,3.4,1.3,185.4,8.8
2003,,"     4,000 - 5,999",39.3,12.5,59.8,12.1,20.2,3.9,11.2,2.2,3.1,1.6,0.7,0.9,3.8,1.4,134.3,6.4
2003,,"     6,000 - 7,999",27.8,8.8,50.7,10.3,39.6,7.7,28.1,5.4,7.4,3.9,1.7,2.2,9.1,3.4,155.4,7.4
2003,,"8,000 - 9,999",21.6,6.8,37.0,7.5,45.8,8.9,40.3,7.8,14.3,7.4,4.4,5.7,18.7,6.9,163.3,7.7
2003,,"10,000 - 14,999",30.2,9.6,63.5,12.9,98.6,19.2,100.9,19.5,38.3,20.0,15.1,19.3,53.4,19.8,346.7,16.4
2003,,"15,000 - 19,999",21.0,6.7,46.6,9.5,70.7,13.7,77.9,15.0,29.3,15.3,11.3,14.4,40.6,15.0,256.8,12.2
2003,,"20,000 - 24,999",16.0,5.1,39.1,7.9,60.3,11.7,63.3,12.2,23.5,12.3,10.3,13.1,33.8,12.5,212.6,10.1
2003,,"25,000 - 29,999",9.8,3.1,26.2,5.3,36.7,7.1,45.5,8.8,17.8,9.3,7.6,9.7,25.4,9.4,143.6,6.8
2003,,"30,000 - 34,999",10.2,3.2,25.9,5.3,28.4,5.5,33.6,6.5,14.3,7.5,6.6,8.4,21.0,7.8,119.1,5.6
2003,,"35,000 - 39,999",5.0,1.6,15.1,3.1,18.6,3.6,20.8,4.0,7.8,4.1,5.2,6.6,12.9,4.8,72.4,3.4
2003,,"40,000 - 44,999",4.8,1.5,14.8,3.0,17.0,3.3,18.8,3.6,8.1,4.2,3.7,4.7,11.8,4.4,67.2,3.2
2003,,"45,000 - 49,999",3.3,1.0,10.3,2.1,10.3,2.0,12.0,2.3,5.0,2.6,2.4,3.0,7.4,2.7,43.3,2.1
2003,,"50,000 - 59,999",4.1,1.3,17.1,3.5,15.9,3.1,18.1,3.5,6.1,3.2,3.3,4.2,9.4,3.5,64.5,3.1
2003,,"60,000 - 79,999",4.9,1.6,17.5,3.5,17.3,3.4,17.2,3.3,6.8,3.6,2.8,3.6,9.6,3.6,66.6,3.2
2003,,"≥ 80,000",6.2,2.0,22.4,4.5,20.3,3.9,21.6,4.2,7.0,3.7,2.8,3.5,9.8,3.6,80.2,3.8
2003,,"     80,000 - 99,999",2.5,0.8,8.5,1.7,8.3,1.6,8.9,1.7,2.8,1.5,1.1,1.4,3.9,1.4,32.1,1.5
2003,,"     ≥ 100,000",3.7,1.2,13.9,2.8,11.9,2.3,12.7,2.5,4.2,2.2,1.7,2.1,5.9,2.2,48.1,2.3
2003,,Total,315.5,100.0,493.6,100.0,514.4,100.0,517.7,100.0,191.7,100.0,78.5,100.0,270.2,100.0,2111.3,100.0
2004,,"< 8,000",173.5,55.8,166.1,32.4,71.5,13.4,41.7,8.0,11.7,6.1,2.8,4.0,14.4,5.5,467.2,21.8
2004,,"     < 4,000",107.0,34.4,46.6,9.1,13.1,2.4,6.2,1.2,1.9,1.0,0.5,0.7,2.4,0.9,175.3,8.2
2004,,"     4,000 - 5,999",39.9,12.8,65.8,12.8,18.8,3.5,10.1,1.9,2.5,1.3,0.5,0.7,3.0,1.1,137.5,6.4
2004,,"     6,000 - 7,999",26.7,8.6,53.6,10.4,39.7,7.4,25.4,4.9,7.3,3.8,1.8,2.5,9.1,3.5,154.5,7.2
2004,,"8,000 - 9,999",22.2,7.1,37.4,7.3,48.2,9.0,39.6,7.6,14.3,7.5,4.1,5.8,18.4,7.1,165.7,7.7
2004,,"10,000 - 14,999",31.6,10.2,66.9,13.0,98.9,18.5,102.5,19.7,37.9,20.0,12.7,18.0,50.6,19.5,350.6,16.4
2004,,"15,000 - 19,999",21.2,6.8,50.6,9.9,74.2,13.9,80.4,15.5,28.9,15.2,10.4,14.8,39.3,15.1,265.7,12.4
2004,,"20,000 - 24,999",16.2,5.2,40.1,7.8,61.6,11.5,64.0,12.3,23.2,12.2,8.4,11.9,31.6,12.1,213.5,10.0
2004,,"25,000 - 29,999",8.9,2.9,27.9,5.4,41.7,7.8,44.0,8.5,18.4,9.7,7.7,10.9,26.1,10.0,148.5,6.9
2004,,"30,000 - 34,999",9.6,3.1,27.1,5.3,32.7,6.1,34.5,6.6,14.9,7.9,6.5,9.2,21.4,8.2,125.3,5.9
2004,,"35,000 - 39,999",5.1,1.6,17.4,3.4,19.3,3.6,24.1,4.6,9.7,5.1,3.9,5.6,13.6,5.2,79.5,3.7
2004,,"40,000 - 44,999",4.7,1.5,15.6,3.0,18.3,3.4,19.3,3.7,6.9,3.6,3.5,4.9,10.3,4.0,68.2,3.2
2004,,"45,000 - 49,999",3.5,1.1,10.2,2.0,11.8,2.2,12.5,2.4,5.0,2.7,2.6,3.7,7.6,2.9,45.7,2.1
2004,,"50,000 - 59,999",4.5,1.5,16.4,3.2,18.3,3.4,16.5,3.2,6.5,3.4,2.6,3.7,9.1,3.5,64.8,3.0
2004,,"60,000 - 79,999",4.3,1.4,16.7,3.3,16.8,3.1,17.2,3.3,6.0,3.2,2.8,4.0,8.8,3.4,63.9,3.0
2004,,"≥ 80,000",5.5,1.8,20.9,4.1,20.8,3.9,23.7,4.5,6.5,3.4,2.6,3.7,9.1,3.5,79.9,3.7
2004,,"     80,000 - 99,999",2.5,0.8,8.2,1.6,8.8,1.6,9.4,1.8,2.2,1.1,1.1,1.6,3.3,1.3,32.2,1.5
2004,,"     ≥ 100,000",3.1,1.0,12.6,2.5,12.0,2.3,14.2,2.7,4.3,2.3,1.5,2.1,5.8,2.2,47.8,2.2
2004,,Total,310.9,100.0,513.3,100.0,534.2,100.0,519.9,100.0,189.7,100.0,70.5,100.0,260.3,100.0,2138.6,100.0
2005,,"< 8,000",194.3,54.7,160.6,30.1,70.9,13.0,36.6,7.1,9.2,5.2,2.4,3.6,11.6,4.8,474.0,21.6
2005,,"     < 4,000",117.2,33.0,41.0,7.7,12.5,2.3,5.5,1.1,1.6,0.9,0.7,1.1,2.3,1.0,178.5,8.1
2005,,"     4,000 - 5,999",44.2,12.4,64.9,12.1,17.8,3.3,7.3,1.4,1.8,1.0,0.3,0.5,2.2,0.9,136.3,6.2
2005,,"     6,000 - 7,999",32.9,9.3,54.7,10.2,40.6,7.4,23.8,4.6,5.8,3.3,1.3,2.0,7.1,2.9,159.2,7.3
2005,,"8,000 - 9,999",28.2,7.9,39.4,7.4,46.3,8.5,38.0,7.3,11.7,6.6,3.0,4.5,14.7,6.0,166.6,7.6
2005,,"10,000 - 14,999",37.5,10.6,74.2,13.9,102.2,18.8,98.5,19.0,33.8,19.0,12.1,18.4,45.9,18.8,358.3,16.3
2005,,"15,000 - 19,999",23.9,6.7,53.2,10.0,81.1,14.9,82.8,16.0,26.1,14.7,10.6,16.0,36.7,15.1,277.7,12.7
2005,,"20,000 - 24,999",17.5,4.9,42.4,7.9,64.2,11.8,67.9,13.1,23.3,13.1,8.5,12.9,31.8,13.1,223.7,10.2
2005,,"25,000 - 29,999",12.1,3.4,31.8,6.0,43.2,7.9,43.8,8.5,18.2,10.2,7.0,10.6,25.1,10.3,156.0,7.1
2005,,"30,000 - 34,999",11.7,3.3,27.5,5.1,32.6,6.0,34.3,6.6,13.7,7.7,6.1,9.2,19.8,8.1,125.9,5.7
2005,,"35,000 - 39,999",5.2,1.5,19.1,3.6,19.2,3.5,22.6,4.4,9.7,5.5,4.0,6.0,13.7,5.6,79.7,3.6
2005,,"40,000 - 44,999",6.2,1.7,17.1,3.2,16.9,3.1,17.6,3.4,7.0,4.0,3.4,5.1,10.4,4.3,68.1,3.1
2005,,"45,000 - 49,999",2.7,0.8,10.1,1.9,11.4,2.1,11.6,2.3,4.3,2.5,1.7,2.6,6.1,2.5,42.0,1.9
2005,,"50,000 - 59,999",5.4,1.5,17.7,3.3,17.8,3.3,18.2,3.5,6.2,3.5,2.8,4.3,9.1,3.7,68.2,3.1
2005,,"60,000 - 79,999",5.0,1.4,18.4,3.4,18.9,3.5,20.0,3.9,6.1,3.4,2.2,3.3,8.3,3.4,70.6,3.2
2005,,"≥ 80,000",5.6,1.6,22.8,4.3,20.3,3.7,25.2,4.9,8.0,4.5,2.3,3.5,10.3,4.2,84.2,3.8
2005,,"     80,000 - 99,999",2.9,0.8,9.1,1.7,8.4,1.5,9.5,1.8,3.2,1.8,1.1,1.6,4.3,1.8,34.2,1.6
2005,,"     ≥ 100,000",2.7,0.7,13.7,2.6,11.9,2.2,15.7,3.0,4.8,2.7,1.3,1.9,6.0,2.5,50.0,2.3
2005,,Total,355.2,100.0,534.4,100.0,544.9,100.0,517.1,100.0,177.5,100.0,66.0,100.0,243.5,100.0,2195.1,100.0
2006,,"< 8,000",203.3,54.5,160.6,29.2,63.0,11.4,31.5,6.1,7.1,4.3,1.9,2.9,8.9,3.9,467.4,21.1
2006,,"     < 4,000",121.6,32.6,39.4,7.2,10.1,1.8,5.6,1.1,1.1,0.7,0.3,0.5,1.5,0.6,178.1,8.0
2006,,"     4,000 - 5,999",46.1,12.3,62.9,11.4,15.4,2.8,5.3,1.0,1.2,0.7,0.4,0.6,1.6,0.7,131.2,5.9
2006,,"     6,000 - 7,999",35.7,9.6,58.4,10.6,37.5,6.8,20.6,4.0,4.7,2.9,1.1,1.8,5.8,2.6,158.0,7.1
2006,,"8,000 - 9,999",28.9,7.7,44.5,8.1,46.0,8.3,36.8,7.2,10.7,6.5,2.8,4.4,13.5,5.9,169.7,7.6
2006,,"10,000 - 14,999",40.7,10.9,73.1,13.3,103.2,18.7,91.4,17.8,29.1,17.6,11.7,18.4,40.8,17.8,349.2,15.7
2006,,"15,000 - 19,999",25.5,6.8,54.7,10.0,81.3,14.7,76.2,14.8,25.0,15.1,9.4,14.7,34.3,15.0,272.1,12.3
2006,,"20,000 - 24,999",17.6,4.7,45.2,8.2,67.8,12.3,68.9,13.4,21.6,13.0,8.4,13.1,29.9,13.1,229.5,10.3
2006,,"25,000 - 29,999",11.8,3.2,31.0,5.6,44.5,8.0,46.8,9.1,17.6,10.6,6.6,10.4,24.2,10.6,158.3,7.1
2006,,"30,000 - 34,999",12.1,3.3,28.5,5.2,35.0,6.3,37.9,7.4,13.6,8.2,5.4,8.6,19.0,8.3,132.5,6.0
2006,,"35,000 - 39,999",6.9,1.8,19.1,3.5,21.6,3.9,23.9,4.6,8.9,5.4,4.1,6.4,13.0,5.7,84.4,3.8
2006,,"40,000 - 44,999",6.0,1.6,17.9,3.2,19.7,3.6,19.1,3.7,6.9,4.1,3.2,5.0,10.0,4.4,72.7,3.3
2006,,"45,000 - 49,999",2.7,0.7,11.6,2.1,11.3,2.0,12.2,2.4,5.2,3.1,1.9,3.0,7.1,3.1,44.9,2.0
2006,,"50,000 - 59,999",6.2,1.7,19.2,3.5,19.1,3.4,21.0,4.1,6.7,4.0,2.9,4.6,9.6,4.2,75.0,3.4
2006,,"60,000 - 79,999",5.2,1.4,20.3,3.7,18.5,3.3,22.1,4.3,6.2,3.8,2.6,4.2,8.9,3.9,74.9,3.4
2006,,"≥ 80,000",6.1,1.6,23.9,4.3,22.3,4.0,26.9,5.2,7.1,4.3,2.7,4.2,9.8,4.3,88.9,4.0
2006,,"     80,000 - 99,999",2.4,0.7,9.3,1.7,8.8,1.6,10.9,2.1,2.1,1.3,1.1,1.8,3.2,1.4,34.7,1.6
2006,,"     ≥ 100,000",3.6,1.0,14.6,2.7,13.5,2.4,16.0,3.1,5.0,3.0,1.5,2.4,6.6,2.9,54.3,2.4
2006,,Total,373.0,100.0,549.6,100.0,553.2,100.0,514.6,100.0,165.5,100.0,63.6,100.0,229.0,100.0,2219.5,100.0
2007,,"< 8,000",203.7,54.6,162.9,28.6,56.8,10.1,26.8,5.2,5.6,3.4,1.4,2.4,7.0,3.1,457.3,20.3
2007,,"     < 4,000",113.6,30.5,43.4,7.6,9.9,1.8,3.3,0.6,0.9,0.5,0.3,0.5,1.2,0.5,171.4,7.6
2007,,"     4,000 - 5,999",48.9,13.1,60.5,10.6,13.8,2.4,5.3,1.0,1.0,0.6,[*7],[*7],1.3,0.6,129.8,5.8
2007,,"     6,000 - 7,999",41.2,11.0,59.0,10.3,33.1,5.9,18.2,3.5,3.7,2.3,0.8,1.4,4.6,2.0,156.1,6.9
2007,,"8,000 - 9,999",30.1,8.1,43.9,7.7,43.2,7.7,30.9,6.0,9.1,5.5,2.0,3.4,11.1,5.0,159.1,7.1
2007,,"10,000 - 14,999",39.9,10.7,81.2,14.2,99.4,17.6,86.9,16.8,26.6,16.1,10.5,17.8,37.0,16.5,344.5,15.3
2007,,"15,000 - 19,999",22.5,6.0,56.7,9.9,84.9,15.1,81.2,15.7,23.7,14.4,9.5,16.2,33.3,14.9,278.4,12.4
2007,,"20,000 - 24,999",18.7,5.0,47.0,8.2,65.0,11.5,70.3,13.6,22.3,13.5,7.0,11.9,29.4,13.1,230.4,10.2
2007,,"25,000 - 29,999",13.1,3.5,33.1,5.8,46.8,8.3,48.5,9.4,18.5,11.2,6.5,11.1,25.0,11.2,166.5,7.4
2007,,"30,000 - 34,999",12.9,3.5,28.0,4.9,36.5,6.5,39.0,7.5,15.5,9.4,5.6,9.5,21.1,9.4,137.6,6.1
2007,,"35,000 - 39,999",5.4,1.4,18.4,3.2,24.0,4.3,24.8,4.8,9.8,5.9,3.7,6.3,13.5,6.0,86.0,3.8
2007,,"40,000 - 44,999",5.6,1.5,17.6,3.1,20.9,3.7,20.7,4.0,7.4,4.5,3.1,5.2,10.5,4.7,75.4,3.4
2007,,"45,000 - 49,999",2.8,0.7,12.6,2.2,13.5,2.4,13.8,2.7,5.3,3.2,2.3,3.9,7.6,3.4,50.2,2.2
2007,,"50,000 - 59,999",6.0,1.6,20.6,3.6,21.5,3.8,23.5,4.5,7.5,4.5,2.8,4.8,10.3,4.6,81.9,3.6
2007,,"60,000 - 79,999",4.7,1.3,21.4,3.7,23.8,4.2,22.9,4.4,6.4,3.9,2.0,3.5,8.5,3.8,81.2,3.6
2007,,"≥ 80,000",7.6,2.1,26.5,4.6,26.9,4.8,29.1,5.6,7.3,4.4,2.4,4.0,9.7,4.3,99.9,4.4
2007,,"     80,000 - 99,999",2.7,0.7,10.3,1.8,10.1,1.8,11.2,2.2,2.4,1.5,0.9,1.5,3.3,1.5,37.7,1.7
2007,,"     ≥ 100,000",4.9,1.3,16.1,2.8,16.8,3.0,18.0,3.5,4.9,3.0,1.5,2.5,6.4,2.8,62.2,2.8
2007,,Total,372.9,100.0,570.0,100.0,563.3,100.0,518.4,100.0,165.1,100.0,58.7,100.0,223.8,100.0,2248.4,100.0
2008,,"< 8,000",199.9,53.0,159.3,27.2,52.8,9.1,25.0,4.9,5.7,3.6,1.3,2.2,7.1,3.2,443.9,19.5
2008,,"     < 4,000",111.3,29.5,45.5,7.8,9.6,1.6,4.2,0.8,0.9,0.6,[*7],[*7],1.1,0.5,171.7,7.5
2008,,"     4,000 - 5,999",49.2,13.0,57.5,9.8,13.0,2.2,4.0,0.8,0.9,0.6,0.4,0.6,1.2,0.6,124.9,5.5
2008,,"     6,000 - 7,999",39.4,10.4,56.2,9.6,30.2,5.2,16.7,3.3,4.0,2.5,0.8,1.4,4.7,2.2,147.3,6.5
2008,,"8,000 - 9,999",28.4,7.5,46.2,7.9,39.2,6.7,28.1,5.5,7.6,4.7,1.8,3.0,9.4,4.3,151.3,6.6
2008,,"10,000 - 14,999",40.6,10.8,81.0,13.8,99.1,17.0,77.0,15.0,23.8,14.9,8.6,14.7,32.5,14.8,330.2,14.5
2008,,"15,000 - 19,999",26.3,7.0,59.5,10.2,89.5,15.4,76.8,15.0,23.4,14.6,7.8,13.2,31.2,14.3,283.3,12.4
2008,,"20,000 - 24,999",19.6,5.2,48.1,8.2,74.1,12.7,66.9,13.0,21.7,13.5,7.6,13.0,29.3,13.4,237.9,10.4
2008,,"25,000 - 29,999",11.6,3.1,32.8,5.6,50.1,8.6,50.0,9.7,17.4,10.8,6.6,11.2,23.9,10.9,168.4,7.4
2008,,"30,000 - 34,999",12.2,3.2,31.1,5.3,40.9,7.0,40.5,7.9,14.2,8.8,6.3,10.8,20.5,9.4,145.3,6.4
2008,,"35,000 - 39,999",6.4,1.7,20.2,3.4,25.2,4.3,28.1,5.5,10.0,6.2,4.1,7.0,14.1,6.4,94.0,4.1
2008,,"40,000 - 44,999",6.1,1.6,18.4,3.1,21.7,3.7,22.8,4.4,7.9,4.9,3.1,5.3,11.0,5.0,80.0,3.5
2008,,"45,000 - 49,999",4.4,1.2,12.9,2.2,14.1,2.4,16.2,3.2,5.3,3.3,2.5,4.3,7.8,3.6,55.4,2.4
2008,,"50,000 - 59,999",6.4,1.7,22.7,3.9,21.8,3.8,24.5,4.8,7.2,4.5,2.8,4.8,10.0,4.6,85.5,3.8
2008,,"60,000 - 79,999",7.1,1.9,22.9,3.9,24.5,4.2,24.1,4.7,7.8,4.9,3.3,5.7,11.1,5.1,89.6,3.9
2008,,"≥ 80,000",8.5,2.2,30.2,5.2,29.0,5.0,33.4,6.5,8.1,5.0,2.8,4.8,10.9,5.0,112.0,4.9
2008,,"     80,000 - 99,999",2.8,0.7,11.3,1.9,11.1,1.9,12.5,2.4,3.1,1.9,1.2,2.1,4.3,2.0,42.0,1.8
2008,,"     ≥ 100,000",5.7,1.5,18.9,3.2,18.0,3.1,20.9,4.1,5.0,3.1,1.6,2.7,6.6,3.0,70.1,3.1
2008,,Total,377.4,100.0,585.4,100.0,582.0,100.0,513.4,100.0,160.0,100.0,58.7,100.0,218.8,100.0,2276.9,100.0
2009,,"< 8,000",207.8,54.5,175.0,29.1,60.3,10.2,26.6,5.2,4.7,3.1,1.5,2.5,6.2,2.9,475.9,20.7
2009,,"     < 4,000",112.2,29.4,48.9,8.1,12.3,2.1,5.0,1.0,1.0,0.6,0.3,0.5,1.3,0.6,179.7,7.8
2009,,"     4,000 - 5,999",53.2,13.9,60.2,10.0,13.9,2.4,5.2,1.0,0.8,0.5,[*7],[*7],1.0,0.5,133.5,5.8
2009,,"     6,000 - 7,999",42.5,11.1,65.9,11.0,34.1,5.8,16.4,3.2,2.9,1.9,1.0,1.7,3.9,1.8,162.8,7.1
2009,,"8,000 - 9,999",32.5,8.5,49.1,8.2,43.5,7.4,28.6,5.6,7.1,4.6,2.0,3.4,9.1,4.3,162.8,7.1
2009,,"10,000 - 14,999",37.5,9.8,83.4,13.9,101.7,17.2,77.5,15.3,22.9,14.9,6.9,11.6,29.8,13.9,329.8,14.4
2009,,"15,000 - 19,999",23.3,6.1,60.7,10.1,87.6,14.9,74.7,14.7,23.7,15.4,7.8,13.2,31.5,14.8,277.9,12.1
2009,,"20,000 - 24,999",19.6,5.1,48.9,8.1,72.0,12.2,68.9,13.6,21.1,13.7,9.1,15.4,30.2,14.2,239.6,10.4
2009,,"25,000 - 29,999",10.7,2.8,29.7,4.9,48.9,8.3,47.9,9.4,16.4,10.6,6.5,11.0,22.9,10.7,160.1,7.0
2009,,"30,000 - 34,999",12.9,3.4,30.9,5.1,40.0,6.8,39.9,7.9,13.6,8.8,6.0,10.2,19.6,9.2,143.4,6.2
2009,,"35,000 - 39,999",5.9,1.5,19.6,3.3,25.8,4.4,25.9,5.1,9.3,6.1,4.1,7.0,13.5,6.3,90.7,4.0
2009,,"40,000 - 44,999",6.2,1.6,18.2,3.0,22.8,3.9,22.9,4.5,7.6,4.9,3.1,5.3,10.7,5.0,80.9,3.5
2009,,"45,000 - 49,999",4.3,1.1,13.2,2.2,14.5,2.5,15.7,3.1,5.0,3.3,2.5,4.3,7.6,3.6,55.3,2.4
2009,,"50,000 - 59,999",6.4,1.7,20.7,3.4,22.0,3.7,22.5,4.4,7.1,4.6,3.6,6.1,10.8,5.0,82.4,3.6
2009,,"60,000 - 79,999",5.9,1.6,21.5,3.6,22.4,3.8,26.2,5.2,7.1,4.6,2.8,4.7,9.9,4.6,86.0,3.7
2009,,"≥ 80,000",8.5,2.2,30.1,5.0,28.2,4.8,30.9,6.1,8.5,5.5,3.2,5.4,11.7,5.5,109.4,4.8
2009,,"     80,000 - 99,999",2.4,0.6,11.6,1.9,11.6,2.0,12.2,2.4,3.5,2.3,1.2,2.0,4.7,2.2,42.5,1.9
2009,,"     ≥ 100,000",6.1,1.6,18.5,3.1,16.6,2.8,18.7,3.7,5.0,3.3,2.0,3.3,7.0,3.3,66.9,2.9
2009,,Total,381.6,100.0,601.1,100.0,589.7,100.0,508.3,100.0,154.1,100.0,59.3,100.0,213.4,100.0,2294.2,100.0
2010,,"< 8,000",217.3,55.5,171.6,28.2,53.9,8.9,21.9,4.3,4.0,2.6,1.0,1.8,5.0,2.4,469.7,20.2
2010,,"     < 4,000",114.2,29.2,49.9,8.2,12.0,2.0,4.8,0.9,0.9,0.6,[*7],[*7],1.1,0.5,182.1,7.8
2010,,"     4,000 - 5,999",57.1,14.6,56.5,9.3,11.8,1.9,3.5,0.7,0.8,0.5,[*7],[*7],1.0,0.5,129.9,5.6
2010,,"     6,000 - 7,999",45.9,11.7,65.1,10.7,30.1,5.0,13.6,2.7,2.4,1.5,0.6,1.2,3.0,1.4,157.8,6.8
2010,,"8,000 - 9,999",29.6,7.6,50.2,8.2,42.9,7.1,24.6,4.8,5.9,3.8,1.1,2.0,6.9,3.3,154.2,6.6
2010,,"10,000 - 14,999",38.2,9.8,89.2,14.6,104.4,17.3,76.5,15.0,21.9,14.3,6.6,12.2,28.5,13.8,336.9,14.5
2010,,"15,000 - 19,999",25.3,6.5,59.7,9.8,90.6,15.0,74.9,14.7,21.6,14.1,6.9,12.7,28.5,13.7,279.0,12.0
2010,,"20,000 - 24,999",19.2,4.9,49.7,8.2,77.4,12.8,67.0,13.1,21.4,14.0,8.0,14.7,29.4,14.2,242.6,10.4
2010,,"25,000 - 29,999",11.0,2.8,32.6,5.4,46.5,7.7,50.6,9.9,17.3,11.3,6.2,11.5,23.5,11.3,164.2,7.1
2010,,"30,000 - 34,999",12.8,3.3,31.1,5.1,43.1,7.1,41.7,8.2,14.0,9.1,5.9,11.0,19.9,9.6,148.6,6.4
2010,,"35,000 - 39,999",6.0,1.5,19.0,3.1,25.5,4.2,27.9,5.5,9.4,6.1,4.2,7.8,13.6,6.5,92.0,4.0
2010,,"40,000 - 44,999",6.4,1.6,18.7,3.1,23.7,3.9,23.6,4.6,8.1,5.3,3.6,6.7,11.8,5.7,84.1,3.6
2010,,"45,000 - 49,999",4.1,1.0,13.5,2.2,14.4,2.4,14.9,2.9,5.5,3.6,1.8,3.4,7.3,3.5,54.1,2.3
2010,,"50,000 - 59,999",6.3,1.6,21.3,3.5,24.6,4.1,25.0,4.9,7.1,4.7,2.7,5.0,9.8,4.7,87.2,3.8
2010,,"60,000 - 79,999",6.8,1.7,22.2,3.6,27.4,4.5,26.1,5.1,7.4,4.8,3.3,6.1,10.7,5.2,93.2,4.0
2010,,"≥ 80,000",8.5,2.2,29.7,4.9,30.7,5.1,35.9,7.0,9.6,6.2,2.7,5.0,12.3,5.9,117.0,5.0
2010,,"     80,000 - 99,999",3.2,0.8,11.4,1.9,13.1,2.2,13.0,2.5,3.8,2.5,1.3,2.4,5.1,2.4,45.8,2.0
2010,,"     ≥ 100,000",5.2,1.3,18.3,3.0,17.6,2.9,22.9,4.5,5.8,3.8,1.4,2.7,7.2,3.5,71.3,3.1
2010,,Total,391.4,100.0,608.6,100.0,605.0,100.0,510.5,100.0,153.2,100.0,54.1,100.0,207.2,100.0,2322.7,100.0
2011,,"< 8,000",216.3,53.3,158.5,25.5,41.7,6.7,16.3,3.2,2.3,1.6,0.9,1.7,3.3,1.6,436.1,18.5
2011,,"     < 4,000",110.2,27.2,49.7,8.0,10.4,1.7,4.0,0.8,0.6,0.4,0.4,0.7,1.0,0.5,175.2,7.4
2011,,"     4,000 - 5,999",59.7,14.7,48.6,7.8,8.4,1.3,2.7,0.5,0.3,0.2,[*7],[*7],0.5,0.2,119.9,5.1
2011,,"     6,000 - 7,999",46.3,11.4,60.2,9.7,22.9,3.7,9.6,1.9,1.4,0.9,0.4,0.8,1.8,0.9,140.9,6.0
2011,,"8,000 - 9,999",33.7,8.3,51.6,8.3,36.4,5.9,18.7,3.7,4.6,3.1,1.1,1.9,5.7,2.8,146.2,6.2
2011,,"10,000 - 14,999",43.4,10.7,91.0,14.6,102.5,16.5,65.5,13.0,18.7,12.5,5.6,10.3,24.3,11.9,326.7,13.9
2011,,"15,000 - 19,999",24.9,6.1,61.2,9.9,92.2,14.9,69.4,13.7,19.9,13.3,6.6,12.2,26.6,13.0,274.4,11.6
2011,,"20,000 - 24,999",20.8,5.1,50.7,8.1,83.0,13.4,66.5,13.1,19.8,13.2,7.3,13.4,27.0,13.3,248.0,10.5
2011,,"25,000 - 29,999",11.1,2.7,33.9,5.4,54.9,8.9,52.7,10.4,16.1,10.8,5.7,10.4,21.8,10.7,174.3,7.4
2011,,"30,000 - 34,999",13.4,3.3,34.1,5.5,45.1,7.3,46.3,9.1,15.2,10.2,5.6,10.3,20.8,10.2,159.6,6.8
2011,,"35,000 - 39,999",6.6,1.6,21.2,3.4,29.3,4.7,31.2,6.2,9.4,6.3,3.8,7.1,13.2,6.5,101.6,4.3
2011,,"40,000 - 44,999",7.0,1.7,21.3,3.4,26.1,4.2,25.0,4.9,9.0,6.0,3.2,5.9,12.2,6.0,91.6,3.9
2011,,"45,000 - 49,999",3.6,0.9,14.4,2.3,16.5,2.7,18.7,3.7,6.1,4.1,3.0,5.5,9.1,4.5,62.3,2.6
2011,,"50,000 - 59,999",8.3,2.0,25.4,4.1,26.6,4.3,27.3,5.4,9.5,6.4,3.7,6.8,13.2,6.5,100.8,4.3
2011,,"60,000 - 79,999",7.5,1.9,24.7,4.0,29.4,4.7,28.8,5.7,8.9,5.9,3.8,7.0,12.7,6.2,103.2,4.4
2011,,"≥ 80,000",9.3,2.3,33.7,5.4,36.1,5.8,39.4,7.8,9.8,6.6,4.1,7.6,13.9,6.8,132.5,5.6
2011,,"     80,000 - 99,999",3.4,0.8,11.7,1.9,12.9,2.1,13.7,2.7,4.2,2.8,1.9,3.4,6.0,3.0,47.6,2.0
2011,,"     ≥ 100,000",5.9,1.5,22.0,3.5,23.2,3.7,25.8,5.1,5.6,3.8,2.3,4.2,7.9,3.9,84.8,3.6
2011,,Total,405.9,100.0,621.7,100.0,619.9,100.0,505.9,100.0,149.5,100.0,54.4,100.0,203.9,100.0,2357.3,100.0
2012,,"< 8,000",210.1,50.9,152.1,23.9,35.8,5.7,11.4,2.3,2.1,1.4,0.3,0.6,2.4,1.2,411.9,17.3
2012,,"     < 4,000",102.9,24.9,47.3,7.4,9.4,1.5,2.9,0.6,0.6,0.4,[*7],[*7],0.7,0.3,163.2,6.8
2012,,"     4,000 - 5,999",66.4,16.1,42.6,6.7,6.7,1.1,2.2,0.4,[*7],[*7],[*7],[*7],0.3,0.2,118.3,5.0
2012,,"     6,000 - 7,999",40.8,9.9,62.3,9.8,19.7,3.1,6.3,1.3,1.3,0.9,[*7],[*7],1.4,0.7,130.4,5.5
2012,,"8,000 - 9,999",35.2,8.5,49.6,7.8,32.3,5.1,14.7,3.0,3.3,2.2,0.9,1.7,4.3,2.1,136.1,5.7
2012,,"10,000 - 14,999",43.9,10.6,94.9,14.9,90.1,14.3,53.9,10.8,15.4,10.3,4.5,8.1,19.9,9.7,302.7,12.7
2012,,"15,000 - 19,999",25.8,6.2,64.8,10.2,92.2,14.6,60.4,12.1,18.2,12.2,6.5,11.6,24.7,12.0,267.8,11.2
2012,,"20,000 - 24,999",22.8,5.5,52.6,8.2,79.7,12.6,64.0,12.9,18.5,12.4,6.2,11.1,24.7,12.0,243.8,10.2
2012,,"25,000 - 29,999",11.6,2.8,36.4,5.7,61.0,9.7,50.2,10.1,16.4,11.0,6.3,11.2,22.7,11.0,181.9,7.6
2012,,"30,000 - 34,999",14.0,3.4,34.2,5.4,50.8,8.1,48.4,9.7,14.8,9.9,5.6,10.0,20.4,9.9,167.8,7.0
2012,,"35,000 - 39,999",8.1,2.0,23.5,3.7,35.2,5.6,34.7,7.0,10.8,7.2,4.6,8.2,15.3,7.5,116.9,4.9
2012,,"40,000 - 44,999",7.7,1.9,22.1,3.5,28.6,4.5,29.5,5.9,9.4,6.3,3.9,6.9,13.2,6.4,101.1,4.2
2012,,"45,000 - 49,999",4.9,1.2,14.4,2.3,18.7,3.0,18.7,3.8,7.1,4.8,3.3,5.9,10.5,5.1,67.2,2.8
2012,,"50,000 - 59,999",8.1,2.0,26.9,4.2,29.8,4.7,30.8,6.2,10.9,7.3,4.9,8.8,15.8,7.7,111.4,4.7
2012,,"60,000 - 79,999",8.8,2.1,28.6,4.5,34.8,5.5,35.5,7.1,10.3,6.9,5.0,9.0,15.4,7.5,123.1,5.2
2012,,"≥ 80,000",11.9,2.9,37.5,5.9,41.6,6.6,45.1,9.1,12.2,8.2,3.9,6.9,16.1,7.8,152.1,6.4
2012,,"     80,000 - 99,999",4.3,1.0,12.6,2.0,16.3,2.6,17.0,3.4,4.3,2.9,1.5,2.6,5.7,2.8,56.0,2.3
2012,,"     ≥ 100,000",7.6,1.8,24.9,3.9,25.3,4.0,28.1,5.7,7.9,5.3,2.4,4.3,10.3,5.0,96.2,4.0
2012,,Total,412.7,100.0,637.6,100.0,630.7,100.0,497.5,100.0,149.4,100.0,56.0,100.0,205.4,100.0,2383.8,100.0
2013,,"< 8,000",212.4,50.9,142.0,21.5,26.5,4.2,8.5,1.7,1.8,1.2,0.5,0.9,2.3,1.2,391.6,16.3
2013,,"     < 4,000",96.8,23.2,43.8,6.6,7.4,1.2,3.4,0.7,0.5,0.4,[*7],[*7],0.7,0.4,152.1,6.3
2013,,"     4,000 - 5,999",71.9,17.2,39.4,6.0,4.9,0.8,1.3,0.3,0.4,0.3,[*7],[*7],0.5,0.3,118.1,4.9
2013,,"     6,000 - 7,999",43.7,10.5,58.8,8.9,14.1,2.2,3.7,0.7,0.8,0.6,0.3,0.5,1.1,0.5,121.4,5.0
2013,,"8,000 - 9,999",36.7,8.8,50.6,7.7,26.5,4.2,11.8,2.4,2.6,1.8,0.4,0.8,3.0,1.5,128.5,5.3
2013,,"10,000 - 14,999",49.4,11.8,99.4,15.1,84.9,13.4,44.7,9.0,10.4,7.3,3.0,5.5,13.4,6.8,291.8,12.1
2013,,"15,000 - 19,999",27.5,6.6,70.3,10.7,86.3,13.7,56.1,11.3,15.6,11.0,4.5,8.2,20.1,10.2,260.4,10.8
2013,,"20,000 - 24,999",20.0,4.8,57.7,8.7,80.7,12.8,59.3,11.9,16.5,11.6,6.5,12.0,23.1,11.7,240.7,10.0
2013,,"25,000 - 29,999",11.6,2.8,39.4,6.0,62.5,9.9,51.6,10.4,14.6,10.2,5.7,10.4,20.3,10.3,185.4,7.7
2013,,"30,000 - 34,999",13.5,3.2,37.1,5.6,56.5,8.9,48.6,9.8,14.7,10.3,6.3,11.5,21.0,10.6,176.7,7.3
2013,,"35,000 - 39,999",7.6,1.8,25.1,3.8,38.0,6.0,38.0,7.6,12.1,8.5,4.8,8.8,16.9,8.6,125.5,5.2
2013,,"40,000 - 44,999",7.0,1.7,24.4,3.7,29.5,4.7,31.6,6.3,10.7,7.5,4.3,7.9,15.0,7.6,107.5,4.5
2013,,"45,000 - 49,999",4.9,1.2,14.7,2.2,22.8,3.6,22.7,4.6,7.6,5.4,3.6,6.5,11.2,5.7,76.2,3.2
2013,,"50,000 - 59,999",9.0,2.2,26.6,4.0,34.8,5.5,35.6,7.1,11.0,7.7,5.7,10.4,16.6,8.4,122.6,5.1
2013,,"60,000 - 79,999",8.9,2.1,31.4,4.8,38.4,6.1,37.4,7.5,11.7,8.2,5.0,9.1,16.7,8.5,132.8,5.5
2013,,"≥ 80,000",9.2,2.2,41.7,6.3,44.4,7.0,51.8,10.4,13.2,9.2,4.4,8.1,17.6,8.9,164.7,6.9
2013,,"     80,000 - 99,999",3.0,0.7,16.1,2.4,19.0,3.0,19.5,3.9,5.3,3.7,1.9,3.4,7.2,3.6,64.8,2.7
2013,,"     ≥ 100,000",6.2,1.5,25.6,3.9,25.4,4.0,32.3,6.5,7.9,5.5,2.5,4.7,10.4,5.3,99.9,4.2
2013,,Total,417.5,100.0,660.3,100.0,631.8,100.0,497.7,100.0,142.6,100.0,54.7,100.0,197.2,100.0,2404.4,100.0
2014,,"< 8,000",213.7,49.6,138.6,20.7,25.0,3.9,6.8,1.4,1.3,0.9,0.3,0.6,1.7,0.8,385.7,15.9
2014,,"     < 4,000",89.0,20.7,42.5,6.3,7.9,1.2,2.2,0.4,0.6,0.4,[*7],[*7],0.8,0.4,142.4,5.9
2014,,"     4,000 - 5,999",81.6,18.9,39.3,5.9,5.1,0.8,1.1,0.2,0.3,0.2,[*7],[*7],0.3,0.2,127.4,5.2
2014,,"     6,000 - 7,999",43.1,10.0,56.8,8.5,12.0,1.9,3.5,0.7,0.5,0.3,[*7],[*7],0.5,0.3,115.9,4.8
2014,,"8,000 - 9,999",38.4,8.9,52.1,7.8,22.7,3.6,7.9,1.6,1.3,0.9,0.4,0.7,1.7,0.9,122.8,5.1
2014,,"10,000 - 14,999",53.2,12.3,98.0,14.6,73.9,11.6,39.9,8.1,9.8,7.1,2.4,4.2,12.2,6.2,277.2,11.4
2014,,"15,000 - 19,999",30.3,7.0,70.6,10.5,84.9,13.3,51.0,10.3,13.5,9.7,4.3,7.5,17.8,9.1,254.5,10.5
2014,,"20,000 - 24,999",22.5,5.2,60.4,9.0,83.5,13.1,57.0,11.5,14.9,10.7,5.4,9.5,20.3,10.4,243.6,10.0
2014,,"25,000 - 29,999",11.9,2.8,40.1,6.0,64.2,10.1,50.3,10.1,14.2,10.3,5.6,9.9,19.9,10.2,186.4,7.7
2014,,"30,000 - 34,999",11.2,2.6,36.3,5.4,59.8,9.4,50.5,10.2,14.9,10.8,6.0,10.6,21.0,10.7,178.7,7.4
2014,,"35,000 - 39,999",7.2,1.7,25.8,3.8,40.6,6.4,38.0,7.7,12.3,8.9,5.6,9.8,17.9,9.1,129.5,5.3
2014,,"40,000 - 44,999",8.0,1.9,23.6,3.5,31.4,4.9,34.3,6.9,10.7,7.7,4.8,8.5,15.5,7.9,112.8,4.6
2014,,"45,000 - 49,999",5.0,1.2,17.6,2.6,23.1,3.6,25.9,5.2,8.7,6.3,3.6,6.3,12.3,6.3,84.0,3.5
2014,,"50,000 - 59,999",10.0,2.3,27.5,4.1,37.1,5.8,38.1,7.7,12.1,8.7,6.4,11.2,18.4,9.4,131.2,5.4
2014,,"60,000 - 79,999",8.5,2.0,35.8,5.3,40.9,6.4,41.7,8.4,11.8,8.5,6.0,10.6,17.8,9.1,144.7,6.0
2014,,"≥ 80,000",11.0,2.6,44.6,6.6,49.9,7.8,54.4,11.0,13.3,9.6,6.1,10.7,19.4,9.9,179.3,7.4
2014,,"     80,000 - 99,999",3.9,0.9,16.7,2.5,19.0,3.0,21.7,4.4,4.8,3.5,2.1,3.7,6.9,3.5,68.2,2.8
2014,,"     ≥ 100,000",7.1,1.6,27.9,4.2,30.9,4.9,32.7,6.6,8.5,6.1,4.0,6.9,12.4,6.4,111.1,4.6
2014,,Total,430.9,100.0,671.0,100.0,636.9,100.0,495.9,100.0,138.7,100.0,56.9,100.0,195.7,100.0,2430.3,100.0
2015,,"< 8,000",214.1,47.2,136.8,19.9,21.4,3.4,6.2,1.2,1.4,1.0,0.4,0.7,1.8,0.9,380.3,15.4
2015,,"     < 4,000",80.9,17.8,48.0,7.0,7.5,1.2,3.0,0.6,0.8,0.6,[*7],[*7],1.0,0.5,140.5,5.7
2015,,"     4,000 - 5,999",91.3,20.1,34.3,5.0,3.9,0.6,1.1,0.2,[*7],[*7],[*7],[*7],[*7],[*7],130.7,5.3
2015,,"     6,000 - 7,999",42.0,9.3,54.5,7.9,10.0,1.6,2.1,0.4,0.4,0.3,[*7],[*7],0.6,0.3,109.1,4.4
2015,,"8,000 - 9,999",36.2,8.0,44.2,6.4,18.2,2.9,6.7,1.4,1.1,0.8,0.3,0.5,1.4,0.7,106.7,4.3
2015,,"10,000 - 14,999",59.7,13.2,100.9,14.7,63.6,10.0,31.7,6.4,8.8,6.1,1.9,3.4,10.6,5.4,266.5,10.8
2015,,"15,000 - 19,999",32.1,7.1,77.6,11.3,82.2,12.9,45.7,9.3,11.5,8.1,3.9,7.0,15.4,7.8,253.2,10.3
2015,,"20,000 - 24,999",23.7,5.2,61.7,9.0,81.8,12.8,50.8,10.3,14.5,10.1,5.3,9.5,19.8,10.0,237.7,9.6
2015,,"25,000 - 29,999",13.2,2.9,41.5,6.0,67.3,10.6,48.6,9.9,14.1,9.8,5.8,10.4,19.8,10.0,190.4,7.7
2015,,"30,000 - 34,999",14.1,3.1,38.8,5.6,58.6,9.2,47.2,9.6,13.5,9.4,5.3,9.6,18.8,9.5,177.5,7.2
2015,,"35,000 - 39,999",8.9,2.0,25.5,3.7,41.7,6.6,40.2,8.2,13.0,9.1,4.9,8.8,17.9,9.0,134.3,5.4
2015,,"40,000 - 44,999",8.2,1.8,25.6,3.7,37.9,5.9,35.5,7.2,10.9,7.6,3.8,6.9,14.7,7.4,121.9,4.9
2015,,"45,000 - 49,999",6.7,1.5,17.4,2.5,25.1,3.9,26.9,5.5,9.0,6.3,3.9,7.0,12.8,6.5,88.9,3.6
2015,,"50,000 - 59,999",9.7,2.1,30.2,4.4,38.2,6.0,42.7,8.7,13.2,9.2,6.4,11.5,19.6,9.9,140.4,5.7
2015,,"60,000 - 79,999",10.9,2.4,37.6,5.5,44.6,7.0,45.5,9.2,14.3,10.0,6.5,11.8,20.8,10.5,159.6,6.5
2015,,"≥ 80,000",15.8,3.5,49.5,7.2,56.0,8.8,64.7,13.1,18.0,12.5,7.1,12.8,25.0,12.6,211.0,8.5
2015,,"     80,000 - 99,999",5.2,1.2,18.4,2.7,23.7,3.7,23.8,4.8,7.0,4.9,2.7,4.9,9.7,4.9,80.7,3.3
2015,,"     ≥ 100,000",10.6,2.3,31.2,4.5,32.3,5.1,40.9,8.3,10.9,7.6,4.4,7.9,15.3,7.7,130.3,5.3
2015,,Total,453.3,100.0,687.3,100.0,636.8,100.0,492.4,100.0,143.2,100.0,55.3,100.0,198.5,100.0,2468.3,100.0
2016,,"< 8,000",228.0,47.7,130.9,18.9,20.2,3.1,7.1,1.5,1.0,0.7,0.3,0.5,1.3,0.6,387.5,15.5
2016,,"     < 4,000",82.9,17.4,48.5,7.0,8.9,1.4,3.6,0.7,0.5,0.4,[*7],[*7],0.7,0.4,144.6,5.8
2016,,"     4,000 - 5,999",99.4,20.8,36.1,5.2,4.1,0.6,0.8,0.2,[*7],[*7],[*7],[*7],[*7],[*7],140.5,5.6
2016,,"     6,000 - 7,999",45.7,9.6,46.3,6.7,7.2,1.1,2.7,0.6,0.4,0.3,[*7],[*7],0.4,0.2,102.4,4.1
2016,,"8,000 - 9,999",39.1,8.2,49.5,7.2,18.0,2.8,6.4,1.3,1.3,0.9,0.4,0.7,1.7,0.9,114.7,4.6
2016,,"10,000 - 14,999",59.7,12.5,99.1,14.3,57.2,8.9,27.9,5.7,6.7,4.8,1.8,3.3,8.5,4.4,252.5,10.1
2016,,"15,000 - 19,999",34.0,7.1,74.9,10.8,78.7,12.2,38.4,7.9,11.4,8.2,3.9,6.9,15.3,7.8,241.2,9.7
2016,,"20,000 - 24,999",26.4,5.5,62.5,9.0,75.5,11.7,46.3,9.5,13.3,9.5,4.1,7.2,17.3,8.9,228.0,9.1
2016,,"25,000 - 29,999",14.3,3.0,40.5,5.8,66.8,10.4,47.4,9.8,13.2,9.5,5.1,9.0,18.3,9.4,187.4,7.5
2016,,"30,000 - 34,999",13.2,2.8,39.1,5.6,60.1,9.3,47.5,9.8,12.7,9.2,5.7,10.2,18.5,9.5,178.5,7.2
2016,,"35,000 - 39,999",9.1,1.9,26.1,3.8,46.5,7.2,40.2,8.3,12.6,9.1,5.1,9.0,17.7,9.1,139.7,5.6
2016,,"40,000 - 44,999",8.1,1.7,26.6,3.8,37.1,5.8,33.4,6.9,11.3,8.1,4.9,8.8,16.2,8.3,121.4,4.9
2016,,"45,000 - 49,999",7.4,1.6,16.5,2.4,27.3,4.2,26.2,5.4,8.3,6.0,3.6,6.4,11.9,6.1,89.2,3.6
2016,,"50,000 - 59,999",11.7,2.4,29.6,4.3,42.7,6.6,46.8,9.6,13.9,10.0,6.8,12.0,20.7,10.6,151.5,6.1
2016,,"60,000 - 79,999",10.0,2.1,39.8,5.7,48.0,7.5,49.8,10.2,14.7,10.6,8.0,14.3,22.7,11.6,170.3,6.8
2016,,"≥ 80,000",16.9,3.5,57.5,8.3,65.9,10.2,68.5,14.1,18.5,13.3,6.7,11.9,25.1,12.9,234.0,9.4
2016,,"     80,000 - 99,999",6.2,1.3,21.0,3.0,25.4,3.9,25.1,5.2,7.0,5.0,3.3,5.9,10.3,5.3,88.0,3.5
2016,,"     ≥ 100,000",10.7,2.2,36.5,5.3,40.6,6.3,43.5,8.9,11.5,8.3,3.3,5.9,14.8,7.6,146.0,5.9
2016,,Total,478.0,100.0,692.8,100.0,644.2,100.0,486.0,100.0,138.8,100.0,56.3,100.0,195.1,100.0,2496.0,100.0
2017,,"< 8,000",220.9,45.9,124.3,17.4,19.0,2.9,5.9,1.2,1.0,0.7,0.3,0.5,1.3,0.7,371.4,14.7
2017,,"     < 4,000",83.8,17.4,50.8,7.1,8.3,1.2,2.7,0.6,0.6,0.4,[*7],[*7],0.7,0.4,146.4,5.8
2017,,"     4,000 - 5,999",92.7,19.3,34.9,4.9,4.1,0.6,1.3,0.3,[*7],[*7],[*7],[*7],[*7],[*7],133.2,5.3
2017,,"     6,000 - 7,999",44.4,9.2,38.6,5.4,6.6,1.0,1.9,0.4,0.3,0.2,[*7],[*7],0.3,0.2,91.9,3.6
2017,,"8,000 - 9,999",37.2,7.7,46.1,6.5,16.9,2.5,4.1,0.8,0.6,0.4,0.3,0.6,0.9,0.5,105.0,4.2
2017,,"10,000 - 14,999",63.3,13.2,98.7,13.8,54.5,8.2,24.4,5.0,5.1,3.7,1.3,2.5,6.4,3.4,247.3,9.8
2017,,"15,000 - 19,999",37.9,7.9,81.9,11.5,73.5,11.1,36.6,7.6,10.0,7.3,2.0,4.0,12.0,6.5,242.0,9.6
2017,,"20,000 - 24,999",28.1,5.8,63.1,8.8,77.4,11.6,41.9,8.7,11.1,8.2,3.2,6.4,14.3,7.7,224.8,8.9
2017,,"25,000 - 29,999",15.1,3.1,45.5,6.4,68.7,10.3,43.3,9.0,11.2,8.3,4.1,8.1,15.3,8.2,188.0,7.4
2017,,"30,000 - 34,999",14.0,2.9,42.1,5.9,65.5,9.8,44.6,9.2,13.1,9.6,4.6,9.1,17.7,9.5,183.8,7.3
2017,,"35,000 - 39,999",7.8,1.6,28.2,3.9,48.4,7.3,38.2,7.9,10.8,7.9,4.3,8.5,15.0,8.1,137.6,5.4
2017,,"40,000 - 44,999",8.8,1.8,26.7,3.7,41.1,6.2,36.0,7.4,11.1,8.1,4.1,8.1,15.1,8.1,127.8,5.1
2017,,"45,000 - 49,999",6.9,1.4,18.6,2.6,30.6,4.6,28.3,5.8,8.4,6.2,4.6,9.1,13.0,7.0,97.4,3.9
2017,,"50,000 - 59,999",12.2,2.5,32.5,4.6,44.5,6.7,46.4,9.6,15.0,11.0,6.2,12.4,21.2,11.4,156.8,6.2
2017,,"60,000 - 79,999",11.8,2.5,42.4,5.9,52.3,7.9,56.3,11.6,18.6,13.6,7.2,14.3,25.8,13.8,188.5,7.5
2017,,"≥ 80,000",17.1,3.5,63.9,9.0,72.1,10.8,77.8,16.1,20.2,14.8,8.2,16.4,28.4,15.3,259.3,10.3
2017,,"     80,000 - 99,999",5.8,1.2,23.4,3.3,28.2,4.2,26.5,5.5,8.3,6.1,3.6,7.2,11.9,6.4,95.9,3.8
2017,,"     ≥ 100,000",11.2,2.3,40.5,5.7,43.8,6.6,51.3,10.6,12.0,8.8,4.6,9.1,16.5,8.9,163.4,6.5
2017,,Total,481.0,100.0,713.8,100.0,664.6,100.0,483.8,100.0,136.3,100.0,50.3,100.0,186.5,100.0,2529.7,100.0
2018,,"< 8,000",221.3,44.1,120.9,16.6,16.5,2.5,5.5,1.1,1.0,0.7,0.4,0.7,1.4,0.7,365.6,14.3
2018,,"     < 4,000",91.3,18.2,53.3,7.3,7.8,1.2,2.5,0.5,0.3,0.2,[*7],[*7],0.6,0.3,155.5,6.1
2018,,"     4,000 - 5,999",86.3,17.2,29.1,4.0,3.3,0.5,1.2,0.3,0.4,0.3,[*7],[*7],0.4,0.2,120.3,4.7
2018,,"     6,000 - 7,999",43.7,8.7,38.4,5.3,5.4,0.8,1.7,0.4,0.3,0.2,[*7],[*7],0.5,0.2,89.8,3.5
2018,,"8,000 - 9,999",33.8,6.7,45.4,6.2,12.9,2.0,3.7,0.8,0.5,0.4,0.4,0.7,0.9,0.5,96.7,3.8
2018,,"10,000 - 14,999",72.4,14.4,90.1,12.4,47.2,7.1,18.0,3.7,3.6,2.7,1.0,1.8,4.6,2.4,232.3,9.1
2018,,"15,000 - 19,999",39.1,7.8,83.7,11.5,66.9,10.1,29.4,6.1,8.3,6.2,2.7,4.9,11.0,5.8,230.2,9.0
2018,,"20,000 - 24,999",29.0,5.8,68.6,9.4,70.4,10.7,40.5,8.4,11.0,8.2,4.1,7.5,15.1,8.0,223.6,8.7
2018,,"25,000 - 29,999",16.5,3.3,47.8,6.6,64.5,9.8,38.0,7.9,10.4,7.7,4.3,7.8,14.7,7.8,181.5,7.1
2018,,"30,000 - 34,999",17.3,3.4,43.0,5.9,64.9,9.8,43.1,9.0,11.3,8.4,4.2,7.6,15.5,8.2,183.8,7.2
2018,,"35,000 - 39,999",10.0,2.0,31.0,4.3,51.7,7.8,39.3,8.2,11.5,8.6,5.0,9.1,16.6,8.7,148.6,5.8
2018,,"40,000 - 44,999",9.9,2.0,29.4,4.0,43.8,6.6,36.6,7.6,10.2,7.6,4.6,8.4,14.8,7.8,134.5,5.2
2018,,"45,000 - 49,999",7.4,1.5,20.5,2.8,34.0,5.1,30.1,6.2,9.6,7.2,3.6,6.4,13.2,7.0,105.1,4.1
2018,,"50,000 - 59,999",13.0,2.6,36.1,5.0,49.2,7.4,51.5,10.7,16.0,11.9,6.8,12.4,22.8,12.0,172.6,6.7
2018,,"60,000 - 79,999",13.5,2.7,44.8,6.2,58.8,8.9,61.2,12.7,18.4,13.7,8.0,14.4,26.4,13.9,204.7,8.0
2018,,"≥ 80,000",19.0,3.8,66.5,9.1,80.3,12.1,84.2,17.5,22.6,16.8,10.1,18.3,32.7,17.2,282.6,11.0
2018,,"     80,000 - 99,999",6.8,1.4,24.2,3.3,30.0,4.5,30.3,6.3,8.7,6.4,3.9,7.0,12.6,6.6,104.0,4.1
2018,,"     ≥ 100,000",12.1,2.4,42.2,5.8,50.3,7.6,53.9,11.2,13.9,10.3,6.2,11.3,20.2,10.6,178.7,7.0
2018,,Total,502.1,100.0,727.7,100.0,661.3,100.0,480.9,100.0,134.6,100.0,55.3,100.0,189.9,100.0,2561.9,100.0
2019,,"< 8,000",219.0,42.6,126.3,16.7,18.9,2.8,6.0,1.2,1.3,1.0,0.3,0.5,1.6,0.9,371.8,14.3
2019,,"     < 4,000",100.3,19.5,56.8,7.5,9.6,1.4,3.2,0.7,0.7,0.6,[*7],[*7],0.9,0.5,170.7,6.6
2019,,"     4,000 - 5,999",75.3,14.7,21.5,2.8,3.1,0.5,1.0,0.2,[*7],[*7],[*7],[*7],0.3,0.2,101.2,3.9
2019,,"     6,000 - 7,999",43.4,8.4,48.1,6.3,6.3,0.9,1.7,0.4,0.4,0.3,[*7],[*7],0.4,0.2,99.9,3.8
2019,,"8,000 - 9,999",37.5,7.3,49.4,6.5,11.1,1.7,2.8,0.6,0.8,0.6,[*7],[*7],0.9,0.5,101.7,3.9
2019,,"10,000 - 14,999",60.7,11.8,91.8,12.1,44.3,6.6,18.2,3.8,3.6,2.8,1.3,2.4,4.9,2.7,219.9,8.4
2019,,"15,000 - 19,999",42.0,8.2,88.6,11.7,63.3,9.5,31.4,6.6,7.4,5.6,2.2,4.1,9.5,5.2,235.0,9.0
2019,,"20,000 - 24,999",30.6,6.0,68.1,9.0,72.6,10.8,36.7,7.6,10.8,8.2,3.5,6.6,14.3,7.7,222.3,8.5
2019,,"25,000 - 29,999",19.6,3.8,50.0,6.6,63.1,9.4,36.8,7.7,9.1,6.9,3.8,7.2,12.9,7.0,182.4,7.0
2019,,"30,000 - 34,999",17.5,3.4,45.3,6.0,64.9,9.7,41.8,8.7,10.9,8.3,4.1,7.6,15.0,8.1,184.5,7.1
2019,,"35,000 - 39,999",11.4,2.2,31.9,4.2,50.2,7.5,35.5,7.4,9.1,6.9,4.4,8.3,13.5,7.3,142.5,5.5
2019,,"40,000 - 44,999",11.6,2.3,30.1,4.0,47.6,7.1,35.4,7.4,10.4,7.9,4.3,8.1,14.7,7.9,139.5,5.4
2019,,"45,000 - 49,999",7.8,1.5,19.7,2.6,34.0,5.1,29.5,6.1,9.7,7.3,3.8,7.2,13.5,7.3,104.5,4.0
2019,,"50,000 - 59,999",14.9,2.9,38.5,5.1,53.0,7.9,49.1,10.2,15.2,11.5,7.1,13.3,22.3,12.0,177.8,6.8
2019,,"60,000 - 79,999",17.0,3.3,43.9,5.8,59.2,8.8,62.8,13.1,18.8,14.2,8.5,16.0,27.3,14.7,210.3,8.1
2019,,"≥ 80,000",24.1,4.7,74.5,9.8,86.9,13.0,93.5,19.5,25.0,18.9,9.8,18.5,34.8,18.8,313.7,12.0
2019,,"     80,000 - 99,999",8.0,1.6,27.7,3.6,32.0,4.8,31.8,6.6,9.3,7.0,4.1,7.7,13.3,7.2,112.9,4.3
2019,,"     ≥ 100,000",16.1,3.1,46.8,6.2,54.8,8.2,61.7,12.9,15.7,11.9,5.7,10.8,21.5,11.6,200.9,7.7
2019,,Total,513.7,100.0,758.3,100.0,669.3,100.0,479.5,100.0,132.1,100.0,53.2,100.0,185.3,100.0,2605.9,100.0
2020,,"< 8,000",224.0,42.2,144.5,18.7,29.6,4.4,11.7,2.4,2.4,1.9,1.0,1.8,3.4,1.8,413.1,15.7
2020,,"     < 4,000",107.6,20.3,66.6,8.6,14.6,2.2,6.2,1.3,1.5,1.2,0.7,1.2,2.2,1.2,197.1,7.5
2020,,"     4,000 - 5,999",66.8,12.6,24.6,3.2,5.7,0.9,2.1,0.4,[*7],[*7],[*7],[*7],0.3,0.1,99.5,3.8
2020,,"     6,000 - 7,999",49.6,9.4,53.3,6.9,9.2,1.4,3.5,0.7,0.8,0.6,[*7],[*7],0.9,0.5,116.5,4.4
2020,,"8,000 - 9,999",39.7,7.5,47.9,6.2,16.5,2.5,5.7,1.2,1.5,1.1,0.3,0.6,1.8,1.0,111.6,4.2
2020,,"10,000 - 14,999",59.1,11.1,92.8,12.0,49.4,7.4,22.7,4.7,5.1,3.9,1.3,2.5,6.4,3.5,230.3,8.7
2020,,"15,000 - 19,999",44.5,8.4,89.6,11.6,64.1,9.6,33.2,6.8,9.3,7.2,3.2,6.2,12.6,6.9,244.0,9.2
2020,,"20,000 - 24,999",32.8,6.2,67.9,8.8,72.1,10.8,38.6,7.9,11.2,8.6,4.4,8.4,15.6,8.5,226.9,8.6
2020,,"25,000 - 29,999",17.2,3.2,48.7,6.3,61.6,9.2,35.3,7.3,10.3,8.0,3.6,6.9,14.0,7.6,176.8,6.7
2020,,"30,000 - 34,999",18.4,3.5,42.6,5.5,60.6,9.1,40.3,8.3,10.1,7.8,4.0,7.7,14.1,7.7,176.0,6.7
2020,,"35,000 - 39,999",12.6,2.4,29.7,3.8,48.6,7.3,34.1,7.0,9.6,7.4,3.3,6.3,12.9,7.1,137.9,5.2
2020,,"40,000 - 44,999",13.4,2.5,29.4,3.8,40.4,6.1,36.1,7.4,8.7,6.7,3.5,6.7,12.2,6.7,131.4,5.0
2020,,"45,000 - 49,999",8.1,1.5,19.9,2.6,31.6,4.7,27.4,5.6,8.8,6.7,3.4,6.5,12.2,6.7,99.2,3.8
2020,,"50,000 - 59,999",16.6,3.1,34.3,4.4,50.0,7.5,47.6,9.8,13.0,10.0,5.6,10.6,18.5,10.2,167.0,6.3
2020,,"60,000 - 79,999",18.1,3.4,46.9,6.1,56.7,8.5,58.6,12.0,15.4,11.8,9.6,18.3,25.0,13.7,205.3,7.8
2020,,"≥ 80,000",26.4,5.0,76.6,9.9,86.0,12.9,95.7,19.6,24.6,18.9,9.3,17.7,33.9,18.6,318.6,12.1
2020,,"     80,000 - 99,999",9.2,1.7,28.0,3.6,30.7,4.6,33.6,6.9,7.7,5.9,3.8,7.2,11.5,6.3,113.0,4.3
2020,,"     ≥ 100,000",17.1,3.2,48.6,6.3,55.4,8.3,62.0,12.7,16.9,13.0,5.6,10.6,22.4,12.3,205.6,7.8
2020,,Total,530.8,100.0,770.7,100.0,667.2,100.0,486.9,100.0,130.0,100.0,52.7,100.0,182.6,100.0,2638.2,100.0
2021,,"< 8,000",247.5,44.2,152.4,19.0,28.2,4.2,9.1,1.9,1.6,1.4,0.6,1.2,2.1,1.3,439.3,16.5
2021,,"     < 4,000",123.9,22.1,75.8,9.5,15.4,2.3,4.9,1.0,1.0,0.9,0.3,0.7,1.4,0.8,221.2,8.3
2021,,"     4,000 - 5,999",75.4,13.5,24.7,3.1,5.1,0.8,1.4,0.3,[*7],[*7],[*7],[*7],0.4,0.2,107.0,4.0
2021,,"     6,000 - 7,999",48.3,8.6,51.9,6.5,7.7,1.1,2.8,0.6,0.3,0.3,[*7],[*7],0.4,0.2,111.1,4.2
2021,,"8,000 - 9,999",39.9,7.1,49.7,6.2,13.5,2.0,4.7,1.0,0.8,0.7,[*7],[*7],1.1,0.7,108.8,4.1
2021,,"10,000 - 14,999",60.6,10.8,93.1,11.6,46.8,7.0,19.5,4.1,3.0,2.7,1.1,2.3,4.2,2.6,224.1,8.4
2021,,"15,000 - 19,999",46.0,8.2,87.9,11.0,61.4,9.2,30.1,6.4,7.4,6.5,2.1,4.3,9.5,5.8,234.9,8.8
2021,,"20,000 - 24,999",35.8,6.4,75.2,9.4,71.8,10.7,37.9,8.0,10.4,9.1,3.5,7.1,13.9,8.5,234.6,8.8
2021,,"25,000 - 29,999",19.1,3.4,52.5,6.6,60.7,9.1,36.1,7.6,7.9,6.9,4.1,8.3,11.9,7.3,180.4,6.8
2021,,"30,000 - 34,999",21.2,3.8,47.5,5.9,61.1,9.1,37.2,7.9,9.7,8.5,3.2,6.5,12.8,7.9,179.8,6.7
2021,,"35,000 - 39,999",11.9,2.1,32.2,4.0,47.3,7.1,32.9,7.0,7.9,6.9,3.8,7.9,11.7,7.2,136.1,5.1
2021,,"40,000 - 44,999",12.9,2.3,30.0,3.7,44.0,6.6,35.1,7.4,7.6,6.7,3.8,7.9,11.5,7.1,133.5,5.0
2021,,"45,000 - 49,999",7.0,1.3,21.1,2.6,33.8,5.0,28.3,6.0,6.2,5.4,3.5,7.2,9.7,5.9,99.9,3.7
2021,,"50,000 - 59,999",14.4,2.6,38.3,4.8,51.4,7.7,48.5,10.3,12.2,10.7,6.3,12.9,18.5,11.4,171.2,6.4
2021,,"60,000 - 79,999",20.1,3.6,44.9,5.6,60.3,9.0,59.9,12.7,15.6,13.7,6.9,14.1,22.5,13.8,207.7,7.8
2021,,"≥ 80,000",23.9,4.3,76.0,9.5,89.8,13.4,93.1,19.7,23.8,20.9,9.5,19.6,33.4,20.5,316.2,11.9
2021,,"     80,000 - 99,999",8.1,1.5,26.6,3.3,32.9,4.9,31.9,6.8,8.8,7.7,3.5,7.3,12.4,7.6,111.9,4.2
2021,,"     ≥ 100,000",15.7,2.8,49.4,6.2,56.9,8.5,61.2,13.0,15.0,13.2,6.0,12.4,21.0,12.9,204.3,7.7
2021,,Total,560.4,100.0,800.9,100.0,670.1,100.0,472.3,100.0,114.2,100.0,48.6,100.0,162.8,100.0,2666.4,100.0
2022,,"< 8,000",251.1,43.4,151.0,18.4,30.4,4.5,8.7,2.0,2.1,1.9,0.5,1.1,2.5,1.6,443.7,16.6
2022,,"     < 4,000",125.7,21.7,76.5,9.3,16.3,2.4,5.3,1.2,1.4,1.2,[*7],[*7],1.6,1.0,225.4,8.4
2022,,"     4,000 - 5,999",73.7,12.7,23.9,2.9,6.5,1.0,1.4,0.3,0.3,0.2,[*7],[*7],0.3,0.2,105.7,4.0
2022,,"     6,000 - 7,999",51.7,8.9,50.6,6.2,7.6,1.1,2.0,0.5,0.4,0.4,[*7],[*7],0.7,0.4,112.6,4.2
2022,,"8,000 - 9,999",37.4,6.5,49.9,6.1,15.0,2.2,4.9,1.1,1.0,0.9,0.4,0.9,1.3,0.9,108.5,4.1
2022,,"10,000 - 14,999",61.6,10.6,92.7,11.3,39.8,5.9,13.6,3.1,2.5,2.3,0.7,1.5,3.2,2.1,210.8,7.9
2022,,"15,000 - 19,999",47.8,8.3,93.0,11.3,57.5,8.5,24.8,5.6,5.9,5.3,2.1,4.5,7.9,5.1,231.0,8.7
2022,,"20,000 - 24,999",36.3,6.3,71.1,8.7,65.4,9.7,33.5,7.6,8.9,8.0,2.6,5.7,11.5,7.3,217.7,8.2
2022,,"25,000 - 29,999",22.3,3.9,51.4,6.3,59.1,8.8,32.1,7.3,9.1,8.3,3.2,7.0,12.3,7.9,177.3,6.6
2022,,"30,000 - 34,999",21.4,3.7,50.4,6.2,62.3,9.3,36.3,8.2,8.1,7.3,3.4,7.5,11.5,7.4,181.9,6.8
2022,,"35,000 - 39,999",12.6,2.2,32.8,4.0,49.8,7.4,30.1,6.8,7.8,7.1,3.7,8.2,11.5,7.4,136.9,5.1
2022,,"40,000 - 44,999",14.8,2.5,33.9,4.1,47.2,7.0,33.4,7.5,7.7,6.9,3.7,8.1,11.3,7.3,140.5,5.3
2022,,"45,000 - 49,999",8.3,1.4,22.3,2.7,34.6,5.1,24.2,5.5,8.1,7.4,3.0,6.5,11.1,7.1,100.6,3.8
2022,,"50,000 - 59,999",17.4,3.0,38.9,4.7,56.7,8.4,47.2,10.7,13.1,11.9,5.5,12.2,18.6,12.0,178.8,6.7
2022,,"60,000 - 79,999",19.6,3.4,49.1,6.0,62.3,9.3,61.0,13.8,15.4,13.9,6.8,15.1,22.2,14.2,214.2,8.0
2022,,"≥ 80,000",28.0,4.8,83.0,10.1,92.3,13.7,93.1,21.0,21.0,19.0,9.8,21.7,30.9,19.8,327.3,12.3
2022,,"     80,000 - 99,999",9.7,1.7,30.3,3.7,32.4,4.8,31.5,7.1,8.2,7.4,3.2,7.0,11.4,7.3,115.2,4.3
2022,,"     ≥ 100,000",18.4,3.2,52.7,6.4,59.9,8.9,61.6,13.9,12.8,11.6,6.7,14.7,19.5,12.5,212.0,7.9
2022,,Total,578.6,100.0,819.5,100.0,672.3,100.0,442.9,100.0,110.7,100.0,45.3,100.0,156.0,100.0,2669.2,100.0
2023,,"< 8,000",246.4,42.8,127.3,15.2,24.2,3.6,6.3,1.4,1.7,1.4,0.3,0.6,2.0,1.2,406.2,15.1
2023,,"     < 4,000",91.4,15.9,70.0,8.4,13.2,2.0,3.8,0.9,0.6,0.6,[*7],[*7],0.8,0.5,179.3,6.6
2023,,"     4,000 - 5,999",97.5,16.9,26.6,3.2,5.3,0.8,1.3,0.3,0.6,0.5,[*7],[*7],0.6,0.4,131.3,4.9
2023,,"     6,000 - 7,999",57.6,10.0,30.7,3.7,5.7,0.9,1.2,0.3,0.4,0.4,[*7],[*7],0.5,0.3,95.7,3.5
2023,,"8,000 - 9,999",35.5,6.2,69.4,8.3,13.9,2.1,3.8,0.9,0.6,0.5,0.3,0.6,0.9,0.6,123.5,4.6
2023,,"10,000 - 14,999",60.9,10.6,87.0,10.4,33.7,5.0,10.3,2.3,2.5,2.1,0.3,0.7,2.8,1.7,194.8,7.2
2023,,"15,000 - 19,999",49.4,8.6,90.9,10.9,51.5,7.6,23.1,5.2,7.1,6.1,1.2,2.6,8.3,5.1,223.2,8.3
2023,,"20,000 - 24,999",39.5,6.9,80.6,9.6,63.4,9.4,31.2,7.0,8.4,7.2,2.5,5.3,10.9,6.7,225.5,8.4
2023,,"25,000 - 29,999",23.8,4.1,52.7,6.3,58.7,8.7,30.8,6.9,8.3,7.2,2.8,6.0,11.2,6.9,177.2,6.6
2023,,"30,000 - 34,999",21.9,3.8,50.8,6.1,61.6,9.1,33.2,7.4,8.1,7.0,3.7,7.8,11.8,7.2,179.4,6.6
2023,,"35,000 - 39,999",13.7,2.4,37.1,4.4,52.1,7.7,29.5,6.6,8.4,7.2,3.4,7.2,11.8,7.2,144.2,5.3
2023,,"40,000 - 44,999",14.1,2.5,33.1,4.0,47.4,7.0,31.1,7.0,7.1,6.1,3.3,7.0,10.4,6.4,136.1,5.0
2023,,"45,000 - 49,999",9.2,1.6,25.2,3.0,39.7,5.9,28.5,6.4,7.6,6.6,3.2,6.7,10.8,6.6,113.3,4.2
2023,,"50,000 - 59,999",14.9,2.6,42.5,5.1,59.8,8.9,49.1,11.0,12.7,11.0,5.3,11.2,18.1,11.1,184.4,6.8
2023,,"60,000 - 79,999",20.5,3.6,53.3,6.4,66.5,9.8,63.3,14.2,18.0,15.6,8.4,17.8,26.5,16.2,230.0,8.5
2023,,"≥ 80,000",25.2,4.4,87.1,10.4,103.1,15.3,106.3,23.8,25.2,21.8,12.6,26.5,37.8,23.2,359.6,13.3
2023,,"     80,000 - 99,999",9.2,1.6,30.9,3.7,36.7,5.4,35.1,7.9,8.5,7.3,5.0,10.4,13.5,8.2,125.3,4.6
2023,,"     ≥ 100,000",16.0,2.8,56.3,6.7,66.4,9.8,71.2,15.9,16.7,14.4,7.6,16.1,24.4,14.9,234.3,8.7
2023,,Total,575.0,100.0,837.1,100.0,675.6,100.0,446.5,100.0,115.7,100.0,47.6,100.0,163.2,100.0,2697.4,100.0
2024,,"< 8,000",266.2,42.0,127.3,14.6,22.2,3.3,7.0,1.6,1.1,1.1,[*7],[*7],1.3,0.9,424.0,15.4
2024,,"     < 4,000",98.1,15.5,74.3,8.5,12.3,1.8,4.0,0.9,0.5,0.5,[*7],[*7],0.7,0.5,189.4,6.9
2024,,"     4,000 - 5,999",103.2,16.3,29.4,3.4,4.8,0.7,1.6,0.4,0.3,0.3,[*7],[*7],0.3,0.2,139.4,5.0
2024,,"     6,000 - 7,999",64.8,10.2,23.5,2.7,5.1,0.8,1.4,0.3,0.3,0.3,[*7],[*7],0.3,0.2,95.2,3.4
2024,,"8,000 - 9,999",43.1,6.8,80.2,9.2,15.6,2.3,4.1,0.9,0.9,0.9,0.3,0.7,1.2,0.9,144.2,5.2
2024,,"10,000 - 14,999",62.2,9.8,87.0,10.0,30.4,4.5,9.9,2.3,1.3,1.3,0.4,0.9,1.7,1.2,191.2,6.9
2024,,"15,000 - 19,999",53.6,8.5,89.6,10.3,49.0,7.3,20.3,4.7,3.8,3.7,1.2,3.0,5.0,3.5,217.5,7.9
2024,,"20,000 - 24,999",42.3,6.7,85.7,9.8,63.1,9.3,29.2,6.7,6.8,6.6,2.1,5.3,8.9,6.2,229.2,8.3
2024,,"25,000 - 29,999",26.8,4.2,55.8,6.4,56.3,8.3,27.3,6.3,7.6,7.4,3.0,7.4,10.6,7.4,176.8,6.4
2024,,"30,000 - 34,999",26.0,4.1,54.2,6.2,57.2,8.5,32.9,7.6,8.1,7.8,2.5,6.3,10.6,7.4,181.0,6.6
2024,,"35,000 - 39,999",14.9,2.3,38.6,4.4,50.2,7.4,26.3,6.1,7.4,7.2,3.3,8.3,10.7,7.5,140.6,5.1
2024,,"40,000 - 44,999",15.6,2.5,36.0,4.1,49.2,7.3,29.7,6.9,7.7,7.5,2.8,7.0,10.6,7.4,141.1,5.1
2024,,"45,000 - 49,999",8.9,1.4,24.6,2.8,38.0,5.6,25.3,5.8,6.2,6.0,3.0,7.5,9.2,6.5,106.0,3.8
2024,,"50,000 - 59,999",20.2,3.2,44.2,5.1,60.0,8.9,46.0,10.6,11.6,11.2,5.0,12.4,16.6,11.6,187.0,6.8
2024,,"60,000 - 79,999",23.6,3.7,58.2,6.7,75.8,11.2,64.9,15.0,16.1,15.6,5.6,13.9,21.6,15.1,244.1,8.8
2024,,"≥ 80,000",30.6,4.8,92.4,10.6,108.5,16.1,110.3,25.5,24.5,23.7,10.7,26.7,35.2,24.6,377.0,13.7
2024,,"     80,000 - 99,999",11.9,1.9,32.4,3.7,38.4,5.7,38.2,8.8,9.5,9.2,4.6,11.5,14.1,9.8,135.0,4.9
2024,,"     ≥ 100,000",18.7,3.0,60.0,6.9,70.1,10.4,72.1,16.6,15.0,14.6,6.1,15.2,21.1,14.7,242.0,8.8
2024,,Total,634.0,100.0,873.9,100.0,675.6,100.0,433.0,100.0,103.2,100.0,40.2,100.0,143.3,100.0,2759.7,100.0
1993,Q1,"< 8,000",139.3,62.9,98.5,31.6,61.0,18.1,56.6,13.8,25.5,11.1,9.6,6.3,35.2,9.2,390.5,23.5
1993,Q1,"     < 4,000",66.4,30.0,26.6,8.5,8.5,2.5,1.2,0.3,1.0,0.4,[*7],[*7],1.0,0.3,103.6,6.2
1993,Q1,"     4,000 - 5,999",36.3,16.4,35.2,11.3,14.6,4.3,9.6,2.3,5.4,2.4,1.8,1.1,7.1,1.9,102.9,6.2
1993,Q1,"     6,000 - 7,999",36.6,16.5,36.8,11.8,37.9,11.3,45.8,11.2,19.1,8.3,7.9,5.1,27.0,7.1,184.1,11.1
1993,Q1,"8,000 - 9,999",19.3,8.7,27.6,8.8,37.3,11.1,49.4,12.1,25.1,10.9,11.2,7.3,36.3,9.5,169.9,10.2
1993,Q1,"10,000 - 14,999",23.8,10.7,59.7,19.1,83.0,24.7,101.5,24.7,50.2,21.9,24.8,16.2,75.0,19.6,343.0,20.6
1993,Q1,"15,000 - 19,999",14.7,6.7,40.4,13.0,53.2,15.8,66.7,16.3,44.5,19.4,24.2,15.8,68.7,18.0,243.8,14.7
1993,Q1,"20,000 - 24,999",8.2,3.7,23.5,7.5,34.1,10.1,43.2,10.5,25.5,11.1,25.2,16.5,50.8,13.3,159.7,9.6
1993,Q1,"25,000 - 29,999",2.8,1.3,15.8,5.1,14.7,4.4,23.6,5.8,16.9,7.4,18.5,12.1,35.5,9.3,92.4,5.6
1993,Q1,"30,000 - 34,999",3.2,1.5,12.4,4.0,13.9,4.1,22.0,5.4,12.3,5.3,12.8,8.4,25.1,6.6,76.6,4.6
1993,Q1,"35,000 - 39,999",2.0,0.9,5.0,1.6,8.8,2.6,12.1,3.0,8.9,3.9,8.6,5.6,17.5,4.6,45.4,2.7
1993,Q1,"40,000 - 44,999",1.5,0.7,7.0,2.2,7.0,2.1,7.6,1.8,6.1,2.7,3.9,2.6,10.1,2.6,33.1,2.0
1993,Q1,"45,000 - 49,999",1.0,0.5,4.5,1.5,4.1,1.2,5.8,1.4,4.5,2.0,3.8,2.5,8.3,2.2,23.8,1.4
1993,Q1,"50,000 - 59,999",1.7,0.8,3.9,1.3,6.9,2.0,8.0,2.0,4.5,2.0,5.4,3.5,9.9,2.6,30.5,1.8
1993,Q1,"60,000 - 79,999",2.6,1.2,6.9,2.2,6.3,1.9,6.6,1.6,3.5,1.5,2.3,1.5,5.8,1.5,28.2,1.7
1993,Q1,"≥ 80,000",1.2,0.5,6.6,2.1,6.1,1.8,7.0,1.7,1.8,0.8,2.5,1.6,4.2,1.1,25.1,1.5
1993,Q1,"     80,000 - 99,999",[*7],[*7],3.2,1.0,2.3,0.7,2.9,0.7,1.2,0.5,1.3,0.9,2.5,0.6,11.2,0.7
1993,Q1,"     ≥ 100,000",0.9,0.4,3.4,1.1,3.8,1.1,4.1,1.0,0.6,0.3,1.2,0.8,1.8,0.5,13.8,0.8
1993,Q1,Total,221.3,100.0,311.6,100.0,336.4,100.0,410.2,100.0,229.3,100.0,153.0,100.0,382.4,100.0,1661.9,100.0
1993,Q2,"< 8,000",131.7,62.9,91.3,30.4,63.2,18.1,61.5,14.6,28.1,11.7,10.3,6.7,38.5,9.7,386.1,23.1
1993,Q2,"     < 4,000",59.3,28.3,27.7,9.2,5.4,1.5,3.0,0.7,0.9,0.4,[*7],[*7],1.2,0.3,96.5,5.8
1993,Q2,"     4,000 - 5,999",38.0,18.1,29.5,9.8,16.8,4.8,10.2,2.4,4.3,1.8,1.3,0.9,5.7,1.4,100.1,6.0
1993,Q2,"     6,000 - 7,999",34.4,16.4,34.1,11.4,41.0,11.8,48.3,11.5,22.9,9.5,8.7,5.7,31.6,8.0,189.5,11.3
1993,Q2,"8,000 - 9,999",21.6,10.3,32.3,10.8,45.9,13.2,58.2,13.8,31.3,12.9,9.9,6.4,41.2,10.4,199.2,11.9
1993,Q2,"10,000 - 14,999",21.4,10.2,66.6,22.2,91.0,26.1,117.8,28.0,54.0,22.4,29.9,19.5,83.9,21.2,380.7,22.7
1993,Q2,"15,000 - 19,999",10.8,5.1,39.2,13.1,55.4,15.9,68.2,16.2,46.4,19.2,30.1,19.6,76.5,19.4,250.0,14.9
1993,Q2,"20,000 - 24,999",8.7,4.1,23.0,7.7,32.2,9.2,44.5,10.6,34.3,14.2,21.7,14.1,56.0,14.2,164.3,9.8
1993,Q2,"25,000 - 29,999",3.3,1.6,12.1,4.0,18.6,5.3,22.1,5.3,18.1,7.5,17.2,11.2,35.3,8.9,91.4,5.5
1993,Q2,"30,000 - 34,999",4.2,2.0,9.3,3.1,12.7,3.6,13.0,3.1,12.4,5.1,13.9,9.1,26.3,6.7,65.5,3.9
1993,Q2,"35,000 - 39,999",1.0,0.5,6.1,2.0,4.9,1.4,6.9,1.6,5.1,2.1,6.4,4.2,11.5,2.9,30.5,1.8
1993,Q2,"40,000 - 44,999",0.8,0.4,3.6,1.2,6.0,1.7,7.8,1.9,3.4,1.4,4.8,3.1,8.2,2.1,26.3,1.6
1993,Q2,"45,000 - 49,999",1.5,0.7,2.4,0.8,3.1,0.9,3.3,0.8,1.5,0.6,3.4,2.2,4.9,1.3,15.3,0.9
1993,Q2,"50,000 - 59,999",2.5,1.2,5.2,1.7,5.8,1.7,6.4,1.5,2.4,1.0,3.0,2.0,5.4,1.4,25.5,1.5
1993,Q2,"60,000 - 79,999",1.0,0.5,5.1,1.7,4.8,1.4,6.3,1.5,2.4,1.0,1.8,1.2,4.2,1.1,21.4,1.3
1993,Q2,"≥ 80,000",1.0,0.5,3.9,1.3,5.1,1.5,4.5,1.1,2.1,0.9,1.0,0.7,3.1,0.8,17.7,1.1
1993,Q2,"     80,000 - 99,999",[*7],[*7],1.5,0.5,2.1,0.6,1.3,0.3,0.9,0.4,[*7],[*7],1.3,0.3,6.7,0.4
1993,Q2,"     ≥ 100,000",0.6,0.3,2.4,0.8,3.0,0.9,3.1,0.7,1.2,0.5,0.6,0.4,1.8,0.5,10.9,0.7
1993,Q2,Total,209.5,100.0,300.2,100.0,348.7,100.0,420.5,100.0,241.5,100.0,153.5,100.0,395.0,100.0,1673.9,100.0
1993,Q3,"< 8,000",129.7,58.5,89.7,30.1,61.1,17.1,48.5,12.1,25.0,10.2,9.0,6.1,34.0,8.6,362.9,21.7
1993,Q3,"     < 4,000",53.8,24.3,26.0,8.7,5.9,1.6,0.9,0.2,0.6,0.2,[*7],[*7],0.9,0.2,87.6,5.2
1993,Q3,"     4,000 - 5,999",37.9,17.1,27.1,9.1,15.0,4.2,7.4,1.8,3.8,1.5,1.5,1.0,5.3,1.3,92.7,5.5
1993,Q3,"     6,000 - 7,999",37.9,17.1,36.6,12.3,40.2,11.3,40.2,10.0,20.6,8.4,7.2,4.9,27.8,7.1,182.7,10.9
1993,Q3,"8,000 - 9,999",28.1,12.7,30.4,10.2,44.7,12.5,54.3,13.5,26.0,10.6,11.0,7.4,37.0,9.4,194.5,11.6
1993,Q3,"10,000 - 14,999",24.7,11.1,62.4,20.9,97.2,27.2,111.7,27.8,62.9,25.6,27.6,18.6,90.4,23.0,386.4,23.1
1993,Q3,"15,000 - 19,999",13.7,6.2,41.5,13.9,56.4,15.8,66.5,16.5,44.6,18.1,28.9,19.5,73.4,18.6,251.6,15.0
1993,Q3,"20,000 - 24,999",10.2,4.6,25.9,8.7,38.4,10.7,51.0,12.7,34.3,14.0,19.9,13.4,54.2,13.8,179.7,10.7
1993,Q3,"25,000 - 29,999",3.6,1.6,14.9,5.0,16.9,4.7,23.2,5.8,18.7,7.6,17.2,11.6,35.8,9.1,94.3,5.6
1993,Q3,"30,000 - 34,999",3.3,1.5,11.7,3.9,12.5,3.5,13.5,3.4,13.5,5.5,12.8,8.6,26.3,6.7,67.4,4.0
1993,Q3,"35,000 - 39,999",2.0,0.9,4.8,1.6,6.2,1.7,6.0,1.5,6.8,2.8,8.1,5.5,14.9,3.8,33.9,2.0
1993,Q3,"40,000 - 44,999",1.1,0.5,4.8,1.6,7.1,2.0,6.6,1.6,5.0,2.0,5.0,3.4,9.9,2.5,29.5,1.8
1993,Q3,"45,000 - 49,999",1.4,0.6,2.7,0.9,4.2,1.2,3.3,0.8,1.8,0.7,2.1,1.4,3.9,1.0,15.5,0.9
1993,Q3,"50,000 - 59,999",1.7,0.7,2.7,0.9,4.5,1.3,7.4,1.8,2.9,1.2,3.6,2.4,6.5,1.6,22.7,1.4
1993,Q3,"60,000 - 79,999",1.1,0.5,4.2,1.4,4.2,1.2,6.5,1.6,2.9,1.2,2.3,1.5,5.1,1.3,21.1,1.3
1993,Q3,"≥ 80,000",1.2,0.5,2.6,0.9,3.8,1.1,3.6,0.9,1.7,0.7,0.8,0.5,2.4,0.6,13.5,0.8
1993,Q3,"     80,000 - 99,999",0.8,0.3,0.9,0.3,1.7,0.5,1.8,0.4,0.9,0.4,[*7],[*7],1.2,0.3,6.3,0.4
1993,Q3,"     ≥ 100,000",[*7],[*7],1.7,0.6,2.1,0.6,1.8,0.4,0.8,0.3,[*7],[*7],1.2,0.3,7.2,0.4
1993,Q3,Total,221.6,100.0,298.4,100.0,357.0,100.0,402.0,100.0,245.9,100.0,148.1,100.0,393.9,100.0,1673.0,100.0
1993,Q4,"< 8,000",139.1,59.9,96.6,30.9,50.9,14.1,41.1,10.2,20.6,8.3,8.2,5.7,28.8,7.3,356.6,21.0
1993,Q4,"     < 4,000",60.6,26.1,28.2,9.0,5.5,1.5,1.4,0.3,0.6,0.2,[*7],[*7],0.9,0.2,96.6,5.7
1993,Q4,"     4,000 - 5,999",40.7,17.5,30.5,9.7,10.1,2.8,5.8,1.4,2.3,0.9,1.1,0.7,3.4,0.9,90.4,5.3
1993,Q4,"     6,000 - 7,999",37.8,16.3,37.9,12.1,35.3,9.8,34.0,8.4,17.7,7.1,6.9,4.7,24.5,6.3,169.6,10.0
1993,Q4,"8,000 - 9,999",27.3,11.7,32.9,10.5,50.9,14.1,53.3,13.2,32.6,13.2,11.6,8.0,44.2,11.3,208.6,12.3
1993,Q4,"10,000 - 14,999",25.0,10.8,61.7,19.7,94.0,26.1,108.0,26.7,57.7,23.3,25.1,17.3,82.9,21.1,371.6,21.8
1993,Q4,"15,000 - 19,999",15.5,6.7,39.6,12.7,62.5,17.4,70.7,17.5,45.1,18.2,26.8,18.5,71.9,18.3,260.3,15.3
1993,Q4,"20,000 - 24,999",11.1,4.8,28.8,9.2,38.1,10.6,48.2,11.9,35.0,14.2,23.0,15.9,58.1,14.8,184.2,10.8
1993,Q4,"25,000 - 29,999",3.2,1.4,12.5,4.0,14.5,4.0,23.5,5.8,21.9,8.9,18.0,12.4,39.9,10.2,93.6,5.5
1993,Q4,"30,000 - 34,999",3.0,1.3,10.5,3.4,13.1,3.6,20.0,4.9,12.5,5.0,13.7,9.5,26.2,6.7,72.8,4.3
1993,Q4,"35,000 - 39,999",1.7,0.7,5.8,1.9,9.1,2.5,9.1,2.3,8.5,3.4,8.4,5.8,16.9,4.3,42.7,2.5
1993,Q4,"40,000 - 44,999",1.7,0.7,6.1,1.9,6.9,1.9,7.8,1.9,4.4,1.8,4.1,2.8,8.5,2.2,30.9,1.8
1993,Q4,"45,000 - 49,999",0.9,0.4,3.0,1.0,3.8,1.1,4.6,1.1,1.8,0.7,2.4,1.7,4.3,1.1,16.6,1.0
1993,Q4,"50,000 - 59,999",1.1,0.5,5.5,1.8,5.3,1.5,7.0,1.7,2.4,1.0,2.0,1.4,4.4,1.1,23.3,1.4
1993,Q4,"60,000 - 79,999",1.4,0.6,4.6,1.5,6.1,1.7,5.5,1.4,2.1,0.9,0.9,0.6,3.0,0.8,20.6,1.2
1993,Q4,"≥ 80,000",1.2,0.5,4.9,1.6,4.7,1.3,5.9,1.5,2.6,1.0,0.8,0.5,3.3,0.9,20.1,1.2
1993,Q4,"     80,000 - 99,999",[*7],[*7],1.8,0.6,1.8,0.5,2.3,0.6,0.9,0.4,[*7],[*7],1.4,0.3,7.5,0.4
1993,Q4,"     ≥ 100,000",1.1,0.5,3.0,1.0,2.9,0.8,3.7,0.9,1.7,0.7,[*7],[*7],2.0,0.5,12.6,0.7
1993,Q4,Total,232.2,100.0,312.5,100.0,359.9,100.0,404.7,100.0,247.4,100.0,145.1,100.0,392.5,100.0,1701.9,100.0
1994,Q1,"< 8,000",129.8,56.7,86.1,26.9,43.9,12.6,39.7,9.3,16.5,7.1,6.1,3.9,22.6,5.8,322.0,18.8
1994,Q1,"     < 4,000",63.0,27.5,28.0,8.7,4.9,1.4,1.0,0.2,[*7],[*7],[*7],[*7],0.6,0.2,97.5,5.7
1994,Q1,"     4,000 - 5,999",31.7,13.8,26.6,8.3,11.4,3.3,9.8,2.3,2.2,1.0,0.9,0.6,3.1,0.8,82.7,4.8
1994,Q1,"     6,000 - 7,999",35.1,15.3,31.5,9.9,27.5,7.9,28.8,6.8,14.1,6.0,4.8,3.0,18.9,4.8,141.9,8.3
1994,Q1,"8,000 - 9,999",23.1,10.1,33.2,10.4,39.2,11.3,47.1,11.1,26.9,11.5,9.1,5.8,36.0,9.2,178.6,10.4
1994,Q1,"10,000 - 14,999",29.1,12.7,54.1,16.9,81.2,23.4,100.5,23.6,48.6,20.8,26.0,16.6,74.6,19.1,339.6,19.8
1994,Q1,"15,000 - 19,999",13.8,6.0,40.4,12.6,55.6,16.0,72.1,16.9,39.1,16.7,20.2,12.9,59.3,15.2,241.3,14.1
1994,Q1,"20,000 - 24,999",11.0,4.8,28.0,8.7,37.8,10.9,53.4,12.5,30.6,13.1,25.3,16.2,55.9,14.3,186.0,10.9
1994,Q1,"25,000 - 29,999",4.2,1.8,18.4,5.8,22.3,6.4,25.6,6.0,21.7,9.3,19.6,12.6,41.3,10.6,111.8,6.5
1994,Q1,"30,000 - 34,999",4.6,2.0,12.5,3.9,18.4,5.3,25.1,5.9,15.0,6.4,16.2,10.4,31.2,8.0,91.9,5.4
1994,Q1,"35,000 - 39,999",3.1,1.4,8.2,2.6,12.0,3.5,14.9,3.5,10.7,4.6,8.9,5.7,19.6,5.0,57.8,3.4
1994,Q1,"40,000 - 44,999",2.5,1.1,6.8,2.1,9.7,2.8,11.8,2.8,8.6,3.7,6.5,4.2,15.2,3.9,46.0,2.7
1994,Q1,"45,000 - 49,999",1.8,0.8,4.9,1.5,5.1,1.5,7.0,1.6,2.8,1.2,4.8,3.0,7.6,1.9,26.3,1.5
1994,Q1,"50,000 - 59,999",2.2,1.0,7.3,2.3,8.2,2.4,10.6,2.5,4.3,1.8,6.7,4.3,11.0,2.8,39.2,2.3
1994,Q1,"60,000 - 79,999",1.9,0.8,9.8,3.1,7.7,2.2,9.2,2.2,4.6,2.0,4.0,2.6,8.6,2.2,37.3,2.2
1994,Q1,"≥ 80,000",1.6,0.7,10.4,3.2,6.4,1.8,8.6,2.0,4.2,1.8,2.8,1.8,7.0,1.8,34.0,2.0
1994,Q1,"     80,000 - 99,999",0.7,0.3,3.6,1.1,2.2,0.6,2.8,0.7,2.1,0.9,1.3,0.9,3.4,0.9,12.8,0.7
1994,Q1,"     ≥ 100,000",0.9,0.4,6.8,2.1,4.2,1.2,5.8,1.4,2.1,0.9,1.5,1.0,3.6,0.9,21.3,1.2
1994,Q1,Total,228.8,100.0,320.1,100.0,347.5,100.0,425.5,100.0,233.7,100.0,156.3,100.0,390.0,100.0,1712.0,100.0
1994,Q2,"< 8,000",126.3,55.0,85.0,26.8,46.6,13.0,36.6,8.5,14.5,6.2,5.9,3.9,20.4,5.3,314.9,18.3
1994,Q2,"     < 4,000",60.1,26.2,22.3,7.0,4.3,1.2,1.5,0.3,[*7],[*7],[*7],[*7],0.6,0.2,88.7,5.2
1994,Q2,"     4,000 - 5,999",31.5,13.7,30.0,9.5,12.4,3.5,8.1,1.9,1.8,0.8,1.2,0.8,3.0,0.8,84.9,4.9
1994,Q2,"     6,000 - 7,999",34.7,15.1,32.8,10.3,30.0,8.4,27.0,6.3,12.5,5.3,4.3,2.8,16.8,4.3,141.3,8.2
1994,Q2,"8,000 - 9,999",30.6,13.3,29.1,9.2,44.0,12.3,54.8,12.7,26.9,11.4,9.6,6.3,36.5,9.4,194.9,11.3
1994,Q2,"10,000 - 14,999",28.6,12.5,64.8,20.5,95.7,26.8,114.4,26.6,51.7,22.0,26.4,17.3,78.1,20.2,381.6,22.2
1994,Q2,"15,000 - 19,999",13.9,6.0,44.9,14.2,62.0,17.3,79.4,18.5,42.1,17.9,25.4,16.7,67.5,17.4,267.6,15.5
1994,Q2,"20,000 - 24,999",12.8,5.6,30.4,9.6,37.2,10.4,52.4,12.2,36.5,15.5,20.8,13.6,57.3,14.8,190.1,11.0
1994,Q2,"25,000 - 29,999",4.1,1.8,16.2,5.1,19.9,5.6,28.5,6.6,25.0,10.6,20.5,13.5,45.5,11.7,114.3,6.6
1994,Q2,"30,000 - 34,999",3.8,1.7,13.7,4.3,14.8,4.1,19.0,4.4,14.6,6.2,15.8,10.4,30.4,7.8,81.8,4.8
1994,Q2,"35,000 - 39,999",1.5,0.6,4.9,1.5,8.1,2.3,10.0,2.3,7.7,3.3,7.8,5.1,15.5,4.0,40.0,2.3
1994,Q2,"40,000 - 44,999",1.6,0.7,5.9,1.9,5.6,1.6,9.7,2.3,5.0,2.1,6.8,4.5,11.8,3.0,34.7,2.0
1994,Q2,"45,000 - 49,999",0.9,0.4,2.7,0.8,4.4,1.2,4.6,1.1,4.0,1.7,4.9,3.2,8.9,2.3,21.4,1.2
1994,Q2,"50,000 - 59,999",1.8,0.8,6.5,2.0,6.5,1.8,8.1,1.9,2.7,1.1,4.1,2.7,6.8,1.8,29.7,1.7
1994,Q2,"60,000 - 79,999",2.2,1.0,5.3,1.7,6.3,1.8,5.9,1.4,2.2,0.9,3.0,1.9,5.2,1.3,24.9,1.4
1994,Q2,"≥ 80,000",1.6,0.7,7.4,2.3,6.3,1.8,6.6,1.5,2.2,0.9,1.5,1.0,3.7,1.0,25.7,1.5
1994,Q2,"     80,000 - 99,999",0.6,0.3,2.4,0.7,3.2,0.9,3.1,0.7,0.7,0.3,0.7,0.5,1.5,0.4,10.8,0.6
1994,Q2,"     ≥ 100,000",1.0,0.4,5.0,1.6,3.1,0.9,3.5,0.8,1.5,0.6,0.7,0.5,2.2,0.6,14.9,0.9
1994,Q2,Total,229.7,100.0,316.8,100.0,357.6,100.0,430.1,100.0,234.9,100.0,152.5,100.0,387.4,100.0,1721.6,100.0
1994,Q3,"< 8,000",123.8,54.0,83.7,26.4,40.2,11.2,36.2,8.3,15.1,6.4,5.3,3.6,20.5,5.3,304.3,17.6
1994,Q3,"     < 4,000",64.3,28.1,25.8,8.1,5.0,1.4,1.6,0.4,0.6,0.3,[*7],[*7],0.9,0.2,97.7,5.7
1994,Q3,"     4,000 - 5,999",28.2,12.3,27.4,8.6,8.6,2.4,6.5,1.5,0.6,0.3,1.2,0.8,1.8,0.5,72.5,4.2
1994,Q3,"     6,000 - 7,999",31.3,13.7,30.5,9.6,26.5,7.4,28.0,6.4,13.9,5.9,3.9,2.6,17.8,4.6,134.2,7.8
1994,Q3,"8,000 - 9,999",27.0,11.8,31.9,10.0,49.2,13.7,50.1,11.5,24.6,10.4,8.3,5.6,32.9,8.6,191.1,11.1
1994,Q3,"10,000 - 14,999",29.2,12.8,59.3,18.7,83.3,23.2,107.5,24.6,51.9,22.0,23.3,15.7,75.1,19.5,354.4,20.5
1994,Q3,"15,000 - 19,999",15.0,6.5,44.3,14.0,64.0,17.9,80.6,18.4,40.8,17.3,27.3,18.4,68.0,17.7,272.0,15.8
1994,Q3,"20,000 - 24,999",11.1,4.9,31.6,9.9,39.4,11.0,62.0,14.2,38.2,16.2,22.5,15.2,60.8,15.8,204.8,11.9
1994,Q3,"25,000 - 29,999",5.3,2.3,17.8,5.6,23.3,6.5,32.3,7.4,23.7,10.0,18.5,12.5,42.2,11.0,120.9,7.0
1994,Q3,"30,000 - 34,999",5.3,2.3,11.0,3.5,15.4,4.3,20.6,4.7,14.8,6.3,14.7,9.9,29.5,7.7,81.8,4.7
1994,Q3,"35,000 - 39,999",1.9,0.8,6.5,2.1,8.9,2.5,10.5,2.4,10.1,4.3,8.3,5.6,18.4,4.8,46.2,2.7
1994,Q3,"40,000 - 44,999",2.8,1.2,7.4,2.3,8.0,2.2,9.6,2.2,5.2,2.2,6.8,4.6,12.0,3.1,39.9,2.3
1994,Q3,"45,000 - 49,999",0.9,0.4,2.8,0.9,5.6,1.6,3.9,0.9,3.4,1.4,3.9,2.6,7.3,1.9,20.5,1.2
1994,Q3,"50,000 - 59,999",2.7,1.2,6.1,1.9,6.5,1.8,9.5,2.2,2.8,1.2,3.7,2.5,6.5,1.7,31.3,1.8
1994,Q3,"60,000 - 79,999",1.6,0.7,7.7,2.4,7.0,1.9,7.3,1.7,3.0,1.3,3.9,2.6,6.8,1.8,30.4,1.8
1994,Q3,"≥ 80,000",2.4,1.0,7.4,2.3,7.9,2.2,7.1,1.6,2.4,1.0,2.1,1.4,4.4,1.2,29.2,1.7
1994,Q3,"     80,000 - 99,999",0.9,0.4,2.5,0.8,3.6,1.0,3.1,0.7,1.0,0.4,1.0,0.7,2.1,0.5,12.2,0.7
1994,Q3,"     ≥ 100,000",1.5,0.6,4.9,1.5,4.3,1.2,4.0,0.9,1.3,0.6,1.0,0.7,2.4,0.6,17.0,1.0
1994,Q3,Total,229.0,100.0,317.5,100.0,358.7,100.0,437.1,100.0,236.0,100.0,148.5,100.0,384.5,100.0,1726.8,100.0
1994,Q4,"< 8,000",122.3,54.3,86.9,26.7,41.2,10.9,32.4,7.2,15.3,6.3,4.4,3.3,19.7,5.2,302.4,17.2
1994,Q4,"     < 4,000",67.3,29.9,27.3,8.4,3.5,0.9,0.9,0.2,0.6,0.3,[*7],[*7],0.8,0.2,99.8,5.7
1994,Q4,"     4,000 - 5,999",25.0,11.1,27.6,8.5,9.9,2.6,7.5,1.7,2.0,0.8,0.8,0.6,2.7,0.7,72.8,4.1
1994,Q4,"     6,000 - 7,999",29.9,13.3,31.9,9.8,27.8,7.3,24.0,5.3,12.7,5.2,3.5,2.6,16.2,4.3,129.8,7.4
1994,Q4,"8,000 - 9,999",26.6,11.8,34.8,10.7,44.9,11.8,47.6,10.6,24.1,10.0,8.1,6.0,32.2,8.6,186.1,10.6
1994,Q4,"10,000 - 14,999",27.9,12.4,57.4,17.6,90.8,24.0,116.3,25.8,58.6,24.2,20.8,15.4,79.4,21.1,371.9,21.2
1994,Q4,"15,000 - 19,999",13.0,5.8,41.2,12.7,66.3,17.5,80.4,17.9,39.4,16.3,19.4,14.4,58.8,15.6,259.6,14.8
1994,Q4,"20,000 - 24,999",9.8,4.3,28.5,8.8,42.1,11.1,59.7,13.2,37.7,15.6,21.5,16.0,59.2,15.7,199.4,11.4
1994,Q4,"25,000 - 29,999",6.0,2.6,16.6,5.1,25.8,6.8,35.0,7.8,23.1,9.5,16.0,11.9,39.1,10.4,122.4,7.0
1994,Q4,"30,000 - 34,999",5.0,2.2,13.1,4.0,19.2,5.1,23.0,5.1,15.3,6.3,12.8,9.5,28.1,7.5,88.5,5.0
1994,Q4,"35,000 - 39,999",2.4,1.1,7.6,2.3,9.8,2.6,13.3,2.9,9.6,4.0,9.0,6.7,18.6,4.9,51.7,2.9
1994,Q4,"40,000 - 44,999",2.1,0.9,8.1,2.5,8.5,2.3,9.8,2.2,4.4,1.8,7.2,5.3,11.6,3.1,40.1,2.3
1994,Q4,"45,000 - 49,999",0.6,0.3,5.5,1.7,6.0,1.6,5.7,1.3,4.1,1.7,4.1,3.1,8.2,2.2,26.0,1.5
1994,Q4,"50,000 - 59,999",3.1,1.4,8.7,2.7,8.6,2.3,8.2,1.8,4.4,1.8,4.9,3.6,9.3,2.5,37.9,2.2
1994,Q4,"60,000 - 79,999",2.9,1.3,8.5,2.6,7.8,2.1,8.7,1.9,3.2,1.3,3.2,2.4,6.4,1.7,34.3,2.0
1994,Q4,"≥ 80,000",3.5,1.6,8.2,2.5,8.1,2.1,10.4,2.3,2.6,1.1,3.1,2.3,5.6,1.5,35.9,2.0
1994,Q4,"     80,000 - 99,999",0.9,0.4,2.9,0.9,4.1,1.1,5.2,1.2,1.4,0.6,1.2,0.9,2.6,0.7,15.7,0.9
1994,Q4,"     ≥ 100,000",2.6,1.2,5.3,1.6,4.0,1.0,5.2,1.2,1.2,0.5,1.8,1.4,3.1,0.8,20.1,1.1
1994,Q4,Total,225.1,100.0,325.3,100.0,379.1,100.0,450.5,100.0,241.8,100.0,134.5,100.0,376.3,100.0,1756.2,100.0
1995,Q1,"< 8,000",112.2,50.8,84.4,25.5,36.5,9.5,31.0,6.9,14.4,6.0,3.6,2.8,18.0,4.9,282.0,16.1
1995,Q1,"     < 4,000",66.0,29.9,28.4,8.6,3.3,0.9,0.9,0.2,0.9,0.4,[*7],[*7],1.0,0.3,99.6,5.7
1995,Q1,"     4,000 - 5,999",21.8,9.9,25.7,7.8,10.5,2.7,5.7,1.3,1.5,0.6,[*7],[*7],1.9,0.5,65.7,3.7
1995,Q1,"     6,000 - 7,999",24.4,11.0,30.2,9.1,22.7,5.9,24.4,5.4,12.0,5.0,3.0,2.3,15.0,4.1,116.7,6.6
1995,Q1,"8,000 - 9,999",15.6,7.0,27.8,8.4,34.9,9.0,41.9,9.3,20.9,8.8,6.3,4.9,27.2,7.4,147.4,8.4
1995,Q1,"10,000 - 14,999",29.6,13.4,48.2,14.6,76.9,19.9,93.1,20.6,47.4,20.0,15.3,11.9,62.7,17.1,310.4,17.7
1995,Q1,"15,000 - 19,999",17.8,8.1,40.7,12.3,66.1,17.1,73.9,16.4,33.8,14.2,19.0,14.8,52.8,14.4,251.3,14.3
1995,Q1,"20,000 - 24,999",12.7,5.8,27.5,8.3,43.8,11.3,58.6,13.0,32.6,13.7,16.0,12.5,48.6,13.3,191.3,10.9
1995,Q1,"25,000 - 29,999",5.1,2.3,19.2,5.8,28.9,7.5,37.4,8.3,22.4,9.4,14.1,11.0,36.5,10.0,127.0,7.2
1995,Q1,"30,000 - 34,999",7.3,3.3,16.8,5.1,24.2,6.3,30.2,6.7,19.8,8.3,12.1,9.4,31.9,8.7,110.4,6.3
1995,Q1,"35,000 - 39,999",3.1,1.4,11.4,3.4,12.7,3.3,18.9,4.2,10.5,4.4,9.0,7.0,19.4,5.3,65.5,3.7
1995,Q1,"40,000 - 44,999",4.3,2.0,12.0,3.6,14.7,3.8,15.9,3.5,8.4,3.5,7.2,5.6,15.6,4.3,62.4,3.6
1995,Q1,"45,000 - 49,999",1.2,0.5,7.8,2.4,5.7,1.5,7.3,1.6,6.3,2.6,6.3,4.9,12.6,3.4,34.6,2.0
1995,Q1,"50,000 - 59,999",4.5,2.0,10.8,3.3,12.1,3.1,13.3,3.0,7.6,3.2,9.6,7.5,17.2,4.7,57.9,3.3
1995,Q1,"60,000 - 79,999",3.3,1.5,10.8,3.3,14.5,3.8,13.8,3.1,7.0,3.0,6.7,5.2,13.8,3.8,56.1,3.2
1995,Q1,"≥ 80,000",4.0,1.8,13.8,4.2,15.3,4.0,16.0,3.5,6.4,2.7,3.3,2.6,9.7,2.7,58.8,3.3
1995,Q1,"     80,000 - 99,999",0.9,0.4,4.5,1.4,6.6,1.7,6.9,1.5,2.5,1.1,2.1,1.6,4.6,1.3,23.5,1.3
1995,Q1,"     ≥ 100,000",3.1,1.4,9.3,2.8,8.7,2.2,9.1,2.0,3.9,1.6,1.2,0.9,5.1,1.4,35.3,2.0
1995,Q1,Total,220.8,100.0,330.9,100.0,386.3,100.0,451.2,100.0,237.5,100.0,128.4,100.0,365.9,100.0,1755.0,100.0
1995,Q2,"< 8,000",117.6,49.9,84.8,25.0,42.8,11.5,32.3,6.9,15.3,6.4,4.7,3.4,20.0,5.3,297.5,16.7
1995,Q2,"     < 4,000",56.6,24.0,26.8,7.9,3.5,0.9,1.5,0.3,0.9,0.4,[*7],[*7],1.2,0.3,89.6,5.0
1995,Q2,"     4,000 - 5,999",29.1,12.3,27.4,8.1,11.8,3.2,5.6,1.2,3.0,1.3,1.2,0.9,4.2,1.1,78.1,4.4
1995,Q2,"     6,000 - 7,999",32.0,13.6,30.6,9.0,27.5,7.4,25.1,5.4,11.4,4.8,3.2,2.3,14.5,3.9,129.8,7.3
1995,Q2,"8,000 - 9,999",28.5,12.1,35.4,10.5,41.8,11.2,47.1,10.1,19.2,8.1,8.2,5.9,27.4,7.3,180.2,10.1
1995,Q2,"10,000 - 14,999",35.0,14.8,59.5,17.6,84.8,22.8,113.4,24.4,51.3,21.6,21.0,15.3,72.4,19.3,365.1,20.4
1995,Q2,"15,000 - 19,999",20.0,8.5,41.8,12.3,63.3,17.0,86.8,18.7,43.3,18.2,20.4,14.8,63.7,17.0,275.6,15.4
1995,Q2,"20,000 - 24,999",10.3,4.4,30.1,8.9,43.6,11.7,64.1,13.8,33.3,14.0,17.4,12.6,50.7,13.5,198.8,11.1
1995,Q2,"25,000 - 29,999",6.7,2.8,19.2,5.7,23.3,6.3,35.6,7.7,25.3,10.7,17.6,12.7,42.9,11.4,127.6,7.1
1995,Q2,"30,000 - 34,999",4.8,2.1,16.4,4.8,18.9,5.1,22.1,4.8,14.8,6.3,15.6,11.3,30.4,8.1,92.7,5.2
1995,Q2,"35,000 - 39,999",3.2,1.4,9.5,2.8,13.8,3.7,14.8,3.2,10.9,4.6,9.4,6.8,20.3,5.4,61.6,3.4
1995,Q2,"40,000 - 44,999",2.0,0.8,10.0,3.0,9.4,2.5,12.1,2.6,6.8,2.9,7.0,5.0,13.8,3.7,47.2,2.6
1995,Q2,"45,000 - 49,999",[*7],[*7],6.4,1.9,6.5,1.8,7.7,1.7,3.5,1.5,5.6,4.1,9.1,2.4,30.1,1.7
1995,Q2,"50,000 - 59,999",2.7,1.2,6.5,1.9,8.0,2.2,10.6,2.3,4.8,2.0,6.2,4.5,11.0,2.9,38.9,2.2
1995,Q2,"60,000 - 79,999",2.4,1.0,9.7,2.9,6.4,1.7,8.6,1.9,4.1,1.7,2.7,2.0,6.8,1.8,33.9,1.9
1995,Q2,"≥ 80,000",2.1,0.9,9.4,2.8,9.1,2.4,9.8,2.1,4.7,2.0,2.1,1.5,6.8,1.8,37.3,2.1
1995,Q2,"     80,000 - 99,999",[*7],[*7],3.6,1.1,4.1,1.1,4.4,0.9,2.1,0.9,0.8,0.5,2.9,0.8,15.5,0.9
1995,Q2,"     ≥ 100,000",1.7,0.7,5.8,1.7,5.0,1.3,5.5,1.2,2.6,1.1,1.4,1.0,3.9,1.0,21.8,1.2
1995,Q2,Total,235.7,100.0,338.7,100.0,371.7,100.0,465.0,100.0,237.4,100.0,138.0,100.0,375.4,100.0,1786.5,100.0
1995,Q3,"< 8,000",116.7,48.1,82.3,25.2,37.2,10.2,33.1,7.2,14.3,5.8,4.4,3.0,18.6,4.8,288.0,16.1
1995,Q3,"     < 4,000",57.0,23.5,24.9,7.6,4.2,1.2,2.1,0.5,0.6,0.3,[*7],[*7],0.9,0.2,89.1,5.0
1995,Q3,"     4,000 - 5,999",24.7,10.2,23.6,7.2,8.7,2.4,6.2,1.4,3.5,1.4,[*7],[*7],3.7,1.0,66.9,3.8
1995,Q3,"     6,000 - 7,999",35.1,14.5,33.9,10.4,24.3,6.7,24.8,5.4,10.1,4.1,3.8,2.7,14.0,3.6,132.0,7.4
1995,Q3,"8,000 - 9,999",31.1,12.8,33.6,10.3,38.6,10.6,46.3,10.1,20.4,8.3,8.5,5.9,28.9,7.4,178.4,10.0
1995,Q3,"10,000 - 14,999",33.3,13.7,56.7,17.3,79.4,21.7,107.3,23.4,53.8,21.9,19.7,13.7,73.5,18.9,350.2,19.6
1995,Q3,"15,000 - 19,999",19.5,8.1,41.4,12.7,67.0,18.3,84.7,18.4,44.8,18.2,21.6,15.1,66.4,17.1,279.1,15.6
1995,Q3,"20,000 - 24,999",13.3,5.5,28.7,8.8,45.5,12.5,60.6,13.2,37.6,15.3,19.5,13.6,57.1,14.7,205.2,11.5
1995,Q3,"25,000 - 29,999",7.3,3.0,21.7,6.6,26.7,7.3,36.2,7.9,24.1,9.8,17.8,12.5,42.0,10.8,133.9,7.5
1995,Q3,"30,000 - 34,999",5.5,2.3,15.0,4.6,16.9,4.6,27.9,6.1,13.9,5.7,16.0,11.1,29.9,7.7,95.1,5.3
1995,Q3,"35,000 - 39,999",2.3,1.0,10.6,3.2,10.4,2.8,14.6,3.2,11.3,4.6,12.0,8.4,23.3,6.0,61.1,3.4
1995,Q3,"40,000 - 44,999",2.4,1.0,8.2,2.5,10.0,2.7,11.4,2.5,6.6,2.7,8.2,5.7,14.7,3.8,46.8,2.6
1995,Q3,"45,000 - 49,999",1.1,0.5,5.5,1.7,5.9,1.6,5.4,1.2,4.0,1.6,5.5,3.9,9.5,2.5,27.5,1.5
1995,Q3,"50,000 - 59,999",4.7,1.9,7.3,2.2,9.5,2.6,9.8,2.1,5.0,2.0,4.4,3.1,9.4,2.4,40.8,2.3
1995,Q3,"60,000 - 79,999",1.6,0.7,7.2,2.2,7.6,2.1,9.5,2.1,4.9,2.0,4.0,2.8,8.9,2.3,34.8,1.9
1995,Q3,"≥ 80,000",3.6,1.5,9.1,2.8,10.5,2.9,12.8,2.8,5.1,2.1,1.6,1.1,6.7,1.7,42.7,2.4
1995,Q3,"     80,000 - 99,999",1.3,0.5,2.8,0.8,5.2,1.4,5.5,1.2,2.2,0.9,[*7],[*7],2.7,0.7,17.3,1.0
1995,Q3,"     ≥ 100,000",2.3,0.9,6.3,1.9,5.4,1.5,7.3,1.6,2.9,1.2,1.1,0.8,4.0,1.0,25.3,1.4
1995,Q3,Total,242.5,100.0,327.3,100.0,365.3,100.0,459.7,100.0,245.7,100.0,143.1,100.0,388.8,100.0,1783.5,100.0
1995,Q4,"< 8,000",118.5,49.4,78.9,23.8,35.5,9.2,28.5,6.1,11.2,4.6,4.2,3.1,15.5,4.1,276.8,15.3
1995,Q4,"     < 4,000",63.8,26.6,23.8,7.2,4.1,1.1,1.7,0.4,[*7],[*7],0.5,0.4,1.0,0.3,94.4,5.2
1995,Q4,"     4,000 - 5,999",25.2,10.5,24.1,7.2,9.8,2.5,4.3,0.9,1.5,0.6,[*7],[*7],1.9,0.5,65.3,3.6
1995,Q4,"     6,000 - 7,999",29.5,12.3,31.0,9.3,21.6,5.6,22.5,4.8,9.3,3.8,3.3,2.4,12.6,3.3,117.1,6.5
1995,Q4,"8,000 - 9,999",28.7,12.0,35.2,10.6,37.4,9.7,48.8,10.4,23.1,9.5,7.8,5.7,30.9,8.1,181.0,10.0
1995,Q4,"10,000 - 14,999",32.2,13.4,55.5,16.7,89.6,23.3,112.0,23.9,53.7,22.1,23.5,17.0,77.3,20.3,366.6,20.3
1995,Q4,"15,000 - 19,999",19.2,8.0,44.7,13.5,69.3,18.0,84.8,18.1,41.5,17.1,21.7,15.7,63.3,16.6,281.3,15.6
1995,Q4,"20,000 - 24,999",14.1,5.9,32.9,9.9,48.3,12.6,62.0,13.2,36.1,14.9,17.9,12.9,54.1,14.2,211.3,11.7
1995,Q4,"25,000 - 29,999",6.5,2.7,19.4,5.8,27.9,7.3,36.1,7.7,26.8,11.0,15.8,11.4,42.6,11.2,132.5,7.3
1995,Q4,"30,000 - 34,999",5.3,2.2,16.8,5.1,21.1,5.5,28.3,6.0,15.7,6.5,14.8,10.7,30.5,8.0,102.1,5.6
1995,Q4,"35,000 - 39,999",3.1,1.3,9.8,2.9,12.7,3.3,16.0,3.4,9.3,3.8,9.1,6.6,18.4,4.8,60.0,3.3
1995,Q4,"40,000 - 44,999",1.8,0.8,8.8,2.7,9.6,2.5,12.1,2.6,6.7,2.7,7.7,5.6,14.4,3.8,46.7,2.6
1995,Q4,"45,000 - 49,999",1.5,0.6,5.4,1.6,5.8,1.5,7.1,1.5,4.9,2.0,4.3,3.1,9.2,2.4,29.0,1.6
1995,Q4,"50,000 - 59,999",3.3,1.4,7.4,2.2,10.2,2.6,10.3,2.2,5.0,2.0,4.0,2.9,9.0,2.4,40.2,2.2
1995,Q4,"60,000 - 79,999",2.9,1.2,8.2,2.5,8.5,2.2,11.2,2.4,4.7,1.9,4.6,3.3,9.2,2.4,40.0,2.2
1995,Q4,"≥ 80,000",3.0,1.2,9.0,2.7,8.2,2.1,12.4,2.6,4.2,1.7,2.9,2.1,7.1,1.9,39.6,2.2
1995,Q4,"     80,000 - 99,999",1.6,0.7,3.6,1.1,3.6,0.9,5.6,1.2,1.9,0.8,1.1,0.8,3.0,0.8,17.4,1.0
1995,Q4,"     ≥ 100,000",1.4,0.6,5.4,1.6,4.6,1.2,6.8,1.4,2.3,1.0,1.8,1.3,4.1,1.1,22.3,1.2
1995,Q4,Total,239.9,100.0,331.9,100.0,384.1,100.0,469.6,100.0,243.0,100.0,138.5,100.0,381.5,100.0,1807.1,100.0
1996,Q1,"< 8,000",109.0,44.6,69.6,20.1,31.6,7.9,25.2,5.4,8.4,3.6,2.6,2.0,11.0,3.0,246.4,13.5
1996,Q1,"     < 4,000",58.6,24.0,21.7,6.3,4.4,1.1,2.2,0.5,[*7],[*7],[*7],[*7],[*7],[*7],87.2,4.8
1996,Q1,"     4,000 - 5,999",23.7,9.7,23.4,6.8,9.1,2.3,4.9,1.0,1.5,0.6,[*7],[*7],1.9,0.5,62.9,3.5
1996,Q1,"     6,000 - 7,999",26.7,10.9,24.6,7.1,18.1,4.5,18.2,3.9,6.6,2.8,2.2,1.6,8.7,2.4,96.3,5.3
1996,Q1,"8,000 - 9,999",28.9,11.8,31.8,9.2,35.3,8.9,36.7,7.9,17.8,7.6,5.4,4.1,23.2,6.3,155.9,8.6
1996,Q1,"10,000 - 14,999",30.4,12.4,54.1,15.6,77.1,19.3,93.7,20.1,43.0,18.4,16.8,12.7,59.8,16.4,315.1,17.3
1996,Q1,"15,000 - 19,999",20.0,8.2,44.4,12.8,61.0,15.3,73.6,15.8,37.0,15.9,17.0,12.9,54.0,14.8,253.0,13.9
1996,Q1,"20,000 - 24,999",15.4,6.3,34.6,10.0,50.9,12.8,58.5,12.6,33.9,14.6,18.1,13.7,52.0,14.2,211.5,11.6
1996,Q1,"25,000 - 29,999",6.2,2.6,19.1,5.5,32.7,8.2,39.8,8.6,22.5,9.7,14.9,11.3,37.4,10.2,135.1,7.4
1996,Q1,"30,000 - 34,999",8.8,3.6,19.6,5.7,24.9,6.2,31.8,6.8,16.4,7.0,12.2,9.2,28.5,7.8,113.7,6.2
1996,Q1,"35,000 - 39,999",3.0,1.2,12.8,3.7,13.7,3.4,21.6,4.6,12.9,5.5,8.8,6.7,21.8,6.0,72.9,4.0
1996,Q1,"40,000 - 44,999",5.4,2.2,11.2,3.2,14.6,3.7,19.6,4.2,9.8,4.2,8.0,6.0,17.8,4.9,68.6,3.8
1996,Q1,"45,000 - 49,999",2.0,0.8,7.2,2.1,10.1,2.5,10.7,2.3,6.9,3.0,6.4,4.8,13.2,3.6,43.3,2.4
1996,Q1,"50,000 - 59,999",4.3,1.8,13.0,3.8,15.6,3.9,16.6,3.6,9.3,4.0,7.8,5.9,17.0,4.7,66.6,3.7
1996,Q1,"60,000 - 79,999",5.8,2.4,12.9,3.7,14.0,3.5,17.7,3.8,8.2,3.5,8.3,6.3,16.5,4.5,66.9,3.7
1996,Q1,"≥ 80,000",5.1,2.1,15.6,4.5,17.3,4.3,19.6,4.2,7.1,3.0,5.8,4.4,12.9,3.5,70.6,3.9
1996,Q1,"     80,000 - 99,999",2.4,1.0,6.4,1.8,7.8,1.9,8.6,1.9,2.9,1.2,2.6,2.0,5.5,1.5,30.6,1.7
1996,Q1,"     ≥ 100,000",2.7,1.1,9.3,2.7,9.6,2.4,11.0,2.4,4.2,1.8,3.2,2.4,7.4,2.0,40.0,2.2
1996,Q1,Total,244.5,100.0,346.0,100.0,399.0,100.0,464.9,100.0,233.2,100.0,132.0,100.0,365.1,100.0,1819.5,100.0
1996,Q2,"< 8,000",107.4,43.7,80.8,22.3,37.7,9.1,23.5,4.9,7.5,3.1,3.0,2.3,10.5,2.8,259.9,13.9
1996,Q2,"     < 4,000",56.7,23.1,23.4,6.5,3.9,0.9,1.8,0.4,[*7],[*7],[*7],[*7],[*7],[*7],86.3,4.6
1996,Q2,"     4,000 - 5,999",24.3,9.9,26.3,7.2,9.7,2.3,3.0,0.6,1.0,0.4,0.7,0.5,1.7,0.5,64.9,3.5
1996,Q2,"     6,000 - 7,999",26.4,10.7,31.1,8.6,24.2,5.8,18.7,3.9,6.2,2.6,2.2,1.7,8.4,2.2,108.7,5.8
1996,Q2,"8,000 - 9,999",31.3,12.7,34.3,9.4,38.8,9.4,44.1,9.2,18.5,7.7,5.8,4.4,24.3,6.5,172.7,9.2
1996,Q2,"10,000 - 14,999",38.2,15.5,62.0,17.1,94.2,22.8,108.2,22.5,51.0,21.2,18.9,14.5,69.9,18.8,372.5,19.9
1996,Q2,"15,000 - 19,999",19.7,8.0,46.1,12.7,68.9,16.6,89.0,18.5,41.9,17.4,21.5,16.5,63.4,17.1,287.1,15.3
1996,Q2,"20,000 - 24,999",14.0,5.7,34.7,9.6,52.4,12.7,68.5,14.2,37.0,15.4,18.8,14.4,55.8,15.0,225.4,12.0
1996,Q2,"25,000 - 29,999",7.7,3.1,23.2,6.4,33.2,8.0,42.0,8.7,23.4,9.7,15.6,12.0,39.1,10.5,145.1,7.7
1996,Q2,"30,000 - 34,999",6.6,2.7,21.1,5.8,23.0,5.6,28.3,5.9,18.2,7.6,13.5,10.3,31.7,8.5,110.7,5.9
1996,Q2,"35,000 - 39,999",3.8,1.5,10.2,2.8,13.5,3.3,19.0,3.9,12.2,5.0,10.4,7.9,22.5,6.1,68.9,3.7
1996,Q2,"40,000 - 44,999",3.0,1.2,12.4,3.4,11.2,2.7,14.2,2.9,9.2,3.8,7.4,5.7,16.6,4.5,57.3,3.1
1996,Q2,"45,000 - 49,999",2.2,0.9,5.8,1.6,7.4,1.8,9.1,1.9,4.8,2.0,4.8,3.6,9.5,2.6,34.0,1.8
1996,Q2,"50,000 - 59,999",3.1,1.3,10.5,2.9,11.3,2.7,11.7,2.4,7.0,2.9,4.6,3.5,11.5,3.1,48.1,2.6
1996,Q2,"60,000 - 79,999",4.1,1.7,9.8,2.7,11.6,2.8,11.8,2.5,5.7,2.3,4.3,3.3,9.9,2.7,47.3,2.5
1996,Q2,"≥ 80,000",5.0,2.0,12.1,3.3,10.6,2.6,12.3,2.6,4.9,2.0,1.9,1.5,6.9,1.8,46.8,2.5
1996,Q2,"     80,000 - 99,999",1.4,0.6,5.9,1.6,5.0,1.2,5.3,1.1,2.1,0.9,0.7,0.5,2.8,0.8,20.5,1.1
1996,Q2,"     ≥ 100,000",3.5,1.4,6.2,1.7,5.6,1.3,7.0,1.5,2.8,1.2,1.2,0.9,4.1,1.1,26.4,1.4
1996,Q2,Total,246.0,100.0,363.0,100.0,413.7,100.0,481.6,100.0,241.2,100.0,130.4,100.0,371.6,100.0,1876.0,100.0
1996,Q3,"< 8,000",101.3,40.8,79.9,22.1,35.0,8.7,22.3,4.6,7.1,2.9,3.3,2.4,10.3,2.7,248.8,13.3
1996,Q3,"     < 4,000",54.0,21.7,24.9,6.9,4.2,1.0,1.0,0.2,0.6,0.3,[*7],[*7],1.0,0.3,85.2,4.5
1996,Q3,"     4,000 - 5,999",22.6,9.1,25.8,7.1,7.6,1.9,4.1,0.8,1.0,0.4,0.5,0.4,1.6,0.4,61.7,3.3
1996,Q3,"     6,000 - 7,999",24.7,9.9,29.2,8.1,23.2,5.8,17.1,3.5,5.4,2.2,2.3,1.7,7.7,2.0,101.9,5.4
1996,Q3,"8,000 - 9,999",32.6,13.1,32.2,8.9,38.1,9.5,40.1,8.2,18.1,7.5,5.2,3.8,23.3,6.2,166.3,8.9
1996,Q3,"10,000 - 14,999",38.6,15.5,58.8,16.2,84.8,21.1,107.4,22.0,50.7,21.1,18.3,13.5,69.0,18.4,358.6,19.1
1996,Q3,"15,000 - 19,999",22.9,9.2,45.8,12.7,65.1,16.2,88.8,18.2,40.4,16.8,19.9,14.7,60.3,16.0,282.9,15.1
1996,Q3,"20,000 - 24,999",15.5,6.2,38.7,10.7,54.7,13.6,72.8,14.9,34.4,14.3,17.3,12.8,51.6,13.7,233.4,12.4
1996,Q3,"25,000 - 29,999",8.9,3.6,22.0,6.1,30.0,7.5,41.2,8.4,25.6,10.7,17.4,12.9,43.1,11.5,145.2,7.7
1996,Q3,"30,000 - 34,999",6.6,2.6,20.1,5.5,23.5,5.8,32.1,6.6,21.3,8.9,14.2,10.5,35.5,9.4,117.7,6.3
1996,Q3,"35,000 - 39,999",3.9,1.6,13.1,3.6,14.0,3.5,19.4,4.0,13.3,5.5,12.5,9.3,25.9,6.9,76.3,4.1
1996,Q3,"40,000 - 44,999",4.0,1.6,11.5,3.2,11.7,2.9,15.8,3.2,7.8,3.3,7.3,5.4,15.2,4.0,58.2,3.1
1996,Q3,"45,000 - 49,999",1.2,0.5,5.8,1.6,6.6,1.7,9.2,1.9,3.3,1.4,6.4,4.7,9.7,2.6,32.6,1.7
1996,Q3,"50,000 - 59,999",4.0,1.6,10.1,2.8,12.2,3.0,12.3,2.5,6.9,2.9,7.4,5.5,14.3,3.8,52.9,2.8
1996,Q3,"60,000 - 79,999",3.7,1.5,10.8,3.0,11.3,2.8,13.0,2.7,5.4,2.3,3.9,2.9,9.4,2.5,48.1,2.6
1996,Q3,"≥ 80,000",5.4,2.2,13.0,3.6,14.2,3.5,14.5,3.0,6.0,2.5,2.2,1.6,8.1,2.2,55.3,2.9
1996,Q3,"     80,000 - 99,999",2.2,0.9,5.1,1.4,6.5,1.6,5.1,1.0,2.2,0.9,0.8,0.6,3.0,0.8,21.8,1.2
1996,Q3,"     ≥ 100,000",3.2,1.3,7.9,2.2,7.8,1.9,9.4,1.9,3.8,1.6,1.4,1.0,5.1,1.4,33.4,1.8
1996,Q3,Total,248.4,100.0,361.9,100.0,401.3,100.0,488.9,100.0,240.4,100.0,135.2,100.0,375.6,100.0,1876.1,100.0
1996,Q4,"< 8,000",104.5,40.7,76.1,20.7,31.6,7.5,18.0,3.7,7.6,3.2,1.6,1.3,9.2,2.6,239.5,12.7
1996,Q4,"     < 4,000",60.6,23.6,23.2,6.3,5.2,1.3,2.0,0.4,[*7],[*7],[*7],[*7],0.5,0.1,91.6,4.9
1996,Q4,"     4,000 - 5,999",20.9,8.1,26.6,7.2,6.9,1.6,3.2,0.7,0.8,0.3,[*7],[*7],1.2,0.3,58.8,3.1
1996,Q4,"     6,000 - 7,999",23.0,9.0,26.3,7.1,19.5,4.6,12.9,2.6,6.4,2.7,1.1,0.9,7.5,2.1,89.1,4.7
1996,Q4,"8,000 - 9,999",26.2,10.2,31.9,8.7,36.2,8.6,33.8,6.9,16.1,6.9,5.4,4.5,21.6,6.1,149.6,7.9
1996,Q4,"10,000 - 14,999",41.0,16.0,59.7,16.2,85.5,20.4,98.8,20.2,47.3,20.2,15.7,12.9,63.0,17.7,348.0,18.4
1996,Q4,"15,000 - 19,999",26.1,10.2,45.0,12.2,72.9,17.4,91.5,18.8,40.0,17.1,17.1,14.1,57.1,16.1,292.6,15.5
1996,Q4,"20,000 - 24,999",16.7,6.5,39.2,10.7,53.5,12.8,69.4,14.2,31.6,13.5,14.3,11.8,45.9,12.9,224.7,11.9
1996,Q4,"25,000 - 29,999",9.9,3.9,24.6,6.7,34.8,8.3,44.4,9.1,24.8,10.6,15.4,12.6,40.2,11.3,154.0,8.2
1996,Q4,"30,000 - 34,999",7.1,2.8,20.7,5.6,27.2,6.5,34.1,7.0,20.7,8.9,14.5,11.9,35.2,9.9,124.4,6.6
1996,Q4,"35,000 - 39,999",5.1,2.0,12.8,3.5,15.7,3.7,21.5,4.4,12.7,5.4,11.1,9.1,23.8,6.7,79.0,4.2
1996,Q4,"40,000 - 44,999",4.3,1.7,11.8,3.2,15.6,3.7,17.0,3.5,7.9,3.4,7.6,6.2,15.5,4.4,64.2,3.4
1996,Q4,"45,000 - 49,999",1.6,0.6,7.1,1.9,6.6,1.6,10.3,2.1,6.0,2.6,5.7,4.6,11.7,3.3,37.3,2.0
1996,Q4,"50,000 - 59,999",4.6,1.8,11.0,3.0,12.9,3.1,14.9,3.1,7.4,3.2,5.9,4.9,13.3,3.7,56.7,3.0
1996,Q4,"60,000 - 79,999",4.1,1.6,13.3,3.6,13.0,3.1,14.9,3.1,7.0,3.0,4.5,3.7,11.5,3.2,56.9,3.0
1996,Q4,"≥ 80,000",5.5,2.2,14.4,3.9,13.5,3.2,19.0,3.9,4.4,1.9,2.9,2.4,7.3,2.1,59.7,3.2
1996,Q4,"     80,000 - 99,999",1.7,0.7,6.1,1.7,5.9,1.4,7.9,1.6,2.0,0.8,1.9,1.6,3.9,1.1,25.5,1.4
1996,Q4,"     ≥ 100,000",3.8,1.5,8.2,2.2,7.6,1.8,11.1,2.3,2.4,1.0,1.0,0.8,3.4,1.0,34.2,1.8
1996,Q4,Total,256.8,100.0,367.7,100.0,419.0,100.0,487.8,100.0,233.6,100.0,121.8,100.0,355.3,100.0,1886.5,100.0
1997,Q1,"< 8,000",106.5,39.3,74.1,19.5,28.0,6.7,14.8,3.1,4.7,2.0,1.2,1.0,5.9,1.6,229.3,12.0
1997,Q1,"     < 4,000",62.8,23.2,23.5,6.2,4.1,1.0,1.2,0.3,0.6,0.2,[*7],[*7],0.7,0.2,92.3,4.8
1997,Q1,"     4,000 - 5,999",23.2,8.5,24.8,6.5,6.1,1.5,2.1,0.4,0.7,0.3,[*7],[*7],1.0,0.3,57.1,3.0
1997,Q1,"     6,000 - 7,999",20.6,7.6,25.8,6.8,17.8,4.3,11.5,2.4,3.4,1.4,0.8,0.6,4.2,1.2,79.9,4.2
1997,Q1,"8,000 - 9,999",27.4,10.1,28.8,7.6,29.5,7.1,31.0,6.4,12.0,5.0,3.9,3.3,15.9,4.4,132.7,7.0
1997,Q1,"10,000 - 14,999",43.7,16.1,58.3,15.3,71.7,17.3,85.5,17.7,44.2,18.6,14.3,11.9,58.5,16.3,317.7,16.6
1997,Q1,"15,000 - 19,999",24.5,9.0,44.4,11.7,66.7,16.1,79.8,16.5,33.1,13.9,16.1,13.4,49.2,13.7,264.6,13.9
1997,Q1,"20,000 - 24,999",19.8,7.3,38.7,10.2,54.5,13.1,65.1,13.5,32.2,13.5,13.1,10.9,45.3,12.6,223.4,11.7
1997,Q1,"25,000 - 29,999",10.0,3.7,24.1,6.3,33.9,8.2,43.6,9.0,23.7,9.9,14.3,11.9,37.9,10.6,149.4,7.8
1997,Q1,"30,000 - 34,999",8.8,3.3,20.3,5.3,28.1,6.8,35.1,7.3,21.0,8.8,12.6,10.5,33.5,9.4,125.9,6.6
1997,Q1,"35,000 - 39,999",4.5,1.6,14.1,3.7,18.2,4.4,25.5,5.3,16.2,6.8,9.9,8.3,26.1,7.3,88.5,4.6
1997,Q1,"40,000 - 44,999",4.4,1.6,15.4,4.1,16.6,4.0,22.8,4.7,11.7,4.9,7.3,6.0,19.0,5.3,78.2,4.1
1997,Q1,"45,000 - 49,999",2.5,0.9,7.7,2.0,9.1,2.2,15.3,3.2,8.1,3.4,5.2,4.3,13.3,3.7,48.0,2.5
1997,Q1,"50,000 - 59,999",5.5,2.0,15.5,4.1,18.3,4.4,19.5,4.0,12.5,5.2,8.3,6.9,20.8,5.8,79.6,4.2
1997,Q1,"60,000 - 79,999",6.2,2.3,16.6,4.4,18.5,4.5,19.7,4.1,10.3,4.3,8.1,6.7,18.4,5.1,79.5,4.2
1997,Q1,"≥ 80,000",7.2,2.7,22.4,5.9,22.2,5.3,25.5,5.3,8.3,3.5,6.0,5.0,14.3,4.0,91.6,4.8
1997,Q1,"     80,000 - 99,999",3.1,1.1,7.9,2.1,9.0,2.2,10.7,2.2,3.4,1.4,3.1,2.6,6.5,1.8,37.2,1.9
1997,Q1,"     ≥ 100,000",4.1,1.5,14.5,3.8,13.2,3.2,14.8,3.1,4.9,2.1,2.8,2.3,7.8,2.2,54.4,2.8
1997,Q1,Total,271.2,100.0,380.3,100.0,415.3,100.0,483.4,100.0,238.0,100.0,120.2,100.0,358.2,100.0,1908.4,100.0
1997,Q2,"< 8,000",114.1,41.8,72.3,18.8,27.8,6.8,16.1,3.3,5.0,2.1,1.2,0.9,6.2,1.7,236.5,12.3
1997,Q2,"     < 4,000",66.3,24.3,21.5,5.6,2.8,0.7,1.6,0.3,[*7],[*7],[*7],[*7],[*7],[*7],92.7,4.8
1997,Q2,"     4,000 - 5,999",22.2,8.1,23.0,6.0,6.2,1.5,2.3,0.5,0.7,0.3,[*7],[*7],0.9,0.3,54.7,2.8
1997,Q2,"     6,000 - 7,999",25.5,9.4,27.8,7.2,18.8,4.6,12.2,2.5,4.0,1.6,0.8,0.7,4.8,1.3,89.1,4.6
1997,Q2,"8,000 - 9,999",36.2,13.3,35.5,9.2,35.7,8.7,33.3,6.8,15.7,6.5,3.5,2.8,19.2,5.2,159.8,8.3
1997,Q2,"10,000 - 14,999",44.0,16.1,63.9,16.6,82.3,20.1,107.5,22.0,42.8,17.8,18.0,14.1,60.8,16.5,358.4,18.6
1997,Q2,"15,000 - 19,999",21.1,7.7,52.8,13.7,72.0,17.6,90.9,18.6,43.0,17.8,18.3,14.4,61.3,16.7,298.1,15.5
1997,Q2,"20,000 - 24,999",15.9,5.8,38.2,9.9,55.4,13.5,69.3,14.2,33.3,13.8,17.6,13.8,50.9,13.8,229.7,11.9
1997,Q2,"25,000 - 29,999",7.4,2.7,24.8,6.4,32.4,7.9,44.9,9.2,27.7,11.5,15.3,12.1,43.0,11.7,152.5,7.9
1997,Q2,"30,000 - 34,999",9.0,3.3,20.7,5.4,25.6,6.3,35.4,7.2,22.9,9.5,13.1,10.3,36.0,9.8,126.7,6.6
1997,Q2,"35,000 - 39,999",4.4,1.6,14.6,3.8,14.7,3.6,19.0,3.9,14.4,6.0,10.2,8.0,24.6,6.7,77.3,4.0
1997,Q2,"40,000 - 44,999",4.9,1.8,12.1,3.2,12.7,3.1,17.0,3.5,9.8,4.1,8.0,6.3,17.8,4.8,64.5,3.4
1997,Q2,"45,000 - 49,999",1.6,0.6,7.3,1.9,7.6,1.9,8.1,1.7,7.4,3.1,5.8,4.6,13.2,3.6,37.8,2.0
1997,Q2,"50,000 - 59,999",5.3,1.9,13.5,3.5,12.6,3.1,16.7,3.4,7.2,3.0,6.3,5.0,13.5,3.7,61.5,3.2
1997,Q2,"60,000 - 79,999",4.5,1.6,14.0,3.6,13.2,3.2,14.1,2.9,6.0,2.5,5.5,4.3,11.5,3.1,57.2,3.0
1997,Q2,"≥ 80,000",4.5,1.6,14.9,3.9,17.2,4.2,16.5,3.4,5.9,2.4,4.3,3.4,10.1,2.8,63.2,3.3
1997,Q2,"     80,000 - 99,999",1.7,0.6,5.9,1.5,6.4,1.6,7.5,1.5,2.2,0.9,1.9,1.5,4.1,1.1,25.6,1.3
1997,Q2,"     ≥ 100,000",2.8,1.0,9.0,2.3,10.7,2.6,9.0,1.9,3.7,1.5,2.4,1.9,6.1,1.6,37.6,2.0
1997,Q2,Total,272.7,100.0,384.6,100.0,409.2,100.0,488.7,100.0,241.1,100.0,127.0,100.0,368.1,100.0,1923.2,100.0
1997,Q3,"< 8,000",104.3,39.8,71.1,18.5,28.5,6.8,12.4,2.5,5.5,2.3,1.1,0.9,6.7,1.8,222.9,11.6
1997,Q3,"     < 4,000",58.6,22.4,21.2,5.5,3.7,0.9,1.1,0.2,0.6,0.3,[*7],[*7],0.9,0.2,85.6,4.4
1997,Q3,"     4,000 - 5,999",24.1,9.2,25.2,6.6,6.1,1.4,1.6,0.3,0.7,0.3,[*7],[*7],0.9,0.2,57.8,3.0
1997,Q3,"     6,000 - 7,999",21.5,8.2,24.7,6.4,18.7,4.5,9.8,2.0,4.2,1.7,0.7,0.6,4.9,1.3,79.6,4.1
1997,Q3,"8,000 - 9,999",27.1,10.3,32.0,8.3,32.2,7.7,29.0,5.9,14.1,5.8,3.0,2.5,17.1,4.7,137.4,7.1
1997,Q3,"10,000 - 14,999",44.3,16.9,66.9,17.4,80.7,19.3,104.9,21.2,46.0,19.0,18.6,14.9,64.6,17.6,361.4,18.8
1997,Q3,"15,000 - 19,999",21.3,8.1,49.3,12.8,69.0,16.5,86.6,17.5,36.9,15.2,17.0,13.7,54.0,14.7,280.2,14.6
1997,Q3,"20,000 - 24,999",16.7,6.4,38.5,10.0,62.9,15.1,72.6,14.7,35.5,14.7,16.1,12.9,51.6,14.1,242.4,12.6
1997,Q3,"25,000 - 29,999",11.1,4.2,25.7,6.7,34.4,8.2,46.8,9.5,25.6,10.6,13.8,11.1,39.4,10.7,157.4,8.2
1997,Q3,"30,000 - 34,999",8.8,3.4,25.9,6.7,27.3,6.5,37.3,7.5,22.6,9.3,11.9,9.6,34.6,9.4,133.8,7.0
1997,Q3,"35,000 - 39,999",4.9,1.9,13.4,3.5,16.9,4.0,23.3,4.7,14.0,5.8,11.6,9.3,25.6,7.0,84.0,4.4
1997,Q3,"40,000 - 44,999",4.5,1.7,9.8,2.6,14.4,3.5,18.9,3.8,11.4,4.7,8.5,6.8,19.9,5.4,67.5,3.5
1997,Q3,"45,000 - 49,999",1.7,0.7,8.8,2.3,7.7,1.9,10.3,2.1,7.2,3.0,6.1,4.9,13.3,3.6,41.9,2.2
1997,Q3,"50,000 - 59,999",5.4,2.1,13.8,3.6,12.7,3.0,16.6,3.4,9.9,4.1,6.1,4.9,16.1,4.4,64.6,3.4
1997,Q3,"60,000 - 79,999",5.3,2.0,13.7,3.6,14.5,3.5,14.4,2.9,6.4,2.6,5.6,4.5,12.0,3.3,59.9,3.1
1997,Q3,"≥ 80,000",6.7,2.6,15.3,4.0,16.1,3.9,20.6,4.2,7.1,2.9,4.8,3.9,11.9,3.3,70.7,3.7
1997,Q3,"     80,000 - 99,999",2.8,1.1,5.3,1.4,7.7,1.8,9.4,1.9,2.6,1.1,2.8,2.2,5.3,1.5,30.5,1.6
1997,Q3,"     ≥ 100,000",4.0,1.5,9.9,2.6,8.5,2.0,11.2,2.3,4.6,1.9,2.0,1.6,6.6,1.8,40.1,2.1
1997,Q3,Total,262.2,100.0,384.3,100.0,417.4,100.0,493.7,100.0,242.5,100.0,124.2,100.0,366.7,100.0,1924.1,100.0
1997,Q4,"< 8,000",101.1,38.3,73.6,18.5,24.1,5.7,12.6,2.5,4.4,1.8,1.2,1.1,5.7,1.6,217.1,11.2
1997,Q4,"     < 4,000",56.0,21.2,22.0,5.5,3.4,0.8,1.0,0.2,0.9,0.4,[*7],[*7],1.1,0.3,83.4,4.3
1997,Q4,"     4,000 - 5,999",24.3,9.2,28.0,7.0,4.7,1.1,2.4,0.5,0.7,0.3,[*7],[*7],1.2,0.3,60.5,3.1
1997,Q4,"     6,000 - 7,999",20.8,7.9,23.6,5.9,16.1,3.8,9.3,1.9,2.9,1.2,0.5,0.5,3.4,1.0,73.1,3.8
1997,Q4,"8,000 - 9,999",26.5,10.0,30.8,7.7,26.2,6.2,27.2,5.5,11.1,4.6,4.0,3.5,15.1,4.3,125.8,6.5
1997,Q4,"10,000 - 14,999",47.2,17.9,66.2,16.6,84.7,20.1,99.3,20.0,45.8,19.0,13.9,12.1,59.7,16.8,357.1,18.5
1997,Q4,"15,000 - 19,999",22.6,8.6,49.4,12.4,71.6,17.0,84.7,17.1,39.5,16.4,15.4,13.5,54.9,15.5,283.2,14.6
1997,Q4,"20,000 - 24,999",18.6,7.0,41.6,10.4,59.2,14.0,72.6,14.7,32.3,13.4,15.3,13.4,47.7,13.4,239.6,12.4
1997,Q4,"25,000 - 29,999",11.1,4.2,27.8,7.0,38.3,9.1,49.0,9.9,26.5,11.0,12.7,11.1,39.2,11.1,165.4,8.5
1997,Q4,"30,000 - 34,999",9.9,3.8,26.7,6.7,29.9,7.1,38.7,7.8,23.1,9.6,11.3,9.8,34.4,9.7,139.6,7.2
1997,Q4,"35,000 - 39,999",4.4,1.7,15.1,3.8,18.2,4.3,25.0,5.0,15.9,6.6,9.6,8.4,25.5,7.2,88.1,4.6
1997,Q4,"40,000 - 44,999",5.2,2.0,15.0,3.8,14.2,3.4,19.8,4.0,10.4,4.3,9.1,7.9,19.5,5.5,73.7,3.8
1997,Q4,"45,000 - 49,999",2.1,0.8,8.5,2.1,7.1,1.7,11.6,2.4,7.7,3.2,5.8,5.0,13.5,3.8,42.8,2.2
1997,Q4,"50,000 - 59,999",3.9,1.5,12.2,3.1,14.3,3.4,16.8,3.4,9.3,3.9,7.6,6.6,16.9,4.7,64.0,3.3
1997,Q4,"60,000 - 79,999",5.2,2.0,13.5,3.4,15.3,3.6,15.7,3.2,7.4,3.1,4.7,4.1,12.1,3.4,61.9,3.2
1997,Q4,"≥ 80,000",6.5,2.5,18.0,4.5,19.5,4.6,22.4,4.5,7.1,2.9,3.9,3.4,10.9,3.1,77.3,4.0
1997,Q4,"     80,000 - 99,999",3.1,1.2,6.8,1.7,6.5,1.5,9.6,1.9,2.8,1.2,1.9,1.7,4.7,1.3,30.7,1.6
1997,Q4,"     ≥ 100,000",3.4,1.3,11.1,2.8,13.0,3.1,12.8,2.6,4.3,1.8,2.0,1.7,6.3,1.8,46.6,2.4
1997,Q4,Total,264.1,100.0,398.2,100.0,422.6,100.0,495.6,100.0,240.8,100.0,114.4,100.0,355.2,100.0,1935.5,100.0
1998,Q1,"< 8,000",137.5,48.4,96.9,24.6,34.6,8.4,20.6,4.1,7.4,3.0,2.3,2.0,9.7,2.7,299.3,15.4
1998,Q1,"     < 4,000",90.9,32.0,32.0,8.1,7.7,1.9,4.2,0.9,1.5,0.6,0.5,0.5,2.0,0.6,136.9,7.0
1998,Q1,"     4,000 - 5,999",26.7,9.4,38.7,9.8,8.7,2.1,4.6,0.9,1.5,0.6,0.5,0.4,2.0,0.5,80.6,4.1
1998,Q1,"     6,000 - 7,999",19.9,7.0,26.3,6.7,18.2,4.4,11.8,2.4,4.4,1.8,1.3,1.1,5.7,1.6,81.8,4.2
1998,Q1,"8,000 - 9,999",22.4,7.9,28.8,7.3,28.6,7.0,30.6,6.2,13.0,5.3,5.1,4.4,18.0,5.0,128.5,6.6
1998,Q1,"10,000 - 14,999",40.1,14.1,55.0,14.0,70.4,17.1,88.1,17.7,38.6,15.8,13.0,11.3,51.6,14.3,305.2,15.7
1998,Q1,"15,000 - 19,999",18.8,6.6,42.5,10.8,60.3,14.7,76.8,15.4,36.1,14.7,13.3,11.5,49.4,13.7,247.8,12.7
1998,Q1,"20,000 - 24,999",16.3,5.7,31.1,7.9,49.5,12.1,61.8,12.4,31.4,12.8,13.2,11.5,44.6,12.4,203.4,10.5
1998,Q1,"25,000 - 29,999",8.5,3.0,21.8,5.6,33.9,8.3,45.8,9.2,24.5,10.0,13.6,11.9,38.2,10.6,148.2,7.6
1998,Q1,"30,000 - 34,999",10.0,3.5,21.2,5.4,27.9,6.8,39.5,7.9,20.8,8.5,11.3,9.9,32.1,8.9,130.7,6.7
1998,Q1,"35,000 - 39,999",3.9,1.4,14.7,3.7,19.0,4.6,29.3,5.9,16.7,6.8,8.5,7.4,25.2,7.0,92.1,4.7
1998,Q1,"40,000 - 44,999",5.9,2.1,13.7,3.5,15.8,3.8,21.3,4.3,12.2,5.0,5.9,5.2,18.1,5.0,74.8,3.8
1998,Q1,"45,000 - 49,999",2.6,0.9,8.9,2.3,11.6,2.8,14.5,2.9,8.6,3.5,5.6,4.9,14.2,3.9,51.7,2.7
1998,Q1,"50,000 - 59,999",5.0,1.8,16.5,4.2,18.9,4.6,22.5,4.5,13.8,5.6,8.3,7.2,22.1,6.1,85.0,4.4
1998,Q1,"60,000 - 79,999",5.8,2.0,18.9,4.8,18.2,4.4,21.0,4.2,10.7,4.4,9.0,7.8,19.7,5.5,83.5,4.3
1998,Q1,"≥ 80,000",7.3,2.6,23.5,6.0,22.2,5.4,25.5,5.1,11.3,4.6,5.7,4.9,17.0,4.7,95.5,4.9
1998,Q1,"     80,000 - 99,999",3.2,1.1,8.4,2.1,8.5,2.1,10.1,2.0,5.1,2.1,2.7,2.3,7.8,2.2,38.1,2.0
1998,Q1,"     ≥ 100,000",4.0,1.4,15.1,3.8,13.7,3.3,15.4,3.1,6.2,2.5,3.0,2.6,9.2,2.5,57.3,2.9
1998,Q1,Total,284.1,100.0,393.5,100.0,410.8,100.0,497.2,100.0,245.1,100.0,114.8,100.0,359.9,100.0,1945.6,100.0
1998,Q2,"< 8,000",149.3,51.9,104.1,26.7,37.2,8.8,23.6,4.7,9.9,4.1,3.3,2.8,13.1,3.7,327.3,16.7
1998,Q2,"     < 4,000",97.6,33.9,33.9,8.7,7.0,1.7,5.1,1.0,1.6,0.7,0.6,0.5,2.2,0.6,145.8,7.4
1998,Q2,"     4,000 - 5,999",27.6,9.6,39.7,10.2,8.8,2.1,4.3,0.9,1.9,0.8,0.9,0.8,2.8,0.8,83.3,4.3
1998,Q2,"     6,000 - 7,999",24.2,8.4,30.4,7.8,21.3,5.0,14.2,2.9,6.4,2.7,1.7,1.5,8.1,2.3,98.2,5.0
1998,Q2,"8,000 - 9,999",23.6,8.2,32.8,8.4,34.1,8.1,35.6,7.1,11.7,4.9,3.8,3.2,15.5,4.3,141.6,7.2
1998,Q2,"10,000 - 14,999",42.6,14.8,59.2,15.2,84.0,19.8,94.2,18.8,46.0,19.2,16.1,13.6,62.1,17.4,342.0,17.5
1998,Q2,"15,000 - 19,999",18.1,6.3,40.8,10.5,70.1,16.6,87.6,17.5,38.5,16.1,15.9,13.5,54.4,15.2,271.0,13.8
1998,Q2,"20,000 - 24,999",13.3,4.6,38.1,9.8,54.1,12.8,67.3,13.5,31.9,13.3,14.4,12.2,46.3,13.0,219.1,11.2
1998,Q2,"25,000 - 29,999",9.0,3.1,21.8,5.6,30.9,7.3,49.8,10.0,25.1,10.5,14.4,12.2,39.5,11.0,151.0,7.7
1998,Q2,"30,000 - 34,999",8.2,2.8,22.9,5.9,30.5,7.2,39.5,7.9,20.9,8.7,13.8,11.7,34.7,9.7,135.8,6.9
1998,Q2,"35,000 - 39,999",3.6,1.3,12.6,3.2,15.9,3.8,23.6,4.7,16.0,6.7,7.9,6.7,23.8,6.7,79.5,4.1
1998,Q2,"40,000 - 44,999",5.0,1.7,10.3,2.6,13.7,3.2,16.8,3.4,11.1,4.7,7.1,6.0,18.2,5.1,63.9,3.3
1998,Q2,"45,000 - 49,999",2.3,0.8,8.7,2.2,9.4,2.2,11.6,2.3,6.0,2.5,5.2,4.4,11.2,3.1,43.2,2.2
1998,Q2,"50,000 - 59,999",3.5,1.2,14.0,3.6,13.0,3.1,14.7,2.9,9.2,3.8,6.9,5.9,16.1,4.5,61.3,3.1
1998,Q2,"60,000 - 79,999",4.3,1.5,10.7,2.7,14.3,3.4,16.5,3.3,6.9,2.9,4.8,4.1,11.7,3.3,57.6,2.9
1998,Q2,"≥ 80,000",4.7,1.6,13.8,3.6,16.2,3.8,19.0,3.8,6.4,2.7,4.1,3.5,10.4,2.9,64.2,3.3
1998,Q2,"     80,000 - 99,999",1.8,0.6,6.5,1.7,7.4,1.8,6.4,1.3,2.6,1.1,1.9,1.6,4.4,1.2,26.5,1.4
1998,Q2,"     ≥ 100,000",2.9,1.0,7.4,1.9,8.8,2.1,12.6,2.5,3.8,1.6,2.2,1.9,6.0,1.7,37.7,1.9
1998,Q2,Total,287.5,100.0,389.8,100.0,423.3,100.0,499.6,100.0,239.6,100.0,117.6,100.0,357.1,100.0,1957.4,100.0
1998,Q3,"< 8,000",134.7,50.0,107.9,26.9,39.7,8.9,27.5,5.5,10.8,4.6,3.7,3.2,14.5,4.2,324.2,16.5
1998,Q3,"     < 4,000",86.8,32.2,33.7,8.4,9.2,2.1,5.0,1.0,2.9,1.2,0.8,0.7,3.7,1.1,138.4,7.0
1998,Q3,"     4,000 - 5,999",26.7,9.9,40.9,10.2,10.0,2.2,6.1,1.2,2.3,1.0,[*7],[*7],2.6,0.8,86.4,4.4
1998,Q3,"     6,000 - 7,999",21.1,7.8,33.3,8.3,20.5,4.6,16.3,3.2,5.6,2.4,2.5,2.2,8.2,2.4,99.4,5.0
1998,Q3,"8,000 - 9,999",27.2,10.1,33.7,8.4,33.9,7.6,33.5,6.6,13.6,5.8,3.8,3.4,17.4,5.0,145.6,7.4
1998,Q3,"10,000 - 14,999",36.4,13.5,57.8,14.4,88.6,19.8,101.1,20.1,43.5,18.6,16.0,14.2,59.5,17.2,343.5,17.4
1998,Q3,"15,000 - 19,999",16.2,6.0,41.7,10.4,72.6,16.2,81.2,16.1,36.5,15.6,15.2,13.5,51.7,14.9,263.4,13.4
1998,Q3,"20,000 - 24,999",13.1,4.9,35.3,8.8,58.3,13.0,70.2,13.9,31.1,13.3,14.4,12.8,45.6,13.1,222.5,11.3
1998,Q3,"25,000 - 29,999",8.3,3.1,22.9,5.7,36.3,8.1,46.6,9.3,23.8,10.2,10.6,9.4,34.4,9.9,148.6,7.6
1998,Q3,"30,000 - 34,999",8.1,3.0,25.5,6.4,27.7,6.2,36.4,7.2,23.8,10.2,10.6,9.4,34.4,9.9,132.1,6.7
1998,Q3,"35,000 - 39,999",4.0,1.5,14.8,3.7,16.8,3.8,22.3,4.4,13.4,5.7,9.9,8.8,23.3,6.7,81.2,4.1
1998,Q3,"40,000 - 44,999",4.8,1.8,11.7,2.9,16.5,3.7,18.6,3.7,10.7,4.6,7.7,6.8,18.4,5.3,70.0,3.6
1998,Q3,"45,000 - 49,999",1.3,0.5,7.1,1.8,10.2,2.3,10.9,2.2,6.9,3.0,5.4,4.8,12.3,3.6,41.9,2.1
1998,Q3,"50,000 - 59,999",5.0,1.9,14.9,3.7,14.6,3.3,18.0,3.6,8.1,3.5,6.6,5.9,14.8,4.3,67.3,3.4
1998,Q3,"60,000 - 79,999",5.2,1.9,13.9,3.5,14.2,3.2,16.2,3.2,5.4,2.3,4.6,4.1,10.0,2.9,59.4,3.0
1998,Q3,"≥ 80,000",4.9,1.8,14.3,3.6,17.5,3.9,21.2,4.2,6.4,2.7,4.3,3.8,10.7,3.1,68.6,3.5
1998,Q3,"     80,000 - 99,999",2.0,0.7,7.3,1.8,8.3,1.8,9.8,1.9,2.4,1.0,2.1,1.8,4.5,1.3,31.8,1.6
1998,Q3,"     ≥ 100,000",3.0,1.1,7.0,1.7,9.3,2.1,11.4,2.3,3.9,1.7,2.2,2.0,6.2,1.8,36.8,1.9
1998,Q3,Total,269.3,100.0,401.5,100.0,446.9,100.0,503.5,100.0,234.1,100.0,112.9,100.0,347.0,100.0,1968.3,100.0
1998,Q4,"< 8,000",139.0,52.1,113.7,28.1,47.1,10.7,33.2,6.5,11.4,4.9,3.5,2.9,14.9,4.2,347.9,17.6
1998,Q4,"     < 4,000",91.9,34.4,38.9,9.6,10.8,2.5,8.1,1.6,2.2,0.9,0.7,0.6,2.9,0.8,152.6,7.7
1998,Q4,"     4,000 - 5,999",27.1,10.2,40.3,10.0,11.2,2.5,6.5,1.3,2.2,0.9,0.9,0.7,3.1,0.9,88.2,4.5
1998,Q4,"     6,000 - 7,999",20.0,7.5,34.5,8.5,25.1,5.7,18.6,3.7,7.1,3.0,1.9,1.5,8.9,2.5,107.1,5.4
1998,Q4,"8,000 - 9,999",23.0,8.6,33.6,8.3,36.6,8.3,37.3,7.3,15.3,6.6,4.2,3.5,19.6,5.5,150.0,7.6
1998,Q4,"10,000 - 14,999",35.3,13.2,58.6,14.5,84.6,19.2,99.2,19.5,44.8,19.3,18.4,15.2,63.2,17.9,341.0,17.3
1998,Q4,"15,000 - 19,999",17.5,6.5,39.0,9.6,70.6,16.0,86.2,17.0,36.0,15.5,17.9,14.7,53.9,15.2,267.1,13.5
1998,Q4,"20,000 - 24,999",11.5,4.3,39.7,9.8,54.5,12.4,66.4,13.1,30.5,13.1,15.7,13.0,46.2,13.1,218.2,11.1
1998,Q4,"25,000 - 29,999",6.8,2.5,24.4,6.0,33.1,7.5,44.7,8.8,23.3,10.0,14.8,12.2,38.1,10.8,147.0,7.4
1998,Q4,"30,000 - 34,999",7.9,3.0,19.7,4.9,27.3,6.2,34.1,6.7,20.8,8.9,10.2,8.4,31.0,8.8,120.0,6.1
1998,Q4,"35,000 - 39,999",5.0,1.9,12.5,3.1,17.5,4.0,23.9,4.7,14.3,6.1,10.1,8.4,24.4,6.9,83.3,4.2
1998,Q4,"40,000 - 44,999",5.3,2.0,13.4,3.3,15.4,3.5,18.1,3.6,8.4,3.6,7.4,6.1,15.8,4.5,68.0,3.4
1998,Q4,"45,000 - 49,999",2.0,0.8,7.3,1.8,8.3,1.9,13.3,2.6,5.6,2.4,5.0,4.1,10.6,3.0,41.5,2.1
1998,Q4,"50,000 - 59,999",4.1,1.5,13.8,3.4,15.0,3.4,16.6,3.3,7.7,3.3,5.2,4.3,12.9,3.6,62.3,3.2
1998,Q4,"60,000 - 79,999",4.3,1.6,11.7,2.9,13.7,3.1,16.4,3.2,7.6,3.3,4.8,3.9,12.4,3.5,58.6,3.0
1998,Q4,"≥ 80,000",5.1,1.9,17.6,4.4,17.5,4.0,18.9,3.7,6.7,2.9,4.1,3.4,10.8,3.1,70.0,3.5
1998,Q4,"     80,000 - 99,999",2.0,0.8,8.4,2.1,7.7,1.7,7.9,1.5,2.2,0.9,2.1,1.7,4.3,1.2,30.2,1.5
1998,Q4,"     ≥ 100,000",3.0,1.1,9.3,2.3,9.8,2.2,11.0,2.2,4.5,1.9,2.0,1.7,6.5,1.8,39.7,2.0
1998,Q4,Total,266.8,100.0,405.0,100.0,441.1,100.0,508.3,100.0,232.4,100.0,121.2,100.0,353.6,100.0,1974.8,100.0
1999,Q1,"< 8,000",139.9,52.7,114.7,28.6,49.1,10.9,37.0,7.2,12.2,5.3,3.6,3.2,15.8,4.6,356.6,18.0
1999,Q1,"     < 4,000",97.1,36.5,40.5,10.1,11.4,2.5,7.4,1.4,3.3,1.4,0.9,0.8,4.2,1.2,160.7,8.1
1999,Q1,"     4,000 - 5,999",22.7,8.6,43.3,10.8,11.9,2.6,8.1,1.6,2.3,1.0,0.9,0.8,3.2,0.9,89.2,4.5
1999,Q1,"     6,000 - 7,999",20.1,7.6,30.9,7.7,25.8,5.7,21.5,4.2,6.7,2.9,1.8,1.6,8.4,2.4,106.7,5.4
1999,Q1,"8,000 - 9,999",18.2,6.9,30.0,7.5,35.4,7.9,38.1,7.4,12.9,5.6,5.0,4.4,17.9,5.2,139.7,7.1
1999,Q1,"10,000 - 14,999",33.8,12.7,51.2,12.8,78.0,17.3,91.5,17.8,40.6,17.5,15.2,13.3,55.8,16.1,310.2,15.7
1999,Q1,"15,000 - 19,999",14.8,5.6,37.9,9.5,66.3,14.7,76.7,14.9,34.4,14.9,15.5,13.5,49.9,14.4,245.6,12.4
1999,Q1,"20,000 - 24,999",15.2,5.7,31.0,7.7,56.3,12.5,65.7,12.8,31.7,13.7,13.6,11.9,45.2,13.1,213.4,10.8
1999,Q1,"25,000 - 29,999",7.0,2.6,23.1,5.8,34.9,7.7,42.6,8.3,21.0,9.1,13.9,12.2,35.0,10.1,142.5,7.2
1999,Q1,"30,000 - 34,999",8.2,3.1,23.3,5.8,26.5,5.9,40.1,7.8,20.9,9.0,9.5,8.3,30.4,8.8,128.5,6.5
1999,Q1,"35,000 - 39,999",5.7,2.1,12.2,3.0,17.0,3.8,21.1,4.1,12.2,5.3,8.7,7.6,20.9,6.0,76.9,3.9
1999,Q1,"40,000 - 44,999",5.3,2.0,14.8,3.7,14.9,3.3,23.2,4.5,9.6,4.1,7.0,6.1,16.6,4.8,74.8,3.8
1999,Q1,"45,000 - 49,999",1.9,0.7,7.5,1.9,10.6,2.4,13.5,2.6,6.8,3.0,5.0,4.3,11.8,3.4,45.3,2.3
1999,Q1,"50,000 - 59,999",4.5,1.7,15.4,3.8,18.6,4.1,19.1,3.7,9.7,4.2,6.5,5.7,16.2,4.7,73.8,3.7
1999,Q1,"60,000 - 79,999",4.4,1.6,16.3,4.1,17.3,3.8,20.1,3.9,10.1,4.4,5.5,4.8,15.6,4.5,73.7,3.7
1999,Q1,"≥ 80,000",6.8,2.6,23.0,5.7,24.9,5.5,26.3,5.1,9.5,4.1,5.3,4.6,14.8,4.3,95.8,4.8
1999,Q1,"     80,000 - 99,999",2.8,1.1,8.6,2.2,10.3,2.3,9.8,1.9,3.9,1.7,2.3,2.0,6.2,1.8,37.8,1.9
1999,Q1,"     ≥ 100,000",4.0,1.5,14.4,3.6,14.6,3.2,16.4,3.2,5.7,2.4,3.0,2.6,8.6,2.5,58.0,2.9
1999,Q1,Total,265.7,100.0,400.4,100.0,449.8,100.0,514.9,100.0,231.8,100.0,114.2,100.0,346.0,100.0,1976.9,100.0
1999,Q2,"< 8,000",151.2,52.5,112.2,26.7,51.2,11.3,30.1,6.0,10.5,4.7,4.7,4.3,15.2,4.6,359.9,18.0
1999,Q2,"     < 4,000",102.9,35.7,38.0,9.0,12.9,2.8,6.1,1.2,2.3,1.0,1.0,0.9,3.3,1.0,163.2,8.2
1999,Q2,"     4,000 - 5,999",28.0,9.7,38.6,9.2,12.3,2.7,5.2,1.0,2.4,1.0,1.1,1.0,3.4,1.0,87.5,4.4
1999,Q2,"     6,000 - 7,999",20.3,7.1,35.6,8.5,26.1,5.7,18.9,3.7,5.8,2.6,2.6,2.4,8.4,2.5,109.2,5.5
1999,Q2,"8,000 - 9,999",20.4,7.1,29.7,7.1,33.7,7.4,34.1,6.8,14.4,6.4,4.1,3.8,18.5,5.6,136.3,6.8
1999,Q2,"10,000 - 14,999",37.6,13.0,61.5,14.6,86.8,19.1,96.7,19.2,41.5,18.4,16.1,14.9,57.6,17.3,340.2,17.0
1999,Q2,"15,000 - 19,999",18.2,6.3,42.3,10.1,69.4,15.3,86.9,17.2,37.5,16.7,13.0,12.1,50.6,15.2,267.5,13.4
1999,Q2,"20,000 - 24,999",14.7,5.1,39.1,9.3,55.6,12.2,68.0,13.5,31.9,14.2,15.4,14.3,47.3,14.2,224.8,11.2
1999,Q2,"25,000 - 29,999",9.8,3.4,26.6,6.3,33.7,7.4,45.4,9.0,21.4,9.5,12.0,11.2,33.4,10.0,148.9,7.4
1999,Q2,"30,000 - 34,999",9.3,3.2,24.7,5.9,31.1,6.8,35.3,7.0,18.8,8.3,9.5,8.8,28.3,8.5,128.7,6.4
1999,Q2,"35,000 - 39,999",5.0,1.7,12.9,3.1,17.4,3.8,21.6,4.3,11.8,5.2,7.8,7.2,19.6,5.9,76.5,3.8
1999,Q2,"40,000 - 44,999",4.6,1.6,15.0,3.6,17.9,3.9,19.1,3.8,9.9,4.4,5.4,5.0,15.3,4.6,71.9,3.6
1999,Q2,"45,000 - 49,999",1.9,0.7,6.7,1.6,8.3,1.8,10.7,2.1,5.8,2.6,4.3,4.0,10.2,3.0,37.7,1.9
1999,Q2,"50,000 - 59,999",4.4,1.5,14.9,3.5,16.2,3.6,16.3,3.2,7.8,3.4,7.5,6.9,15.2,4.6,67.0,3.3
1999,Q2,"60,000 - 79,999",4.9,1.7,17.4,4.1,16.9,3.7,17.0,3.4,7.7,3.4,4.7,4.3,12.3,3.7,68.5,3.4
1999,Q2,"≥ 80,000",6.2,2.2,17.6,4.2,16.6,3.6,23.5,4.7,6.5,2.9,3.2,3.0,9.8,2.9,73.7,3.7
1999,Q2,"     80,000 - 99,999",2.0,0.7,7.8,1.8,6.6,1.4,10.1,2.0,3.1,1.4,2.0,1.9,5.1,1.5,31.5,1.6
1999,Q2,"     ≥ 100,000",4.2,1.5,9.8,2.3,10.0,2.2,13.4,2.7,3.5,1.5,1.2,1.1,4.7,1.4,42.2,2.1
1999,Q2,Total,288.1,100.0,420.4,100.0,455.0,100.0,504.7,100.0,225.4,100.0,107.9,100.0,333.3,100.0,2001.6,100.0
1999,Q3,"< 8,000",141.0,51.8,113.1,28.0,50.9,11.1,34.7,6.7,13.3,5.6,3.8,3.2,17.1,4.8,356.7,17.8
1999,Q3,"     < 4,000",94.7,34.8,41.8,10.4,13.1,2.8,7.4,1.4,2.6,1.1,1.0,0.9,3.6,1.0,160.6,8.0
1999,Q3,"     4,000 - 5,999",25.6,9.4,40.6,10.1,13.1,2.9,8.0,1.5,3.0,1.3,0.9,0.8,3.9,1.1,91.2,4.5
1999,Q3,"     6,000 - 7,999",20.7,7.6,30.7,7.6,24.7,5.4,19.3,3.7,7.6,3.2,1.9,1.6,9.5,2.7,104.9,5.2
1999,Q3,"8,000 - 9,999",22.6,8.3,28.7,7.1,35.7,7.8,35.4,6.8,15.0,6.3,5.3,4.5,20.3,5.7,142.6,7.1
1999,Q3,"10,000 - 14,999",32.0,11.8,55.3,13.7,87.8,19.2,107.9,20.8,44.0,18.5,18.7,15.8,62.7,17.6,345.6,17.2
1999,Q3,"15,000 - 19,999",18.1,6.6,42.8,10.6,74.3,16.2,86.2,16.6,39.1,16.5,18.8,15.9,57.9,16.3,279.3,13.9
1999,Q3,"20,000 - 24,999",14.3,5.3,36.6,9.1,59.2,12.9,70.3,13.6,31.5,13.3,15.4,13.0,46.9,13.2,227.2,11.3
1999,Q3,"25,000 - 29,999",8.6,3.2,23.8,5.9,34.5,7.5,43.3,8.4,21.6,9.1,12.9,10.9,34.5,9.7,144.7,7.2
1999,Q3,"30,000 - 34,999",9.3,3.4,21.8,5.4,28.8,6.3,35.5,6.8,19.7,8.3,12.6,10.6,32.3,9.1,127.6,6.4
1999,Q3,"35,000 - 39,999",3.8,1.4,14.3,3.5,18.0,3.9,21.2,4.1,12.2,5.1,7.6,6.4,19.7,5.5,77.0,3.8
1999,Q3,"40,000 - 44,999",4.4,1.6,15.5,3.8,17.6,3.8,20.3,3.9,10.0,4.2,6.3,5.3,16.3,4.6,74.0,3.7
1999,Q3,"45,000 - 49,999",1.9,0.7,6.5,1.6,8.2,1.8,11.0,2.1,6.8,2.8,3.4,2.9,10.1,2.9,37.7,1.9
1999,Q3,"50,000 - 59,999",3.8,1.4,13.2,3.3,12.8,2.8,17.9,3.5,9.0,3.8,6.3,5.3,15.3,4.3,63.0,3.1
1999,Q3,"60,000 - 79,999",5.2,1.9,14.8,3.7,15.5,3.4,15.1,2.9,7.7,3.2,3.9,3.3,11.6,3.2,62.2,3.1
1999,Q3,"≥ 80,000",7.1,2.6,17.4,4.3,14.8,3.2,19.5,3.8,7.5,3.2,3.6,3.1,11.1,3.1,69.9,3.5
1999,Q3,"     80,000 - 99,999",2.3,0.9,6.8,1.7,5.6,1.2,8.5,1.6,3.5,1.5,2.2,1.9,5.7,1.6,29.0,1.4
1999,Q3,"     ≥ 100,000",4.8,1.8,10.5,2.6,9.2,2.0,11.0,2.1,4.0,1.7,1.4,1.2,5.4,1.5,40.9,2.0
1999,Q3,Total,272.2,100.0,403.7,100.0,457.9,100.0,518.2,100.0,237.1,100.0,118.5,100.0,355.7,100.0,2007.7,100.0
1999,Q4,"< 8,000",149.5,54.1,113.8,28.3,51.3,11.0,31.9,6.2,11.9,5.0,4.1,3.5,16.0,4.5,362.6,18.0
1999,Q4,"     < 4,000",101.9,36.9,42.4,10.6,12.2,2.6,7.8,1.5,3.0,1.3,1.0,0.8,4.0,1.1,168.3,8.4
1999,Q4,"     4,000 - 5,999",26.9,9.7,37.5,9.3,14.1,3.0,7.0,1.4,2.5,1.0,0.9,0.8,3.3,0.9,88.9,4.4
1999,Q4,"     6,000 - 7,999",20.7,7.5,33.9,8.5,24.9,5.4,17.1,3.3,6.5,2.7,2.2,1.9,8.7,2.5,105.4,5.2
1999,Q4,"8,000 - 9,999",22.3,8.1,31.1,7.7,39.3,8.4,35.5,6.9,16.1,6.8,6.1,5.3,22.3,6.3,150.5,7.5
1999,Q4,"10,000 - 14,999",31.4,11.4,53.8,13.4,89.9,19.3,104.5,20.4,46.4,19.5,15.7,13.5,62.1,17.6,341.7,17.0
1999,Q4,"15,000 - 19,999",17.4,6.3,37.6,9.4,75.8,16.3,87.2,17.0,38.4,16.2,15.5,13.4,53.9,15.3,272.0,13.5
1999,Q4,"20,000 - 24,999",13.4,4.9,37.8,9.4,61.3,13.2,71.3,13.9,31.3,13.2,14.7,12.6,46.0,13.0,229.8,11.4
1999,Q4,"25,000 - 29,999",9.9,3.6,23.8,5.9,32.3,6.9,42.7,8.3,23.9,10.1,12.1,10.5,36.0,10.2,144.7,7.2
1999,Q4,"30,000 - 34,999",8.5,3.1,23.0,5.7,30.0,6.5,37.3,7.3,19.6,8.3,13.1,11.3,32.7,9.3,131.5,6.5
1999,Q4,"35,000 - 39,999",3.5,1.3,14.0,3.5,16.5,3.5,22.2,4.3,12.4,5.2,8.0,6.9,20.4,5.8,76.5,3.8
1999,Q4,"40,000 - 44,999",4.5,1.6,16.3,4.1,14.2,3.0,19.8,3.9,7.9,3.3,7.0,6.0,14.9,4.2,69.6,3.5
1999,Q4,"45,000 - 49,999",2.4,0.9,7.3,1.8,8.5,1.8,10.8,2.1,5.6,2.4,5.7,4.9,11.3,3.2,40.3,2.0
1999,Q4,"50,000 - 59,999",4.3,1.6,11.8,2.9,13.8,3.0,16.7,3.3,7.8,3.3,6.1,5.2,13.9,3.9,60.5,3.0
1999,Q4,"60,000 - 79,999",3.9,1.4,12.4,3.1,14.3,3.1,15.0,2.9,8.9,3.8,4.8,4.2,13.8,3.9,59.5,3.0
1999,Q4,"≥ 80,000",5.2,1.9,18.8,4.7,17.9,3.8,18.6,3.6,6.9,2.9,3.1,2.7,10.1,2.8,70.5,3.5
1999,Q4,"     80,000 - 99,999",2.0,0.7,8.1,2.0,7.2,1.6,7.4,1.4,3.6,1.5,1.5,1.3,5.1,1.4,29.8,1.5
1999,Q4,"     ≥ 100,000",3.2,1.2,10.7,2.7,10.6,2.3,11.2,2.2,3.4,1.4,1.6,1.3,5.0,1.4,40.7,2.0
1999,Q4,Total,276.4,100.0,401.6,100.0,465.1,100.0,513.3,100.0,237.3,100.0,116.0,100.0,353.4,100.0,2009.7,100.0
2000,Q1,"< 8,000",153.0,54.9,110.8,26.9,47.5,10.2,34.2,6.7,10.4,4.4,4.3,3.7,14.7,4.2,360.2,17.9
2000,Q1,"     < 4,000",108.7,39.0,39.8,9.6,10.8,2.3,9.0,1.8,2.7,1.1,1.1,0.9,3.8,1.1,172.1,8.5
2000,Q1,"     4,000 - 5,999",24.6,8.8,40.4,9.8,11.0,2.4,6.3,1.3,2.4,1.0,1.0,0.8,3.3,0.9,85.7,4.3
2000,Q1,"     6,000 - 7,999",19.7,7.0,30.6,7.4,25.7,5.5,18.9,3.7,5.4,2.3,2.2,1.9,7.6,2.2,102.4,5.1
2000,Q1,"8,000 - 9,999",17.5,6.3,27.2,6.6,33.4,7.2,32.9,6.5,14.8,6.3,3.9,3.4,18.6,5.3,129.7,6.4
2000,Q1,"10,000 - 14,999",27.6,9.9,53.9,13.1,80.8,17.3,91.4,18.0,45.8,19.5,16.1,14.0,61.9,17.7,315.5,15.7
2000,Q1,"15,000 - 19,999",15.2,5.4,39.2,9.5,64.0,13.7,76.8,15.1,31.8,13.5,14.7,12.8,46.4,13.3,241.6,12.0
2000,Q1,"20,000 - 24,999",12.6,4.5,35.7,8.7,58.5,12.5,61.4,12.1,29.7,12.7,14.0,12.2,43.7,12.5,211.9,10.5
2000,Q1,"25,000 - 29,999",7.7,2.8,23.5,5.7,33.8,7.2,44.5,8.8,22.1,9.4,11.2,9.7,33.2,9.5,142.7,7.1
2000,Q1,"30,000 - 34,999",11.2,4.0,22.6,5.5,33.3,7.1,35.3,7.0,17.5,7.4,11.4,9.9,28.9,8.3,131.3,6.5
2000,Q1,"35,000 - 39,999",5.8,2.1,14.5,3.5,15.9,3.4,26.6,5.3,13.2,5.6,7.5,6.5,20.7,5.9,83.5,4.1
2000,Q1,"40,000 - 44,999",5.7,2.0,15.8,3.8,18.9,4.1,22.1,4.4,10.5,4.5,8.0,6.9,18.4,5.3,80.9,4.0
2000,Q1,"45,000 - 49,999",2.9,1.0,9.3,2.2,12.3,2.6,13.4,2.6,7.2,3.1,5.1,4.4,12.3,3.5,50.1,2.5
2000,Q1,"50,000 - 59,999",5.0,1.8,15.0,3.6,20.2,4.3,19.5,3.8,10.7,4.6,6.9,6.0,17.6,5.0,77.3,3.8
2000,Q1,"60,000 - 79,999",6.4,2.3,19.1,4.6,20.6,4.4,23.1,4.6,11.8,5.0,6.9,6.0,18.7,5.3,88.0,4.4
2000,Q1,"≥ 80,000",8.3,3.0,26.0,6.3,27.1,5.8,25.9,5.1,9.4,4.0,5.0,4.4,14.4,4.1,101.7,5.0
2000,Q1,"     80,000 - 99,999",2.7,1.0,10.0,2.4,9.6,2.1,8.8,1.7,4.0,1.7,2.7,2.3,6.7,1.9,37.8,1.9
2000,Q1,"     ≥ 100,000",5.5,2.0,16.0,3.9,17.5,3.8,17.1,3.4,5.4,2.3,2.4,2.0,7.7,2.2,63.9,3.2
2000,Q1,Total,278.9,100.0,412.3,100.0,466.3,100.0,507.1,100.0,234.8,100.0,114.9,100.0,349.7,100.0,2014.4,100.0
2000,Q2,"< 8,000",146.4,53.6,116.8,27.3,51.2,11.0,29.6,5.7,10.4,4.5,4.6,4.3,15.0,4.4,359.0,17.7
2000,Q2,"     < 4,000",99.6,36.5,44.7,10.4,11.7,2.5,5.6,1.1,1.2,0.5,1.1,1.0,2.3,0.7,163.9,8.1
2000,Q2,"     4,000 - 5,999",26.6,9.7,37.2,8.7,13.4,2.9,6.2,1.2,2.2,1.0,0.8,0.8,3.1,0.9,86.5,4.3
2000,Q2,"     6,000 - 7,999",20.2,7.4,35.0,8.2,26.1,5.6,17.8,3.4,6.9,3.0,2.7,2.5,9.6,2.8,108.7,5.4
2000,Q2,"8,000 - 9,999",19.5,7.2,32.1,7.5,34.8,7.5,32.9,6.3,12.9,5.6,2.9,2.7,15.9,4.7,135.3,6.7
2000,Q2,"10,000 - 14,999",30.6,11.2,60.2,14.1,87.9,18.9,103.0,19.7,43.5,18.7,15.9,14.9,59.4,17.5,341.1,16.8
2000,Q2,"15,000 - 19,999",20.0,7.3,43.2,10.1,66.5,14.3,85.6,16.4,39.8,17.1,16.5,15.5,56.3,16.6,271.7,13.4
2000,Q2,"20,000 - 24,999",13.7,5.0,38.0,8.9,61.2,13.2,73.5,14.1,30.9,13.3,15.1,14.2,45.9,13.5,232.4,11.5
2000,Q2,"25,000 - 29,999",6.2,2.3,27.2,6.4,37.1,8.0,46.0,8.8,22.9,9.8,13.4,12.5,36.3,10.7,152.8,7.5
2000,Q2,"30,000 - 34,999",9.9,3.6,23.7,5.5,30.4,6.6,38.9,7.4,19.9,8.6,9.9,9.3,29.8,8.8,132.7,6.5
2000,Q2,"35,000 - 39,999",4.5,1.6,14.8,3.5,16.4,3.5,23.8,4.6,13.1,5.6,6.3,5.9,19.4,5.7,79.0,3.9
2000,Q2,"40,000 - 44,999",5.2,1.9,14.5,3.4,17.0,3.7,19.9,3.8,9.3,4.0,4.5,4.2,13.8,4.1,70.5,3.5
2000,Q2,"45,000 - 49,999",2.0,0.7,7.5,1.8,9.7,2.1,12.8,2.4,6.9,3.0,4.0,3.8,10.9,3.2,42.9,2.1
2000,Q2,"50,000 - 59,999",3.9,1.4,14.3,3.3,16.0,3.4,15.8,3.0,8.7,3.7,6.0,5.6,14.7,4.3,64.7,3.2
2000,Q2,"60,000 - 79,999",5.3,1.9,16.6,3.9,16.7,3.6,18.5,3.5,7.7,3.3,4.2,4.0,11.9,3.5,69.0,3.4
2000,Q2,"≥ 80,000",5.9,2.2,19.0,4.4,18.8,4.0,22.4,4.3,6.5,2.8,3.4,3.2,9.8,2.9,75.9,3.7
2000,Q2,"     80,000 - 99,999",2.2,0.8,7.7,1.8,7.8,1.7,8.3,1.6,2.2,1.0,1.5,1.4,3.7,1.1,29.7,1.5
2000,Q2,"     ≥ 100,000",3.8,1.4,11.3,2.6,11.0,2.4,14.1,2.7,4.2,1.8,1.9,1.8,6.1,1.8,46.3,2.3
2000,Q2,Total,273.1,100.0,428.0,100.0,463.8,100.0,522.9,100.0,232.6,100.0,106.6,100.0,339.1,100.0,2026.9,100.0
2000,Q3,"< 8,000",146.6,52.3,124.1,28.8,53.4,11.2,29.2,5.5,11.0,4.9,2.9,2.8,13.9,4.2,367.3,18.0
2000,Q3,"     < 4,000",98.7,35.2,46.4,10.8,12.3,2.6,5.0,0.9,2.0,0.9,0.7,0.6,2.6,0.8,165.0,8.1
2000,Q3,"     4,000 - 5,999",28.4,10.1,43.6,10.1,13.2,2.8,6.8,1.3,2.1,0.9,0.5,0.5,2.6,0.8,94.6,4.6
2000,Q3,"     6,000 - 7,999",19.5,7.0,34.2,7.9,27.9,5.9,17.4,3.3,7.0,3.1,1.7,1.7,8.7,2.6,107.6,5.3
2000,Q3,"8,000 - 9,999",17.7,6.3,29.1,6.8,33.1,6.9,32.8,6.2,12.3,5.5,4.1,4.0,16.5,5.0,129.2,6.3
2000,Q3,"10,000 - 14,999",32.5,11.6,60.1,14.0,90.5,19.0,100.3,19.0,40.1,17.7,18.2,17.6,58.4,17.7,341.6,16.7
2000,Q3,"15,000 - 19,999",19.8,7.1,43.8,10.2,72.6,15.2,87.6,16.6,36.6,16.2,15.7,15.1,52.2,15.8,275.9,13.5
2000,Q3,"20,000 - 24,999",15.6,5.5,37.6,8.7,60.8,12.8,76.8,14.5,30.4,13.4,15.0,14.5,45.4,13.8,236.2,11.6
2000,Q3,"25,000 - 29,999",9.5,3.4,25.8,6.0,39.5,8.3,46.5,8.8,21.7,9.6,11.0,10.6,32.7,9.9,153.9,7.5
2000,Q3,"30,000 - 34,999",9.3,3.3,26.6,6.2,29.1,6.1,38.6,7.3,20.3,9.0,8.6,8.3,29.0,8.8,132.6,6.5
2000,Q3,"35,000 - 39,999",5.5,1.9,11.6,2.7,17.8,3.7,24.3,4.6,12.2,5.4,7.1,6.8,19.2,5.8,78.4,3.8
2000,Q3,"40,000 - 44,999",5.7,2.0,14.4,3.3,16.5,3.5,20.7,3.9,9.7,4.3,6.5,6.3,16.3,4.9,73.6,3.6
2000,Q3,"45,000 - 49,999",2.6,0.9,9.0,2.1,11.7,2.5,9.5,1.8,7.4,3.3,3.5,3.4,10.9,3.3,43.6,2.1
2000,Q3,"50,000 - 59,999",4.3,1.5,14.3,3.3,17.7,3.7,17.4,3.3,7.6,3.4,5.4,5.2,13.0,3.9,66.7,3.3
2000,Q3,"60,000 - 79,999",4.3,1.5,16.4,3.8,16.2,3.4,23.3,4.4,8.6,3.8,2.9,2.8,11.5,3.5,71.7,3.5
2000,Q3,"≥ 80,000",7.0,2.5,17.5,4.1,17.5,3.7,21.1,4.0,8.4,3.7,2.6,2.6,11.0,3.3,74.1,3.6
2000,Q3,"     80,000 - 99,999",3.2,1.1,7.5,1.7,6.4,1.3,9.0,1.7,3.1,1.4,1.1,1.1,4.2,1.3,30.3,1.5
2000,Q3,"     ≥ 100,000",3.8,1.4,10.0,2.3,11.1,2.3,12.1,2.3,5.3,2.3,1.5,1.5,6.8,2.1,43.8,2.1
2000,Q3,Total,280.4,100.0,430.3,100.0,476.2,100.0,527.9,100.0,226.4,100.0,103.5,100.0,330.0,100.0,2044.8,100.0
2000,Q4,"< 8,000",154.3,54.2,122.6,28.1,51.4,10.7,31.6,5.9,10.0,4.5,2.7,2.6,12.8,3.9,372.6,18.1
2000,Q4,"     < 4,000",106.6,37.5,46.9,10.7,12.4,2.6,6.7,1.3,1.6,0.7,0.8,0.8,2.3,0.7,175.0,8.5
2000,Q4,"     4,000 - 5,999",28.7,10.1,42.2,9.7,11.5,2.4,7.2,1.4,2.3,1.0,0.6,0.6,2.8,0.9,92.4,4.5
2000,Q4,"     6,000 - 7,999",19.0,6.7,33.5,7.7,27.5,5.7,17.7,3.3,6.2,2.8,1.4,1.3,7.6,2.3,105.3,5.1
2000,Q4,"8,000 - 9,999",19.2,6.8,29.2,6.7,36.2,7.6,31.0,5.8,12.7,5.6,4.8,4.7,17.5,5.3,133.2,6.5
2000,Q4,"10,000 - 14,999",29.4,10.3,61.4,14.1,89.0,18.6,105.8,19.8,43.2,19.2,17.7,17.1,60.9,18.6,346.5,16.8
2000,Q4,"15,000 - 19,999",19.0,6.7,46.2,10.6,74.8,15.6,85.6,16.0,32.8,14.6,12.5,12.1,45.3,13.8,270.9,13.1
2000,Q4,"20,000 - 24,999",17.3,6.1,39.6,9.1,60.6,12.6,75.5,14.1,30.7,13.6,14.7,14.2,45.4,13.8,238.3,11.6
2000,Q4,"25,000 - 29,999",9.8,3.4,24.2,5.6,35.5,7.4,52.4,9.8,22.8,10.1,12.6,12.2,35.4,10.8,157.3,7.6
2000,Q4,"30,000 - 34,999",9.3,3.3,24.8,5.7,31.5,6.6,38.2,7.2,19.1,8.5,10.7,10.4,29.8,9.1,133.6,6.5
2000,Q4,"35,000 - 39,999",4.6,1.6,14.2,3.3,20.5,4.3,22.9,4.3,13.7,6.1,6.3,6.1,19.9,6.1,82.1,4.0
2000,Q4,"40,000 - 44,999",4.6,1.6,14.4,3.3,17.4,3.6,19.1,3.6,8.5,3.8,5.6,5.4,14.2,4.3,69.7,3.4
2000,Q4,"45,000 - 49,999",1.6,0.6,8.9,2.0,9.5,2.0,13.4,2.5,4.9,2.2,3.7,3.5,8.6,2.6,42.0,2.0
2000,Q4,"50,000 - 59,999",4.4,1.6,16.1,3.7,15.0,3.1,18.5,3.5,11.3,5.0,5.4,5.2,16.7,5.1,70.7,3.4
2000,Q4,"60,000 - 79,999",4.7,1.7,17.3,4.0,17.2,3.6,18.3,3.4,6.8,3.0,3.2,3.1,10.0,3.1,67.6,3.3
2000,Q4,"≥ 80,000",6.3,2.2,17.5,4.0,20.5,4.3,21.6,4.0,8.4,3.7,3.4,3.3,11.8,3.6,77.6,3.8
2000,Q4,"     80,000 - 99,999",2.9,1.0,7.5,1.7,7.9,1.6,9.1,1.7,3.4,1.5,1.3,1.2,4.6,1.4,32.1,1.6
2000,Q4,"     ≥ 100,000",3.3,1.2,10.0,2.3,12.6,2.6,12.5,2.3,5.0,2.2,2.1,2.0,7.1,2.2,45.5,2.2
2000,Q4,Total,284.6,100.0,436.4,100.0,478.9,100.0,533.9,100.0,225.0,100.0,103.2,100.0,328.2,100.0,2062.1,100.0
2001,Q1,"< 8,000",148.9,51.2,114.0,25.5,49.2,10.1,30.8,6.0,10.4,4.9,3.0,3.1,13.4,4.4,356.4,17.4
2001,Q1,"     < 4,000",97.3,33.5,36.3,8.1,11.4,2.3,6.2,1.2,2.0,1.0,0.9,1.0,3.0,1.0,154.3,7.5
2001,Q1,"     4,000 - 5,999",31.9,11.0,40.7,9.1,10.8,2.2,6.5,1.3,2.5,1.2,[*7],[*7],3.0,1.0,92.9,4.5
2001,Q1,"     6,000 - 7,999",19.7,6.8,37.0,8.3,27.0,5.5,18.0,3.5,5.8,2.8,1.7,1.7,7.5,2.4,109.2,5.3
2001,Q1,"8,000 - 9,999",21.8,7.5,27.4,6.1,31.8,6.5,30.3,5.9,10.4,4.9,3.9,4.1,14.3,4.6,125.6,6.1
2001,Q1,"10,000 - 14,999",33.9,11.7,59.9,13.4,80.7,16.5,86.2,16.8,33.5,15.9,12.9,13.4,46.4,15.1,307.2,15.0
2001,Q1,"15,000 - 19,999",19.2,6.6,45.4,10.2,67.1,13.7,74.6,14.5,29.8,14.1,11.6,12.0,41.4,13.4,247.6,12.1
2001,Q1,"20,000 - 24,999",16.5,5.7,39.8,8.9,61.4,12.5,64.3,12.5,25.7,12.2,11.9,12.3,37.6,12.2,219.7,10.7
2001,Q1,"25,000 - 29,999",8.9,3.0,26.9,6.0,38.3,7.8,44.1,8.6,20.4,9.7,10.5,10.9,30.9,10.1,149.0,7.3
2001,Q1,"30,000 - 34,999",9.4,3.2,27.0,6.0,32.7,6.7,38.7,7.5,16.3,7.7,9.8,10.2,26.1,8.5,134.0,6.5
2001,Q1,"35,000 - 39,999",4.6,1.6,16.8,3.8,23.2,4.7,26.1,5.1,13.2,6.3,7.1,7.4,20.4,6.6,91.1,4.4
2001,Q1,"40,000 - 44,999",6.4,2.2,16.6,3.7,19.8,4.0,25.0,4.9,10.2,4.9,6.0,6.2,16.2,5.3,84.0,4.1
2001,Q1,"45,000 - 49,999",2.7,0.9,9.1,2.0,10.8,2.2,14.7,2.9,7.3,3.4,3.9,4.0,11.1,3.6,48.5,2.4
2001,Q1,"50,000 - 59,999",5.8,2.0,20.4,4.6,20.7,4.2,24.1,4.7,12.6,6.0,5.9,6.1,18.5,6.0,89.4,4.4
2001,Q1,"60,000 - 79,999",5.4,1.9,17.6,3.9,23.5,4.8,23.1,4.5,10.3,4.9,6.4,6.6,16.6,5.4,86.3,4.2
2001,Q1,"≥ 80,000",7.5,2.6,26.1,5.8,30.5,6.2,31.8,6.2,10.9,5.2,3.8,3.9,14.7,4.8,110.5,5.4
2001,Q1,"     80,000 - 99,999",3.2,1.1,10.1,2.2,12.1,2.5,12.5,2.4,4.6,2.2,1.9,1.9,6.5,2.1,44.4,2.2
2001,Q1,"     ≥ 100,000",4.3,1.5,16.0,3.6,18.5,3.8,19.3,3.7,6.3,3.0,1.9,2.0,8.2,2.7,66.1,3.2
2001,Q1,Total,291.0,100.0,446.9,100.0,489.8,100.0,513.7,100.0,211.1,100.0,96.7,100.0,307.8,100.0,2049.2,100.0
2001,Q2,"< 8,000",149.4,50.6,120.2,26.7,44.9,9.2,24.9,4.8,9.9,4.7,2.3,2.5,12.2,4.1,351.7,17.1
2001,Q2,"     < 4,000",94.0,31.8,35.9,8.0,9.4,1.9,5.6,1.1,2.4,1.2,0.5,0.6,2.9,1.0,147.7,7.2
2001,Q2,"     4,000 - 5,999",30.6,10.3,44.3,9.8,11.4,2.3,5.3,1.0,2.1,1.0,[*7],[*7],2.2,0.7,93.8,4.6
2001,Q2,"     6,000 - 7,999",24.9,8.4,40.0,8.9,24.1,4.9,14.0,2.7,5.4,2.6,1.6,1.8,7.0,2.3,110.1,5.4
2001,Q2,"8,000 - 9,999",21.5,7.3,32.5,7.2,32.6,6.7,31.0,5.9,11.9,5.7,3.5,3.8,15.4,5.1,132.9,6.5
2001,Q2,"10,000 - 14,999",35.9,12.1,62.0,13.8,95.5,19.5,99.3,19.1,36.4,17.5,14.4,15.8,50.8,16.9,343.4,16.7
2001,Q2,"15,000 - 19,999",21.0,7.1,47.6,10.6,81.3,16.6,82.5,15.8,33.0,15.8,11.8,12.9,44.8,14.9,277.1,13.5
2001,Q2,"20,000 - 24,999",18.4,6.2,42.1,9.4,62.8,12.8,71.0,13.6,28.6,13.7,10.3,11.2,38.9,13.0,233.3,11.3
2001,Q2,"25,000 - 29,999",8.7,2.9,29.3,6.5,36.3,7.4,49.1,9.4,19.6,9.4,10.8,11.8,30.4,10.1,153.8,7.5
2001,Q2,"30,000 - 34,999",9.7,3.3,24.2,5.4,34.0,7.0,37.2,7.1,17.2,8.2,9.1,9.9,26.2,8.7,131.4,6.4
2001,Q2,"35,000 - 39,999",5.6,1.9,15.5,3.4,18.1,3.7,27.9,5.4,11.6,5.6,8.2,8.9,19.7,6.6,86.7,4.2
2001,Q2,"40,000 - 44,999",4.8,1.6,15.2,3.4,17.1,3.5,22.0,4.2,8.9,4.3,5.2,5.7,14.1,4.7,73.2,3.6
2001,Q2,"45,000 - 49,999",3.3,1.1,8.3,1.8,10.5,2.2,13.1,2.5,8.1,3.9,3.4,3.7,11.5,3.8,46.6,2.3
2001,Q2,"50,000 - 59,999",4.9,1.7,16.4,3.6,17.8,3.6,19.5,3.7,8.0,3.8,4.9,5.3,12.9,4.3,71.5,3.5
2001,Q2,"60,000 - 79,999",5.4,1.8,17.1,3.8,17.7,3.6,20.2,3.9,7.8,3.7,5.2,5.6,12.9,4.3,73.4,3.6
2001,Q2,"≥ 80,000",6.8,2.3,20.3,4.5,20.4,4.2,23.3,4.5,7.4,3.6,2.6,2.9,10.1,3.4,80.9,3.9
2001,Q2,"     80,000 - 99,999",3.5,1.2,8.4,1.9,7.7,1.6,8.6,1.6,2.6,1.3,1.0,1.1,3.7,1.2,32.0,1.6
2001,Q2,"     ≥ 100,000",3.2,1.1,11.9,2.6,12.7,2.6,14.7,2.8,4.8,2.3,1.6,1.7,6.4,2.1,48.9,2.4
2001,Q2,Total,295.4,100.0,450.6,100.0,489.2,100.0,520.9,100.0,208.3,100.0,91.6,100.0,299.9,100.0,2055.9,100.0
2001,Q3,"< 8,000",157.0,51.0,124.5,27.0,51.8,10.8,32.7,6.3,10.8,5.1,2.4,2.6,13.2,4.4,379.1,18.3
2001,Q3,"     < 4,000",96.6,31.4,33.1,7.2,8.6,1.8,5.7,1.1,2.4,1.1,0.6,0.6,2.9,1.0,146.9,7.1
2001,Q3,"     4,000 - 5,999",32.5,10.6,47.6,10.3,15.3,3.2,7.7,1.5,1.9,0.9,0.5,0.6,2.4,0.8,105.6,5.1
2001,Q3,"     6,000 - 7,999",27.9,9.1,43.8,9.5,27.9,5.8,19.3,3.7,6.5,3.1,1.3,1.4,7.8,2.6,126.6,6.1
2001,Q3,"8,000 - 9,999",22.9,7.5,35.4,7.7,35.5,7.4,30.6,5.9,11.7,5.5,3.2,3.5,14.9,4.9,139.4,6.7
2001,Q3,"10,000 - 14,999",37.3,12.1,62.4,13.5,90.3,18.8,101.7,19.6,36.4,17.3,14.1,15.3,50.5,16.7,342.2,16.5
2001,Q3,"15,000 - 19,999",19.7,6.4,41.7,9.0,76.5,15.9,80.6,15.5,33.1,15.7,13.1,14.2,46.2,15.2,264.7,12.8
2001,Q3,"20,000 - 24,999",18.6,6.0,40.9,8.9,59.8,12.4,71.4,13.7,27.2,12.9,13.5,14.6,40.6,13.4,231.3,11.2
2001,Q3,"25,000 - 29,999",9.7,3.1,29.3,6.3,39.3,8.2,47.0,9.0,20.6,9.7,9.0,9.8,29.6,9.8,154.8,7.5
2001,Q3,"30,000 - 34,999",11.0,3.6,26.1,5.6,31.5,6.5,37.8,7.3,18.3,8.7,8.3,9.0,26.6,8.8,133.0,6.4
2001,Q3,"35,000 - 39,999",5.0,1.6,14.0,3.0,19.6,4.1,23.6,4.5,12.7,6.0,6.7,7.3,19.4,6.4,81.7,3.9
2001,Q3,"40,000 - 44,999",5.8,1.9,16.1,3.5,15.7,3.3,21.8,4.2,9.6,4.6,6.2,6.8,15.8,5.2,75.3,3.6
2001,Q3,"45,000 - 49,999",3.1,1.0,7.5,1.6,10.9,2.3,13.0,2.5,6.0,2.8,3.8,4.1,9.7,3.2,44.1,2.1
2001,Q3,"50,000 - 59,999",5.6,1.8,21.6,4.7,14.5,3.0,17.8,3.4,9.0,4.3,4.4,4.8,13.4,4.4,72.9,3.5
2001,Q3,"60,000 - 79,999",4.1,1.3,19.9,4.3,16.9,3.5,18.6,3.6,7.6,3.6,3.8,4.1,11.4,3.7,70.8,3.4
2001,Q3,"≥ 80,000",7.9,2.6,22.1,4.8,18.9,3.9,22.5,4.3,8.2,3.9,3.5,3.8,11.8,3.9,83.2,4.0
2001,Q3,"     80,000 - 99,999",3.7,1.2,9.4,2.0,9.4,2.0,9.0,1.7,4.0,1.9,1.5,1.6,5.5,1.8,37.0,1.8
2001,Q3,"     ≥ 100,000",4.2,1.4,12.7,2.7,9.5,2.0,13.6,2.6,4.2,2.0,2.0,2.2,6.3,2.1,46.2,2.2
2001,Q3,Total,307.6,100.0,461.4,100.0,481.0,100.0,519.0,100.0,211.1,100.0,92.1,100.0,303.2,100.0,2072.3,100.0
2001,Q4,"< 8,000",164.1,52.8,133.7,28.8,59.6,12.2,34.9,6.7,10.4,5.1,3.9,4.4,14.4,4.9,406.6,19.6
2001,Q4,"     < 4,000",97.5,31.4,39.7,8.6,10.8,2.2,6.3,1.2,1.8,0.9,0.8,0.9,2.7,0.9,156.9,7.5
2001,Q4,"     4,000 - 5,999",39.9,12.8,48.9,10.5,16.3,3.3,7.3,1.4,2.1,1.0,1.1,1.3,3.2,1.1,115.7,5.6
2001,Q4,"     6,000 - 7,999",26.7,8.6,45.0,9.7,32.5,6.7,21.3,4.1,6.5,3.2,2.0,2.2,8.5,2.9,134.0,6.4
2001,Q4,"8,000 - 9,999",22.0,7.1,34.5,7.4,36.6,7.5,34.9,6.7,10.9,5.3,3.5,4.0,14.4,4.9,142.4,6.9
2001,Q4,"10,000 - 14,999",36.4,11.7,63.8,13.8,92.8,19.0,99.8,19.0,39.3,19.3,16.4,18.4,55.7,19.1,348.5,16.8
2001,Q4,"15,000 - 19,999",23.3,7.5,47.1,10.2,68.8,14.1,82.4,15.7,29.1,14.3,12.3,13.9,41.4,14.2,263.1,12.7
2001,Q4,"20,000 - 24,999",16.2,5.2,39.6,8.5,59.7,12.2,74.7,14.3,29.2,14.4,9.8,11.0,39.0,13.3,229.2,11.0
2001,Q4,"25,000 - 29,999",9.8,3.1,24.0,5.2,39.4,8.1,46.6,8.9,19.3,9.5,9.1,10.2,28.4,9.7,148.2,7.1
2001,Q4,"30,000 - 34,999",11.8,3.8,26.0,5.6,32.8,6.7,36.0,6.9,18.7,9.2,7.2,8.1,25.9,8.8,132.5,6.4
2001,Q4,"35,000 - 39,999",4.8,1.5,15.7,3.4,18.8,3.9,24.1,4.6,9.4,4.6,6.2,7.0,15.6,5.3,79.0,3.8
2001,Q4,"40,000 - 44,999",3.7,1.2,13.8,3.0,17.8,3.6,19.5,3.7,8.3,4.1,5.2,5.9,13.6,4.6,68.4,3.3
2001,Q4,"45,000 - 49,999",2.8,0.9,10.2,2.2,8.6,1.8,11.3,2.2,6.1,3.0,4.3,4.9,10.5,3.6,43.4,2.1
2001,Q4,"50,000 - 59,999",4.6,1.5,17.0,3.7,15.9,3.3,17.6,3.4,6.2,3.1,3.8,4.3,10.1,3.4,65.1,3.1
2001,Q4,"60,000 - 79,999",5.1,1.6,15.7,3.4,17.2,3.5,19.5,3.7,7.4,3.6,3.6,4.1,11.0,3.8,68.6,3.3
2001,Q4,"≥ 80,000",6.2,2.0,22.9,4.9,19.5,4.0,22.5,4.3,9.2,4.5,3.3,3.8,12.5,4.3,83.6,4.0
2001,Q4,"     80,000 - 99,999",1.8,0.6,10.3,2.2,7.2,1.5,9.6,1.8,3.8,1.8,1.5,1.7,5.3,1.8,34.1,1.6
2001,Q4,"     ≥ 100,000",4.4,1.4,12.6,2.7,12.2,2.5,12.9,2.5,5.4,2.6,1.9,2.1,7.2,2.5,49.4,2.4
2001,Q4,Total,310.9,100.0,464.1,100.0,487.5,100.0,523.7,100.0,203.6,100.0,88.7,100.0,292.3,100.0,2078.5,100.0
2002,Q1,"< 8,000",167.0,52.8,132.3,28.3,62.3,12.6,35.7,6.9,12.3,6.0,2.4,2.8,14.7,5.1,412.0,19.7
2002,Q1,"     < 4,000",104.1,32.9,37.8,8.1,13.8,2.8,6.1,1.2,2.4,1.2,0.5,0.6,2.9,1.0,164.6,7.9
2002,Q1,"     4,000 - 5,999",39.9,12.6,49.9,10.7,16.9,3.4,9.0,1.7,2.7,1.3,0.6,0.7,3.3,1.1,118.9,5.7
2002,Q1,"     6,000 - 7,999",23.1,7.3,44.6,9.5,31.7,6.4,20.6,4.0,7.3,3.6,1.3,1.5,8.6,3.0,128.5,6.2
2002,Q1,"8,000 - 9,999",24.5,7.7,33.9,7.2,35.8,7.2,34.9,6.7,11.5,5.7,4.6,5.4,16.2,5.6,145.2,7.0
2002,Q1,"10,000 - 14,999",31.1,9.8,61.8,13.2,85.7,17.3,93.3,18.0,37.9,18.6,14.6,17.2,52.5,18.2,324.4,15.5
2002,Q1,"15,000 - 19,999",23.2,7.3,40.7,8.7,66.9,13.5,80.7,15.6,28.7,14.1,12.4,14.6,41.1,14.2,252.6,12.1
2002,Q1,"20,000 - 24,999",17.5,5.5,36.5,7.8,58.7,11.9,65.1,12.5,27.0,13.2,11.0,12.9,37.9,13.1,215.7,10.3
2002,Q1,"25,000 - 29,999",9.7,3.1,26.0,5.6,38.8,7.8,43.5,8.4,17.9,8.8,7.5,8.8,25.5,8.8,143.4,6.9
2002,Q1,"30,000 - 34,999",10.7,3.4,24.4,5.2,33.7,6.8,36.3,7.0,16.3,8.0,8.6,10.1,24.9,8.6,130.0,6.2
2002,Q1,"35,000 - 39,999",5.4,1.7,15.9,3.4,20.0,4.1,27.0,5.2,11.0,5.4,5.2,6.1,16.2,5.6,84.5,4.0
2002,Q1,"40,000 - 44,999",6.9,2.2,17.6,3.8,20.3,4.1,20.0,3.9,9.0,4.4,4.6,5.4,13.6,4.7,78.3,3.8
2002,Q1,"45,000 - 49,999",3.4,1.1,12.3,2.6,11.7,2.4,14.5,2.8,4.7,2.3,2.2,2.6,6.9,2.4,48.8,2.3
2002,Q1,"50,000 - 59,999",5.2,1.7,18.7,4.0,17.9,3.6,21.9,4.2,8.8,4.3,4.4,5.2,13.2,4.6,76.9,3.7
2002,Q1,"60,000 - 79,999",5.6,1.8,19.3,4.1,18.1,3.7,22.1,4.3,9.0,4.4,4.1,4.9,13.2,4.5,78.3,3.8
2002,Q1,"≥ 80,000",6.2,2.0,28.1,6.0,24.9,5.0,23.8,4.6,10.0,4.9,3.5,4.1,13.5,4.7,96.4,4.6
2002,Q1,"     80,000 - 99,999",2.4,0.7,10.5,2.2,10.6,2.1,9.3,1.8,3.5,1.7,1.8,2.2,5.3,1.8,38.0,1.8
2002,Q1,"     ≥ 100,000",3.9,1.2,17.6,3.8,14.3,2.9,14.5,2.8,6.5,3.2,1.7,2.0,8.2,2.8,58.4,2.8
2002,Q1,Total,316.5,100.0,467.4,100.0,494.7,100.0,518.7,100.0,204.2,100.0,85.1,100.0,289.3,100.0,2086.7,100.0
2002,Q2,"< 8,000",174.9,55.4,142.9,29.8,62.2,12.6,44.0,8.3,12.0,5.9,3.6,4.4,15.6,5.5,439.6,20.9
2002,Q2,"     < 4,000",108.1,34.2,42.4,8.9,12.6,2.5,6.8,1.3,2.7,1.3,0.6,0.8,3.3,1.2,173.1,8.2
2002,Q2,"     4,000 - 5,999",41.0,13.0,53.9,11.3,17.1,3.5,12.0,2.3,3.4,1.7,0.7,0.9,4.1,1.4,128.1,6.1
2002,Q2,"     6,000 - 7,999",25.8,8.2,46.6,9.7,32.6,6.6,25.2,4.8,5.9,2.9,2.3,2.8,8.2,2.9,138.4,6.6
2002,Q2,"8,000 - 9,999",21.0,6.7,34.0,7.1,39.8,8.1,36.4,6.9,13.2,6.5,3.7,4.6,16.9,6.0,148.2,7.1
2002,Q2,"10,000 - 14,999",32.4,10.3,60.3,12.6,95.1,19.3,100.3,18.9,37.9,18.8,15.0,18.4,53.0,18.7,341.1,16.2
2002,Q2,"15,000 - 19,999",19.0,6.0,46.0,9.6,72.1,14.6,82.3,15.5,30.5,15.1,10.6,13.0,41.2,14.5,260.6,12.4
2002,Q2,"20,000 - 24,999",17.9,5.7,40.5,8.5,58.8,11.9,69.1,13.0,25.2,12.5,11.8,14.4,36.9,13.0,223.3,10.6
2002,Q2,"25,000 - 29,999",8.5,2.7,25.0,5.2,37.3,7.6,45.6,8.6,19.6,9.7,8.8,10.7,28.3,10.0,144.8,6.9
2002,Q2,"30,000 - 34,999",13.1,4.1,27.5,5.8,33.5,6.8,37.3,7.0,16.0,7.9,7.5,9.2,23.5,8.3,135.0,6.4
2002,Q2,"35,000 - 39,999",5.1,1.6,17.1,3.6,18.1,3.7,21.4,4.0,12.5,6.2,3.9,4.8,16.4,5.8,78.2,3.7
2002,Q2,"40,000 - 44,999",5.3,1.7,15.5,3.2,16.7,3.4,18.5,3.5,8.4,4.2,4.8,5.9,13.3,4.7,69.3,3.3
2002,Q2,"45,000 - 49,999",3.3,1.0,11.1,2.3,10.2,2.1,12.6,2.4,5.0,2.5,2.8,3.5,7.9,2.8,45.2,2.1
2002,Q2,"50,000 - 59,999",4.7,1.5,18.5,3.9,17.2,3.5,18.3,3.5,7.3,3.6,4.0,4.9,11.2,4.0,69.9,3.3
2002,Q2,"60,000 - 79,999",4.6,1.4,19.1,4.0,15.0,3.0,19.1,3.6,5.8,2.9,2.5,3.0,8.3,2.9,66.1,3.1
2002,Q2,"≥ 80,000",6.2,2.0,21.3,4.4,17.4,3.5,24.6,4.6,8.4,4.2,2.7,3.2,11.1,3.9,80.5,3.8
2002,Q2,"     80,000 - 99,999",3.7,1.2,7.9,1.7,8.0,1.6,10.7,2.0,4.1,2.0,1.2,1.5,5.3,1.9,35.5,1.7
2002,Q2,"     ≥ 100,000",2.5,0.8,13.4,2.8,9.4,1.9,13.9,2.6,4.4,2.2,1.5,1.8,5.8,2.0,45.0,2.1
2002,Q2,Total,316.0,100.0,478.8,100.0,493.5,100.0,529.6,100.0,201.9,100.0,81.7,100.0,283.6,100.0,2101.5,100.0
2002,Q3,"< 8,000",178.7,55.8,147.3,30.2,63.5,12.8,44.1,8.3,11.8,6.0,3.3,4.1,15.1,5.5,448.8,21.3
2002,Q3,"     < 4,000",109.5,34.2,43.6,8.9,11.9,2.4,7.6,1.4,2.5,1.3,0.9,1.1,3.4,1.2,175.9,8.3
2002,Q3,"     4,000 - 5,999",42.8,13.4,54.0,11.1,18.4,3.7,10.5,2.0,2.4,1.2,0.5,0.7,2.9,1.1,128.7,6.1
2002,Q3,"     6,000 - 7,999",26.5,8.3,49.8,10.2,33.1,6.7,26.0,4.9,6.9,3.5,1.9,2.3,8.8,3.2,144.2,6.8
2002,Q3,"8,000 - 9,999",21.1,6.6,34.8,7.1,42.9,8.6,37.8,7.1,12.0,6.1,3.8,4.8,15.8,5.7,152.5,7.2
2002,Q3,"10,000 - 14,999",33.0,10.3,65.1,13.4,95.0,19.1,100.0,18.8,39.8,20.4,12.8,16.1,52.6,19.1,345.7,16.4
2002,Q3,"15,000 - 19,999",19.7,6.1,48.6,10.0,71.7,14.4,82.4,15.5,29.2,14.9,13.8,17.3,43.0,15.6,265.3,12.6
2002,Q3,"20,000 - 24,999",17.1,5.4,40.0,8.2,59.8,12.0,66.4,12.5,24.9,12.8,10.5,13.2,35.4,12.9,218.7,10.4
2002,Q3,"25,000 - 29,999",10.5,3.3,28.2,5.8,37.3,7.5,48.1,9.0,20.9,10.7,8.9,11.2,29.8,10.8,153.8,7.3
2002,Q3,"30,000 - 34,999",11.4,3.5,27.9,5.7,34.0,6.8,35.2,6.6,15.3,7.8,7.5,9.4,22.8,8.3,131.2,6.2
2002,Q3,"35,000 - 39,999",5.3,1.7,15.6,3.2,17.1,3.4,24.8,4.7,9.2,4.7,5.1,6.5,14.3,5.2,77.2,3.7
2002,Q3,"40,000 - 44,999",4.6,1.4,16.9,3.5,17.7,3.5,18.5,3.5,7.4,3.8,3.2,4.0,10.6,3.8,68.2,3.2
2002,Q3,"45,000 - 49,999",3.4,1.1,9.6,2.0,10.5,2.1,11.6,2.2,5.8,3.0,2.4,3.0,8.2,3.0,43.2,2.0
2002,Q3,"50,000 - 59,999",4.3,1.3,14.8,3.0,14.7,3.0,17.1,3.2,8.2,4.2,3.2,4.1,11.5,4.2,62.3,3.0
2002,Q3,"60,000 - 79,999",5.4,1.7,18.6,3.8,14.7,2.9,19.6,3.7,4.1,2.1,3.2,4.0,7.3,2.6,65.5,3.1
2002,Q3,"≥ 80,000",5.7,1.8,20.0,4.1,19.0,3.8,26.0,4.9,6.8,3.5,1.9,2.4,8.6,3.1,79.4,3.8
2002,Q3,"     80,000 - 99,999",2.0,0.6,7.1,1.5,6.8,1.4,12.0,2.3,2.9,1.5,[*7],[*7],3.3,1.2,31.2,1.5
2002,Q3,"     ≥ 100,000",3.7,1.1,13.0,2.7,12.2,2.5,14.0,2.6,3.9,2.0,1.4,1.8,5.3,1.9,48.2,2.3
2002,Q3,Total,320.2,100.0,487.5,100.0,497.7,100.0,531.6,100.0,195.3,100.0,79.5,100.0,274.8,100.0,2111.8,100.0
2002,Q4,"< 8,000",178.5,55.6,149.6,30.5,68.4,13.3,45.8,8.8,13.0,6.8,4.4,5.7,17.4,6.5,459.8,21.8
2002,Q4,"     < 4,000",111.9,34.8,43.8,8.9,12.8,2.5,8.5,1.6,2.6,1.4,1.0,1.2,3.6,1.3,180.5,8.5
2002,Q4,"     4,000 - 5,999",38.8,12.1,55.0,11.2,17.5,3.4,13.1,2.5,3.3,1.7,1.1,1.4,4.4,1.6,128.9,6.1
2002,Q4,"     6,000 - 7,999",27.8,8.6,50.8,10.4,38.2,7.4,24.2,4.7,7.1,3.7,2.3,3.0,9.5,3.5,150.4,7.1
2002,Q4,"8,000 - 9,999",20.5,6.4,34.9,7.1,40.6,7.9,35.9,6.9,13.2,6.9,3.2,4.2,16.4,6.1,148.3,7.0
2002,Q4,"10,000 - 14,999",38.3,11.9,64.6,13.2,100.0,19.5,97.9,18.9,36.2,18.9,11.6,15.0,47.9,17.8,348.7,16.5
2002,Q4,"15,000 - 19,999",18.5,5.8,46.3,9.4,71.9,14.0,77.2,14.9,31.2,16.3,12.0,15.5,43.2,16.0,257.1,12.2
2002,Q4,"20,000 - 24,999",17.9,5.6,42.1,8.6,58.8,11.5,66.5,12.8,24.4,12.7,9.3,12.0,33.7,12.5,219.0,10.4
2002,Q4,"25,000 - 29,999",8.7,2.7,28.1,5.7,39.7,7.7,46.0,8.9,17.5,9.1,9.7,12.5,27.2,10.1,149.7,7.1
2002,Q4,"30,000 - 34,999",11.1,3.5,27.6,5.6,29.6,5.8,36.3,7.0,15.2,7.9,7.1,9.1,22.2,8.3,126.9,6.0
2002,Q4,"35,000 - 39,999",4.9,1.5,17.2,3.5,20.1,3.9,21.9,4.2,9.2,4.8,4.9,6.3,14.1,5.2,78.3,3.7
2002,Q4,"40,000 - 44,999",4.7,1.5,16.3,3.3,18.1,3.5,17.7,3.4,7.4,3.9,3.7,4.7,11.1,4.1,67.8,3.2
2002,Q4,"45,000 - 49,999",2.2,0.7,10.1,2.1,10.9,2.1,12.4,2.4,5.0,2.6,2.9,3.7,7.9,2.9,43.4,2.1
2002,Q4,"50,000 - 59,999",4.9,1.5,16.4,3.3,16.4,3.2,18.4,3.6,7.0,3.7,3.0,3.9,10.0,3.7,66.2,3.1
2002,Q4,"60,000 - 79,999",4.7,1.5,15.9,3.2,16.4,3.2,18.9,3.6,6.3,3.3,3.2,4.1,9.5,3.5,65.3,3.1
2002,Q4,"≥ 80,000",6.6,2.1,20.9,4.3,22.5,4.4,23.7,4.6,6.1,3.2,2.5,3.2,8.5,3.2,82.2,3.9
2002,Q4,"     80,000 - 99,999",2.9,0.9,8.0,1.6,9.6,1.9,9.0,1.7,2.1,1.1,0.9,1.1,3.0,1.1,32.6,1.5
2002,Q4,"     ≥ 100,000",3.7,1.2,12.9,2.6,12.8,2.5,14.7,2.8,4.0,2.1,1.6,2.1,5.6,2.1,49.6,2.3
2002,Q4,Total,321.3,100.0,490.0,100.0,513.5,100.0,518.8,100.0,191.7,100.0,77.4,100.0,269.1,100.0,2112.5,100.0
2003,Q1,"< 8,000",178.5,55.8,148.1,30.2,67.4,13.1,43.1,8.4,12.0,6.3,3.2,4.0,15.2,5.6,452.3,21.5
2003,Q1,"     < 4,000",110.0,34.4,43.6,8.9,14.3,2.8,7.7,1.5,2.7,1.4,[*7],[*7],3.2,1.2,178.8,8.5
2003,Q1,"     4,000 - 5,999",41.6,13.0,55.3,11.3,18.0,3.5,11.2,2.2,3.3,1.7,0.9,1.1,4.1,1.5,130.3,6.2
2003,Q1,"     6,000 - 7,999",26.9,8.4,49.2,10.0,35.0,6.8,24.3,4.7,6.0,3.2,1.8,2.3,7.8,2.9,143.2,6.8
2003,Q1,"8,000 - 9,999",22.8,7.1,35.9,7.3,41.7,8.1,38.5,7.5,11.8,6.2,3.9,4.9,15.7,5.8,154.6,7.3
2003,Q1,"10,000 - 14,999",30.8,9.6,63.4,12.9,94.8,18.4,96.3,18.8,36.2,19.0,13.9,17.7,50.1,18.6,335.3,15.9
2003,Q1,"15,000 - 19,999",19.9,6.2,43.4,8.9,69.1,13.4,76.3,14.9,28.8,15.1,10.0,12.7,38.8,14.4,247.5,11.7
2003,Q1,"20,000 - 24,999",16.3,5.1,36.5,7.4,59.8,11.6,63.0,12.3,24.1,12.7,10.0,12.7,34.1,12.7,209.9,10.0
2003,Q1,"25,000 - 29,999",8.9,2.8,26.9,5.5,39.3,7.6,43.5,8.5,18.2,9.6,7.1,9.1,25.4,9.4,144.0,6.8
2003,Q1,"30,000 - 34,999",11.7,3.7,26.6,5.4,29.7,5.8,31.0,6.0,13.9,7.3,7.5,9.5,21.4,8.0,120.4,5.7
2003,Q1,"35,000 - 39,999",4.9,1.5,16.6,3.4,19.2,3.7,21.1,4.1,7.5,3.9,5.3,6.7,12.8,4.7,74.6,3.5
2003,Q1,"40,000 - 44,999",5.6,1.8,15.8,3.2,17.0,3.3,20.8,4.1,9.2,4.9,4.6,5.8,13.8,5.1,73.0,3.5
2003,Q1,"45,000 - 49,999",3.4,1.1,11.4,2.3,11.4,2.2,12.8,2.5,5.4,2.8,2.6,3.3,7.9,3.0,46.9,2.2
2003,Q1,"50,000 - 59,999",4.3,1.4,18.2,3.7,16.6,3.2,19.3,3.8,6.5,3.4,3.7,4.7,10.3,3.8,68.8,3.3
2003,Q1,"60,000 - 79,999",6.2,1.9,19.9,4.1,22.7,4.4,20.0,3.9,9.0,4.7,3.9,5.0,13.0,4.8,81.9,3.9
2003,Q1,"≥ 80,000",6.5,2.0,27.8,5.7,25.7,5.0,26.8,5.2,7.5,3.9,3.0,3.9,10.6,3.9,97.4,4.6
2003,Q1,"     80,000 - 99,999",2.8,0.9,10.2,2.1,8.5,1.7,10.3,2.0,2.7,1.4,1.0,1.3,3.7,1.4,35.5,1.7
2003,Q1,"     ≥ 100,000",3.7,1.1,17.6,3.6,17.2,3.3,16.5,3.2,4.8,2.5,2.0,2.6,6.9,2.6,61.9,2.9
2003,Q1,Total,320.0,100.0,490.6,100.0,514.6,100.0,512.5,100.0,190.2,100.0,78.7,100.0,268.9,100.0,2106.6,100.0
2003,Q2,"< 8,000",187.5,57.8,161.7,32.3,76.1,14.9,52.1,10.2,12.3,6.3,2.9,3.7,15.2,5.6,492.6,23.3
2003,Q2,"     < 4,000",116.5,36.0,47.3,9.5,15.6,3.1,10.0,2.0,2.7,1.4,0.7,0.9,3.4,1.3,192.9,9.1
2003,Q2,"     4,000 - 5,999",43.8,13.5,61.3,12.2,20.0,3.9,11.1,2.2,3.0,1.5,0.7,1.0,3.7,1.4,140.0,6.6
2003,Q2,"     6,000 - 7,999",27.2,8.4,53.1,10.6,40.4,7.9,30.9,6.0,6.6,3.4,1.4,1.9,8.0,3.0,159.7,7.5
2003,Q2,"8,000 - 9,999",23.0,7.1,37.2,7.4,46.9,9.2,40.6,7.9,15.4,7.9,5.1,6.7,20.6,7.6,168.2,7.9
2003,Q2,"10,000 - 14,999",32.3,10.0,67.2,13.4,103.1,20.3,102.5,20.0,41.5,21.2,14.8,19.2,56.2,20.6,361.4,17.1
2003,Q2,"15,000 - 19,999",20.6,6.4,47.7,9.5,69.4,13.6,76.0,14.8,30.3,15.5,10.3,13.4,40.6,14.9,254.3,12.0
2003,Q2,"20,000 - 24,999",14.5,4.5,40.5,8.1,56.4,11.1,63.7,12.4,22.4,11.4,10.4,13.5,32.7,12.0,207.9,9.8
2003,Q2,"25,000 - 29,999",10.7,3.3,24.7,4.9,35.9,7.0,44.3,8.6,17.4,8.9,7.6,9.8,25.0,9.2,140.4,6.6
2003,Q2,"30,000 - 34,999",9.1,2.8,24.6,4.9,26.7,5.2,30.8,6.0,14.3,7.3,5.8,7.5,20.1,7.4,111.3,5.3
2003,Q2,"35,000 - 39,999",4.5,1.4,15.7,3.1,17.9,3.5,19.8,3.9,8.0,4.1,4.6,5.9,12.5,4.6,70.4,3.3
2003,Q2,"40,000 - 44,999",4.7,1.4,15.3,3.1,17.2,3.4,17.3,3.4,7.8,4.0,4.0,5.2,11.9,4.4,66.3,3.1
2003,Q2,"45,000 - 49,999",2.7,0.8,10.6,2.1,10.5,2.1,12.2,2.4,4.7,2.4,2.0,2.6,6.6,2.4,42.6,2.0
2003,Q2,"50,000 - 59,999",4.2,1.3,17.1,3.4,16.0,3.1,16.5,3.2,6.8,3.5,3.9,5.1,10.7,3.9,64.5,3.0
2003,Q2,"60,000 - 79,999",4.3,1.3,17.2,3.4,15.2,3.0,17.0,3.3,7.4,3.8,2.5,3.2,9.8,3.6,63.5,3.0
2003,Q2,"≥ 80,000",6.0,1.9,20.9,4.2,18.0,3.5,19.7,3.9,7.2,3.7,3.1,4.1,10.4,3.8,75.0,3.5
2003,Q2,"     80,000 - 99,999",2.2,0.7,7.9,1.6,8.8,1.7,8.2,1.6,3.2,1.6,0.9,1.1,4.1,1.5,31.2,1.5
2003,Q2,"     ≥ 100,000",3.8,1.2,13.0,2.6,9.2,1.8,11.6,2.3,4.1,2.1,2.2,2.9,6.3,2.3,43.9,2.1
2003,Q2,Total,324.1,100.0,500.4,100.0,509.3,100.0,512.4,100.0,195.5,100.0,76.9,100.0,272.4,100.0,2118.5,100.0
2003,Q3,"< 8,000",194.8,57.7,166.3,33.6,81.7,15.8,49.1,9.5,15.3,8.0,3.3,4.3,18.5,6.9,510.6,23.9
2003,Q3,"     < 4,000",122.5,36.3,50.6,10.2,15.8,3.0,9.1,1.8,2.7,1.4,0.9,1.1,3.5,1.3,201.5,9.4
2003,Q3,"     4,000 - 5,999",39.9,11.8,62.2,12.6,23.0,4.4,11.9,2.3,4.2,2.2,0.5,0.7,4.7,1.8,141.7,6.6
2003,Q3,"     6,000 - 7,999",32.4,9.6,53.6,10.8,43.0,8.3,28.1,5.4,8.4,4.4,1.9,2.5,10.3,3.9,167.3,7.8
2003,Q3,"8,000 - 9,999",22.6,6.7,36.9,7.5,45.9,8.9,42.3,8.2,16.6,8.7,3.7,4.8,20.3,7.6,167.9,7.9
2003,Q3,"10,000 - 14,999",32.1,9.5,61.7,12.5,96.4,18.6,99.3,19.2,36.9,19.4,15.9,20.7,52.8,19.8,342.2,16.0
2003,Q3,"15,000 - 19,999",22.1,6.5,48.3,9.8,70.4,13.6,79.4,15.4,28.9,15.2,11.5,15.0,40.5,15.1,260.6,12.2
2003,Q3,"20,000 - 24,999",17.4,5.2,39.8,8.0,62.7,12.1,61.8,12.0,22.0,11.6,9.1,11.8,31.1,11.6,212.8,10.0
2003,Q3,"25,000 - 29,999",10.1,3.0,26.2,5.3,35.1,6.8,46.2,9.0,17.0,8.9,9.1,11.8,26.0,9.7,143.6,6.7
2003,Q3,"30,000 - 34,999",9.8,2.9,25.5,5.2,29.5,5.7,34.1,6.6,14.7,7.7,6.2,8.1,20.9,7.8,119.7,5.6
2003,Q3,"35,000 - 39,999",6.1,1.8,14.6,3.0,20.0,3.9,20.3,3.9,8.0,4.2,5.1,6.6,13.1,4.9,74.0,3.5
2003,Q3,"40,000 - 44,999",4.6,1.4,13.9,2.8,16.2,3.1,18.0,3.5,7.5,4.0,3.1,4.0,10.6,4.0,63.3,3.0
2003,Q3,"45,000 - 49,999",3.6,1.1,9.1,1.8,9.2,1.8,11.8,2.3,5.1,2.7,2.0,2.6,7.1,2.7,40.8,1.9
2003,Q3,"50,000 - 59,999",4.1,1.2,16.2,3.3,14.5,2.8,18.6,3.6,5.0,2.6,3.2,4.1,8.1,3.0,61.4,2.9
2003,Q3,"60,000 - 79,999",4.4,1.3,16.6,3.4,16.5,3.2,16.0,3.1,6.5,3.4,2.3,3.0,8.8,3.3,62.3,2.9
2003,Q3,"≥ 80,000",5.9,1.7,19.5,3.9,20.0,3.9,19.8,3.8,6.8,3.6,2.6,3.4,9.4,3.5,74.5,3.5
2003,Q3,"     80,000 - 99,999",2.5,0.7,6.7,1.4,8.9,1.7,7.6,1.5,3.2,1.7,1.0,1.4,4.2,1.6,30.0,1.4
2003,Q3,"     ≥ 100,000",3.3,1.0,12.8,2.6,11.1,2.1,12.1,2.3,3.7,1.9,1.6,2.0,5.2,2.0,44.6,2.1
2003,Q3,Total,337.4,100.0,494.5,100.0,518.1,100.0,516.5,100.0,190.2,100.0,77.0,100.0,267.2,100.0,2133.7,100.0
2003,Q4,"< 8,000",190.9,58.0,164.8,32.3,74.7,14.4,45.8,8.8,13.1,7.2,2.6,3.4,15.6,6.1,491.8,23.0
2003,Q4,"     < 4,000",120.4,36.6,50.6,9.9,13.9,2.7,6.9,1.3,2.7,1.5,[*7],[*7],3.2,1.2,194.9,9.1
2003,Q4,"     4,000 - 5,999",40.3,12.2,64.1,12.5,19.7,3.8,10.2,2.0,2.0,1.1,0.6,0.8,2.6,1.0,136.9,6.4
2003,Q4,"     6,000 - 7,999",30.2,9.2,50.2,9.8,41.0,7.9,28.7,5.5,8.4,4.6,1.4,1.9,9.9,3.8,160.0,7.5
2003,Q4,"8,000 - 9,999",21.4,6.5,39.8,7.8,48.9,9.4,39.0,7.5,12.4,6.8,4.6,6.1,17.0,6.6,166.1,7.8
2003,Q4,"10,000 - 14,999",31.2,9.5,65.5,12.8,100.9,19.4,103.6,19.9,36.7,20.1,14.4,19.1,51.2,19.8,352.3,16.5
2003,Q4,"15,000 - 19,999",23.7,7.2,48.8,9.5,73.7,14.2,77.7,14.9,27.7,15.2,12.4,16.5,40.2,15.6,264.0,12.3
2003,Q4,"20,000 - 24,999",16.4,5.0,40.7,8.0,62.1,11.9,62.0,11.9,24.4,13.4,10.8,14.2,35.2,13.6,216.3,10.1
2003,Q4,"25,000 - 29,999",9.4,2.8,27.8,5.4,35.9,6.9,46.4,8.9,17.9,9.8,5.9,7.8,23.8,9.2,143.2,6.7
2003,Q4,"30,000 - 34,999",10.5,3.2,27.6,5.4,27.6,5.3,37.9,7.3,13.7,7.5,6.6,8.8,20.4,7.9,124.0,5.8
2003,Q4,"35,000 - 39,999",4.4,1.3,14.0,2.7,17.0,3.3,21.7,4.2,7.4,4.1,5.5,7.3,12.9,5.0,70.0,3.3
2003,Q4,"40,000 - 44,999",4.1,1.2,14.5,2.8,17.3,3.3,18.9,3.6,7.4,4.0,2.6,3.5,10.0,3.9,64.8,3.0
2003,Q4,"45,000 - 49,999",3.2,1.0,10.2,2.0,10.6,2.0,11.1,2.1,4.7,2.6,3.0,3.9,7.6,3.0,42.8,2.0
2003,Q4,"50,000 - 59,999",3.8,1.2,17.1,3.4,16.8,3.2,17.9,3.4,6.2,3.4,2.3,3.0,8.5,3.3,64.0,3.0
2003,Q4,"60,000 - 79,999",4.4,1.3,16.6,3.3,15.4,3.0,16.2,3.1,4.1,2.2,2.4,3.1,6.5,2.5,59.1,2.8
2003,Q4,"≥ 80,000",5.9,1.8,23.3,4.6,19.6,3.8,22.3,4.3,6.7,3.7,2.5,3.3,9.2,3.6,80.4,3.8
2003,Q4,"     80,000 - 99,999",2.6,0.8,9.7,1.9,7.8,1.5,9.8,1.9,2.0,1.1,1.4,1.8,3.4,1.3,33.4,1.6
2003,Q4,"     ≥ 100,000",3.3,1.0,13.6,2.7,11.8,2.3,12.5,2.4,4.7,2.6,1.1,1.4,5.8,2.2,47.0,2.2
2003,Q4,Total,329.1,100.0,510.7,100.0,520.5,100.0,520.4,100.0,182.4,100.0,75.6,100.0,258.0,100.0,2138.9,100.0
2004,Q1,"< 8,000",186.3,56.8,165.7,32.0,72.5,13.7,44.1,8.5,13.9,7.7,2.8,3.8,16.7,6.6,485.3,22.6
2004,Q1,"     < 4,000",119.0,36.3,48.1,9.3,14.4,2.7,8.1,1.6,3.1,1.7,[*7],[*7],3.5,1.4,193.2,9.0
2004,Q1,"     4,000 - 5,999",39.8,12.1,66.2,12.8,18.1,3.4,10.1,2.0,2.6,1.4,0.5,0.7,3.1,1.2,137.3,6.4
2004,Q1,"     6,000 - 7,999",27.5,8.4,51.3,9.9,40.0,7.5,25.9,5.0,8.3,4.5,1.9,2.6,10.2,4.0,154.9,7.2
2004,Q1,"8,000 - 9,999",22.1,6.7,37.1,7.2,45.5,8.6,39.8,7.7,12.8,7.1,3.8,5.2,16.6,6.5,161.0,7.5
2004,Q1,"10,000 - 14,999",31.6,9.6,66.0,12.7,96.9,18.3,98.9,19.2,35.2,19.4,12.8,17.6,48.1,18.9,341.5,15.9
2004,Q1,"15,000 - 19,999",24.1,7.3,48.7,9.4,72.8,13.7,74.2,14.4,25.1,13.8,11.4,15.6,36.5,14.3,256.3,11.9
2004,Q1,"20,000 - 24,999",16.5,5.0,37.7,7.3,58.3,11.0,60.6,11.7,21.1,11.6,8.0,11.0,29.2,11.5,202.3,9.4
2004,Q1,"25,000 - 29,999",7.8,2.4,26.2,5.1,39.1,7.4,41.7,8.1,16.8,9.3,7.2,9.8,24.0,9.4,138.8,6.5
2004,Q1,"30,000 - 34,999",11.0,3.4,25.8,5.0,29.6,5.6,35.1,6.8,15.1,8.3,6.9,9.5,22.0,8.7,123.5,5.8
2004,Q1,"35,000 - 39,999",4.0,1.2,17.4,3.4,18.6,3.5,25.2,4.9,9.5,5.2,4.4,6.0,13.9,5.5,79.1,3.7
2004,Q1,"40,000 - 44,999",5.0,1.5,16.5,3.2,19.0,3.6,20.4,3.9,6.3,3.5,3.2,4.4,9.5,3.8,70.4,3.3
2004,Q1,"45,000 - 49,999",3.3,1.0,11.4,2.2,11.6,2.2,12.8,2.5,5.2,2.9,2.3,3.2,7.6,3.0,46.7,2.2
2004,Q1,"50,000 - 59,999",4.1,1.2,18.9,3.6,19.1,3.6,17.6,3.4,7.2,4.0,3.1,4.2,10.3,4.0,69.9,3.3
2004,Q1,"60,000 - 79,999",4.4,1.3,20.9,4.0,20.7,3.9,18.0,3.5,6.3,3.5,3.4,4.7,9.8,3.8,73.7,3.4
2004,Q1,"≥ 80,000",7.7,2.4,25.9,5.0,26.3,5.0,27.9,5.4,6.8,3.7,3.6,5.0,10.4,4.1,98.2,4.6
2004,Q1,"     80,000 - 99,999",3.0,0.9,10.6,2.0,9.9,1.9,10.9,2.1,2.2,1.2,1.4,1.9,3.6,1.4,38.0,1.8
2004,Q1,"     ≥ 100,000",4.7,1.4,15.3,3.0,16.4,3.1,16.9,3.3,4.6,2.5,2.2,3.1,6.8,2.7,60.2,2.8
2004,Q1,Total,327.9,100.0,518.0,100.0,530.0,100.0,516.4,100.0,181.5,100.0,73.1,100.0,254.5,100.0,2146.8,100.0
2004,Q2,"< 8,000",188.7,57.4,168.5,32.2,70.7,13.0,42.0,8.3,10.4,5.5,2.8,4.2,13.2,5.2,483.2,22.4
2004,Q2,"     < 4,000",114.1,34.7,46.7,8.9,12.8,2.4,5.5,1.1,1.7,0.9,0.7,1.1,2.4,1.0,181.6,8.4
2004,Q2,"     4,000 - 5,999",44.4,13.5,64.8,12.4,19.7,3.6,10.7,2.1,2.5,1.3,[*7],[*7],2.9,1.1,142.5,6.6
2004,Q2,"     6,000 - 7,999",30.2,9.2,57.0,10.9,38.2,7.0,25.9,5.1,6.2,3.3,1.7,2.5,7.9,3.1,159.1,7.4
2004,Q2,"8,000 - 9,999",23.6,7.2,39.8,7.6,53.0,9.7,39.8,7.8,12.9,6.9,3.8,5.8,16.8,6.6,173.0,8.0
2004,Q2,"10,000 - 14,999",33.7,10.3,71.0,13.6,106.7,19.6,105.8,20.8,38.8,20.7,12.4,18.7,51.2,20.2,368.4,17.1
2004,Q2,"15,000 - 19,999",20.8,6.3,54.9,10.5,74.7,13.7,78.2,15.4,30.3,16.2,9.2,13.8,39.5,15.6,268.1,12.4
2004,Q2,"20,000 - 24,999",16.5,5.0,42.0,8.0,60.4,11.1,63.4,12.5,23.1,12.4,8.1,12.2,31.2,12.3,213.5,9.9
2004,Q2,"25,000 - 29,999",11.1,3.4,28.0,5.3,43.5,8.0,42.3,8.3,20.0,10.7,7.4,11.2,27.4,10.8,152.2,7.0
2004,Q2,"30,000 - 34,999",8.7,2.6,26.2,5.0,34.6,6.3,32.6,6.4,13.6,7.3,5.0,7.5,18.6,7.3,120.7,5.6
2004,Q2,"35,000 - 39,999",4.6,1.4,16.6,3.2,19.0,3.5,23.2,4.6,8.7,4.7,4.1,6.1,12.8,5.0,76.1,3.5
2004,Q2,"40,000 - 44,999",4.2,1.3,15.9,3.0,17.0,3.1,16.8,3.3,7.0,3.8,3.2,4.8,10.2,4.0,64.1,3.0
2004,Q2,"45,000 - 49,999",4.3,1.3,10.1,1.9,13.4,2.5,12.3,2.4,4.4,2.3,2.4,3.7,6.8,2.7,46.9,2.2
2004,Q2,"50,000 - 59,999",3.7,1.1,15.7,3.0,18.0,3.3,14.1,2.8,6.9,3.7,2.1,3.2,9.0,3.6,60.6,2.8
2004,Q2,"60,000 - 79,999",4.4,1.3,14.5,2.8,15.6,2.9,17.3,3.4,5.3,2.8,3.0,4.6,8.4,3.3,60.2,2.8
2004,Q2,"≥ 80,000",4.5,1.4,20.2,3.9,18.9,3.5,21.0,4.1,5.6,3.0,2.9,4.3,8.5,3.4,73.2,3.4
2004,Q2,"     80,000 - 99,999",2.4,0.7,7.9,1.5,8.7,1.6,9.8,1.9,1.5,0.8,1.2,1.8,2.7,1.1,31.4,1.5
2004,Q2,"     ≥ 100,000",2.2,0.7,12.4,2.4,10.3,1.9,11.2,2.2,4.1,2.2,1.7,2.5,5.8,2.3,41.8,1.9
2004,Q2,Total,328.7,100.0,523.6,100.0,545.6,100.0,508.9,100.0,187.0,100.0,66.4,100.0,253.5,100.0,2160.2,100.0
2004,Q3,"< 8,000",191.6,56.4,175.9,33.2,70.8,13.3,41.5,8.1,11.0,5.9,2.8,4.3,13.8,5.5,493.6,22.7
2004,Q3,"     < 4,000",118.0,34.7,48.8,9.2,12.0,2.2,5.6,1.1,1.4,0.7,0.7,1.0,2.0,0.8,186.4,8.6
2004,Q3,"     4,000 - 5,999",45.3,13.3,71.1,13.4,20.2,3.8,10.6,2.1,3.0,1.6,0.5,0.8,3.6,1.4,150.7,6.9
2004,Q3,"     6,000 - 7,999",28.3,8.3,56.1,10.6,38.7,7.2,25.3,4.9,6.6,3.5,1.6,2.4,8.2,3.2,156.5,7.2
2004,Q3,"8,000 - 9,999",25.2,7.4,38.4,7.2,48.5,9.1,39.3,7.6,15.2,8.1,4.6,6.9,19.8,7.8,171.2,7.9
2004,Q3,"10,000 - 14,999",35.0,10.3,69.0,13.0,97.0,18.2,100.2,19.5,37.0,19.8,12.5,19.0,49.5,19.6,350.7,16.1
2004,Q3,"15,000 - 19,999",22.1,6.5,52.6,9.9,77.3,14.5,80.5,15.6,28.4,15.2,10.0,15.2,38.4,15.2,270.9,12.5
2004,Q3,"20,000 - 24,999",18.5,5.4,41.2,7.8,63.1,11.8,62.4,12.1,23.1,12.4,7.7,11.7,30.8,12.2,216.0,9.9
2004,Q3,"25,000 - 29,999",8.8,2.6,28.9,5.5,42.3,7.9,45.7,8.9,17.3,9.3,6.6,10.0,23.9,9.5,149.6,6.9
2004,Q3,"30,000 - 34,999",10.7,3.1,29.1,5.5,32.1,6.0,36.3,7.1,15.0,8.0,6.3,9.6,21.3,8.4,129.6,6.0
2004,Q3,"35,000 - 39,999",5.7,1.7,19.5,3.7,20.6,3.9,21.4,4.2,9.5,5.1,2.8,4.2,12.3,4.9,79.5,3.7
2004,Q3,"40,000 - 44,999",4.4,1.3,14.9,2.8,19.7,3.7,20.5,4.0,7.1,3.8,3.2,4.8,10.2,4.0,69.7,3.2
2004,Q3,"45,000 - 49,999",3.5,1.0,9.5,1.8,11.3,2.1,12.8,2.5,5.5,2.9,2.6,3.9,8.0,3.2,45.2,2.1
2004,Q3,"50,000 - 59,999",5.0,1.5,16.3,3.1,16.0,3.0,16.2,3.1,6.3,3.4,2.3,3.6,8.6,3.4,62.1,2.9
2004,Q3,"60,000 - 79,999",4.2,1.2,15.6,2.9,16.1,3.0,16.5,3.2,5.8,3.1,2.0,3.1,7.8,3.1,60.1,2.8
2004,Q3,"≥ 80,000",5.2,1.5,19.6,3.7,19.0,3.6,21.8,4.2,5.6,3.0,2.3,3.5,8.0,3.2,73.5,3.4
2004,Q3,"     80,000 - 99,999",2.8,0.8,6.6,1.3,9.2,1.7,9.1,1.8,1.6,0.9,0.8,1.2,2.4,1.0,30.1,1.4
2004,Q3,"     ≥ 100,000",2.4,0.7,12.9,2.4,9.8,1.8,12.7,2.5,4.0,2.1,1.5,2.4,5.5,2.2,43.4,2.0
2004,Q3,Total,339.8,100.0,530.5,100.0,533.9,100.0,515.0,100.0,186.9,100.0,65.6,100.0,252.5,100.0,2171.6,100.0
2004,Q4,"< 8,000",196.8,56.0,172.3,32.4,74.3,14.0,38.2,7.4,10.3,5.6,2.4,3.6,12.7,5.1,494.2,22.7
2004,Q4,"     < 4,000",118.0,33.6,47.2,8.9,12.9,2.4,5.9,1.1,1.4,0.7,[*7],[*7],1.6,0.7,185.6,8.5
2004,Q4,"     4,000 - 5,999",46.5,13.2,68.9,13.0,18.0,3.4,8.5,1.7,1.5,0.8,0.5,0.8,2.1,0.8,143.8,6.6
2004,Q4,"     6,000 - 7,999",32.3,9.2,56.2,10.6,43.4,8.2,23.8,4.6,7.4,4.0,1.6,2.5,9.0,3.6,164.7,7.6
2004,Q4,"8,000 - 9,999",25.8,7.3,38.0,7.2,47.0,8.9,39.1,7.6,15.0,8.2,3.5,5.2,18.5,7.4,168.5,7.7
2004,Q4,"10,000 - 14,999",36.3,10.3,68.9,13.0,96.4,18.2,101.1,19.6,36.9,20.2,11.9,17.9,48.8,19.6,351.4,16.1
2004,Q4,"15,000 - 19,999",24.4,6.9,51.4,9.7,72.6,13.7,84.1,16.3,28.6,15.7,9.5,14.3,38.1,15.3,270.6,12.4
2004,Q4,"20,000 - 24,999",17.4,4.9,43.4,8.2,64.3,12.1,66.3,12.9,22.1,12.1,8.4,12.6,30.5,12.3,221.8,10.2
2004,Q4,"25,000 - 29,999",9.5,2.7,30.4,5.7,41.0,7.7,43.5,8.5,17.1,9.4,8.2,12.3,25.3,10.2,149.7,6.9
2004,Q4,"30,000 - 34,999",10.0,2.8,29.3,5.5,33.9,6.4,32.1,6.2,13.8,7.6,6.7,10.1,20.5,8.2,125.6,5.8
2004,Q4,"35,000 - 39,999",6.8,1.9,17.9,3.4,18.6,3.5,24.5,4.8,9.6,5.3,3.8,5.7,13.4,5.4,81.2,3.7
2004,Q4,"40,000 - 44,999",5.9,1.7,16.2,3.1,17.6,3.3,18.0,3.5,6.0,3.3,3.6,5.4,9.6,3.9,67.3,3.1
2004,Q4,"45,000 - 49,999",3.3,0.9,10.5,2.0,10.9,2.1,11.2,2.2,4.2,2.3,2.5,3.7,6.7,2.7,42.5,2.0
2004,Q4,"50,000 - 59,999",5.7,1.6,16.3,3.1,19.5,3.7,17.2,3.3,5.1,2.8,2.3,3.4,7.4,3.0,66.1,3.0
2004,Q4,"60,000 - 79,999",4.9,1.4,17.2,3.2,14.7,2.8,16.0,3.1,5.8,3.2,2.4,3.6,8.2,3.3,61.0,2.8
2004,Q4,"≥ 80,000",4.8,1.4,19.7,3.7,19.9,3.8,23.5,4.6,8.0,4.4,1.4,2.1,9.4,3.8,77.3,3.5
2004,Q4,"     80,000 - 99,999",1.8,0.5,8.7,1.6,7.8,1.5,7.6,1.5,3.1,1.7,0.8,1.2,3.9,1.6,29.7,1.4
2004,Q4,"     ≥ 100,000",3.0,0.8,11.0,2.1,12.2,2.3,15.9,3.1,4.9,2.7,0.6,0.9,5.5,2.2,47.5,2.2
2004,Q4,Total,351.5,100.0,531.4,100.0,530.6,100.0,514.7,100.0,182.7,100.0,66.4,100.0,249.1,100.0,2177.3,100.0
2005,Q1,"< 8,000",200.1,55.3,164.7,30.9,69.3,12.9,37.5,7.3,11.7,6.7,3.3,4.7,15.0,6.1,486.7,22.2
2005,Q1,"     < 4,000",122.4,33.8,38.9,7.3,13.7,2.6,6.0,1.2,1.8,1.0,0.9,1.3,2.7,1.1,183.7,8.4
2005,Q1,"     4,000 - 5,999",45.8,12.6,68.1,12.8,17.9,3.3,6.4,1.3,2.6,1.5,[*7],[*7],2.9,1.2,141.2,6.5
2005,Q1,"     6,000 - 7,999",32.0,8.8,57.7,10.8,37.7,7.0,25.2,4.9,7.3,4.2,2.0,2.9,9.4,3.8,161.9,7.4
2005,Q1,"8,000 - 9,999",25.7,7.1,36.2,6.8,46.4,8.7,36.9,7.2,12.3,7.0,3.5,4.9,15.8,6.4,161.0,7.4
2005,Q1,"10,000 - 14,999",38.7,10.7,74.0,13.9,97.0,18.1,95.7,18.7,33.7,19.2,12.0,17.0,45.7,18.6,351.1,16.0
2005,Q1,"15,000 - 19,999",21.3,5.9,46.4,8.7,71.2,13.3,79.8,15.6,25.0,14.2,10.5,14.8,35.4,14.4,254.1,11.6
2005,Q1,"20,000 - 24,999",16.5,4.6,40.9,7.7,60.5,11.3,66.0,12.9,21.1,12.0,9.5,13.4,30.6,12.4,214.5,9.8
2005,Q1,"25,000 - 29,999",12.0,3.3,28.6,5.4,42.5,7.9,41.5,8.1,17.4,9.9,7.0,9.9,24.3,9.9,149.0,6.8
2005,Q1,"30,000 - 34,999",11.7,3.2,25.4,4.8,32.9,6.1,32.0,6.3,11.7,6.7,6.0,8.5,17.7,7.2,119.8,5.5
2005,Q1,"35,000 - 39,999",6.4,1.8,19.6,3.7,20.0,3.7,23.0,4.5,9.8,5.6,3.8,5.4,13.6,5.5,82.5,3.8
2005,Q1,"40,000 - 44,999",6.2,1.7,17.7,3.3,16.5,3.1,18.1,3.5,6.4,3.7,3.8,5.4,10.3,4.2,68.8,3.1
2005,Q1,"45,000 - 49,999",3.1,0.9,11.2,2.1,13.6,2.5,12.0,2.3,4.0,2.3,1.9,2.7,5.9,2.4,45.8,2.1
2005,Q1,"50,000 - 59,999",5.2,1.4,18.4,3.5,19.7,3.7,17.7,3.5,7.5,4.3,3.6,5.1,11.1,4.5,72.2,3.3
2005,Q1,"60,000 - 79,999",6.6,1.8,22.5,4.2,21.6,4.0,20.9,4.1,6.0,3.4,2.7,3.8,8.6,3.5,80.2,3.7
2005,Q1,"≥ 80,000",8.4,2.3,27.2,5.1,24.8,4.6,30.1,5.9,9.2,5.2,3.1,4.4,12.3,5.0,102.8,4.7
2005,Q1,"     80,000 - 99,999",4.3,1.2,11.7,2.2,9.4,1.7,9.8,1.9,3.9,2.2,1.5,2.2,5.4,2.2,40.5,1.9
2005,Q1,"     ≥ 100,000",4.1,1.1,15.5,2.9,15.5,2.9,20.3,4.0,5.3,3.0,1.6,2.2,6.9,2.8,62.3,2.8
2005,Q1,Total,361.9,100.0,533.0,100.0,536.2,100.0,511.1,100.0,175.7,100.0,70.6,100.0,246.3,100.0,2188.5,100.0
2005,Q2,"< 8,000",205.1,56.4,161.8,30.1,68.8,12.9,39.2,7.6,9.5,5.3,1.7,2.6,11.3,4.5,486.1,22.2
2005,Q2,"     < 4,000",125.0,34.4,43.1,8.0,11.4,2.1,6.1,1.2,2.2,1.2,0.7,1.1,2.9,1.2,188.5,8.6
2005,Q2,"     4,000 - 5,999",44.6,12.3,65.3,12.2,18.1,3.4,7.1,1.4,0.9,0.5,[*7],[*7],1.1,0.4,136.3,6.2
2005,Q2,"     6,000 - 7,999",35.6,9.8,53.3,9.9,39.3,7.4,26.0,5.1,6.4,3.5,0.8,1.2,7.2,2.9,161.4,7.4
2005,Q2,"8,000 - 9,999",30.4,8.4,37.5,7.0,46.0,8.7,37.4,7.3,11.9,6.6,3.2,4.8,15.2,6.1,166.5,7.6
2005,Q2,"10,000 - 14,999",37.0,10.2,75.7,14.1,102.0,19.2,96.2,18.8,35.8,19.8,12.1,18.0,47.9,19.3,358.8,16.4
2005,Q2,"15,000 - 19,999",25.6,7.0,54.8,10.2,82.4,15.5,82.9,16.2,25.8,14.3,11.6,17.3,37.4,15.1,283.2,12.9
2005,Q2,"20,000 - 24,999",17.9,4.9,45.7,8.5,62.3,11.7,66.0,12.9,25.6,14.2,9.1,13.6,34.7,14.0,226.7,10.3
2005,Q2,"25,000 - 29,999",10.3,2.8,30.3,5.6,41.7,7.8,43.8,8.5,18.4,10.2,7.5,11.1,25.9,10.4,152.0,6.9
2005,Q2,"30,000 - 34,999",12.0,3.3,27.6,5.1,29.7,5.6,35.3,6.9,13.5,7.5,7.2,10.7,20.7,8.4,125.4,5.7
2005,Q2,"35,000 - 39,999",3.6,1.0,19.6,3.6,19.3,3.6,21.9,4.3,10.7,5.9,3.2,4.8,13.9,5.6,78.3,3.6
2005,Q2,"40,000 - 44,999",6.2,1.7,16.4,3.0,18.0,3.4,17.8,3.5,6.3,3.5,3.4,5.1,9.8,3.9,68.2,3.1
2005,Q2,"45,000 - 49,999",2.3,0.6,9.8,1.8,9.5,1.8,11.0,2.2,4.3,2.4,1.4,2.0,5.6,2.3,38.3,1.7
2005,Q2,"50,000 - 59,999",5.2,1.4,19.2,3.6,16.6,3.1,18.0,3.5,5.9,3.3,2.2,3.2,8.1,3.3,67.1,3.1
2005,Q2,"60,000 - 79,999",4.3,1.2,19.2,3.6,17.8,3.3,19.5,3.8,5.5,3.0,2.5,3.8,8.0,3.2,68.8,3.1
2005,Q2,"≥ 80,000",3.5,1.0,20.2,3.8,18.0,3.4,23.7,4.6,7.6,4.2,2.1,3.1,9.7,3.9,75.0,3.4
2005,Q2,"     80,000 - 99,999",2.3,0.6,7.8,1.4,7.2,1.3,8.9,1.7,2.5,1.4,0.7,1.0,3.2,1.3,29.4,1.3
2005,Q2,"     ≥ 100,000",1.2,0.3,12.4,2.3,10.8,2.0,14.8,2.9,5.1,2.8,1.4,2.1,6.5,2.6,45.7,2.1
2005,Q2,Total,363.6,100.0,537.7,100.0,532.3,100.0,512.7,100.0,180.8,100.0,67.3,100.0,248.1,100.0,2194.4,100.0
2005,Q3,"< 8,000",203.5,56.5,159.9,30.1,72.8,13.4,34.6,6.7,9.2,5.1,2.7,4.2,11.8,4.9,482.6,22.0
2005,Q3,"     < 4,000",123.1,34.2,40.8,7.7,14.2,2.6,5.6,1.1,1.5,0.8,0.8,1.3,2.3,1.0,186.1,8.5
2005,Q3,"     4,000 - 5,999",45.7,12.7,64.3,12.1,17.6,3.2,7.3,1.4,2.6,1.4,[*7],[*7],2.9,1.2,137.8,6.3
2005,Q3,"     6,000 - 7,999",34.7,9.6,54.7,10.3,41.0,7.5,21.7,4.2,5.0,2.8,1.5,2.4,6.6,2.7,158.7,7.2
2005,Q3,"8,000 - 9,999",30.1,8.3,40.0,7.5,45.1,8.3,38.3,7.4,12.4,6.9,2.4,3.9,14.9,6.1,168.3,7.7
2005,Q3,"10,000 - 14,999",37.0,10.3,74.0,13.9,101.1,18.6,100.5,19.5,32.8,18.3,12.2,19.5,45.0,18.6,357.6,16.3
2005,Q3,"15,000 - 19,999",24.5,6.8,56.5,10.6,81.8,15.0,82.6,16.0,25.4,14.1,9.5,15.2,34.9,14.4,280.2,12.8
2005,Q3,"20,000 - 24,999",19.1,5.3,40.2,7.6,66.4,12.2,69.1,13.4,23.7,13.2,8.7,13.8,32.4,13.4,227.1,10.4
2005,Q3,"25,000 - 29,999",10.4,2.9,35.4,6.7,41.3,7.6,43.0,8.3,19.3,10.7,5.9,9.4,25.2,10.4,155.1,7.1
2005,Q3,"30,000 - 34,999",11.5,3.2,26.9,5.1,32.8,6.0,33.6,6.5,15.6,8.7,5.5,8.8,21.1,8.7,126.0,5.7
2005,Q3,"35,000 - 39,999",4.2,1.2,20.0,3.8,18.2,3.4,23.8,4.6,9.3,5.2,4.7,7.5,14.0,5.8,80.3,3.7
2005,Q3,"40,000 - 44,999",4.9,1.4,16.1,3.0,17.0,3.1,16.7,3.2,7.7,4.3,3.1,4.9,10.8,4.4,65.5,3.0
2005,Q3,"45,000 - 49,999",2.1,0.6,9.4,1.8,11.2,2.1,11.0,2.1,5.0,2.8,2.1,3.3,7.0,2.9,40.8,1.9
2005,Q3,"50,000 - 59,999",5.4,1.5,17.4,3.3,17.5,3.2,18.4,3.6,5.3,2.9,2.8,4.5,8.1,3.3,66.8,3.0
2005,Q3,"60,000 - 79,999",4.0,1.1,16.8,3.2,18.0,3.3,19.6,3.8,5.9,3.3,1.5,2.5,7.4,3.1,65.8,3.0
2005,Q3,"≥ 80,000",3.4,0.9,19.0,3.6,20.2,3.7,24.6,4.8,8.4,4.7,1.6,2.5,10.0,4.1,77.1,3.5
2005,Q3,"     80,000 - 99,999",1.5,0.4,7.2,1.4,8.3,1.5,9.3,1.8,3.4,1.9,0.6,1.0,4.0,1.7,30.3,1.4
2005,Q3,"     ≥ 100,000",1.9,0.5,11.8,2.2,11.9,2.2,15.3,3.0,5.0,2.8,1.0,1.6,5.9,2.4,46.8,2.1
2005,Q3,Total,360.1,100.0,531.6,100.0,543.3,100.0,515.6,100.0,179.8,100.0,62.7,100.0,242.5,100.0,2193.2,100.0
2005,Q4,"< 8,000",196.6,56.3,160.2,29.7,72.0,12.8,34.2,6.6,6.0,3.6,1.6,2.6,7.6,3.3,470.6,21.4
2005,Q4,"     < 4,000",117.1,33.5,41.5,7.7,10.7,1.9,4.3,0.8,0.9,0.5,[*7],[*7],1.3,0.6,174.9,8.0
2005,Q4,"     4,000 - 5,999",46.5,13.3,64.1,11.9,17.3,3.1,8.0,1.5,1.2,0.7,[*7],[*7],1.6,0.7,137.5,6.3
2005,Q4,"     6,000 - 7,999",32.9,9.4,54.5,10.1,44.1,7.8,21.9,4.2,3.9,2.3,0.8,1.4,4.7,2.1,158.2,7.2
2005,Q4,"8,000 - 9,999",28.1,8.1,45.1,8.4,47.3,8.4,38.4,7.4,9.8,5.8,2.5,4.2,12.3,5.4,171.2,7.8
2005,Q4,"10,000 - 14,999",38.2,10.9,73.7,13.7,107.5,19.1,98.0,19.0,31.1,18.4,11.6,19.1,42.6,18.6,360.0,16.4
2005,Q4,"15,000 - 19,999",22.8,6.5,55.3,10.3,86.8,15.4,82.8,16.0,27.5,16.3,9.8,16.1,37.2,16.3,285.0,13.0
2005,Q4,"20,000 - 24,999",14.0,4.0,42.9,8.0,66.1,11.7,68.8,13.3,21.9,13.0,6.7,11.0,28.6,12.5,220.3,10.0
2005,Q4,"25,000 - 29,999",13.1,3.7,32.7,6.1,45.8,8.1,45.4,8.8,17.0,10.1,7.4,12.2,24.4,10.7,161.3,7.3
2005,Q4,"30,000 - 34,999",9.3,2.7,29.1,5.4,34.5,6.1,35.3,6.8,13.8,8.2,5.4,8.9,19.2,8.4,127.4,5.8
2005,Q4,"35,000 - 39,999",5.7,1.6,16.4,3.0,19.3,3.4,21.0,4.1,8.4,5.0,3.8,6.2,12.2,5.3,74.6,3.4
2005,Q4,"40,000 - 44,999",5.1,1.5,17.9,3.3,16.1,2.9,17.5,3.4,7.6,4.5,2.9,4.9,10.5,4.6,67.1,3.1
2005,Q4,"45,000 - 49,999",2.7,0.8,9.9,1.8,11.3,2.0,12.6,2.4,4.2,2.5,1.6,2.6,5.8,2.5,42.3,1.9
2005,Q4,"50,000 - 59,999",4.7,1.3,15.6,2.9,17.1,3.0,19.1,3.7,6.0,3.6,2.7,4.5,8.7,3.8,65.2,3.0
2005,Q4,"60,000 - 79,999",3.6,1.0,14.9,2.8,18.8,3.3,20.4,3.9,7.3,4.3,2.2,3.7,9.5,4.2,67.2,3.1
2005,Q4,"≥ 80,000",5.4,1.5,25.3,4.7,19.9,3.5,23.3,4.5,7.9,4.7,2.6,4.3,10.5,4.6,84.5,3.8
2005,Q4,"     80,000 - 99,999",2.7,0.8,9.8,1.8,8.9,1.6,10.0,1.9,3.3,1.9,1.4,2.2,4.6,2.0,36.1,1.6
2005,Q4,"     ≥ 100,000",2.7,0.8,15.6,2.9,11.0,2.0,13.3,2.6,4.7,2.8,1.3,2.1,5.9,2.6,48.4,2.2
2005,Q4,Total,349.3,100.0,538.9,100.0,562.6,100.0,516.7,100.0,168.5,100.0,60.7,100.0,229.2,100.0,2196.7,100.0
2006,Q1,"< 8,000",198.1,55.2,155.7,28.8,63.0,11.4,31.7,6.1,6.5,3.9,1.7,2.6,8.2,3.5,456.6,20.8
2006,Q1,"     < 4,000",118.7,33.0,38.8,7.2,10.7,1.9,5.7,1.1,1.5,0.9,[*7],[*7],1.8,0.8,175.6,8.0
2006,Q1,"     4,000 - 5,999",47.4,13.2,61.1,11.3,17.2,3.1,6.2,1.2,1.2,0.7,0.6,0.9,1.7,0.8,133.6,6.1
2006,Q1,"     6,000 - 7,999",32.0,8.9,55.8,10.3,35.1,6.4,19.8,3.8,3.9,2.3,0.8,1.2,4.7,2.0,147.4,6.7
2006,Q1,"8,000 - 9,999",24.1,6.7,38.7,7.1,47.6,8.6,34.9,6.8,10.2,6.1,3.1,4.7,13.2,5.7,158.4,7.2
2006,Q1,"10,000 - 14,999",34.9,9.7,71.2,13.2,97.6,17.7,92.2,17.9,30.4,18.2,12.3,19.0,42.7,18.4,338.6,15.4
2006,Q1,"15,000 - 19,999",23.3,6.5,54.4,10.1,79.6,14.4,70.8,13.7,23.0,13.8,9.9,15.3,32.9,14.2,261.0,11.9
2006,Q1,"20,000 - 24,999",17.2,4.8,40.5,7.5,62.6,11.3,66.5,12.9,22.2,13.3,7.9,12.2,30.1,13.0,217.0,9.9
2006,Q1,"25,000 - 29,999",12.2,3.4,28.7,5.3,42.5,7.7,47.9,9.3,17.9,10.7,7.1,10.9,24.9,10.7,156.1,7.1
2006,Q1,"30,000 - 34,999",12.3,3.4,27.0,5.0,35.8,6.5,37.2,7.2,11.3,6.7,4.5,6.9,15.7,6.8,128.1,5.8
2006,Q1,"35,000 - 39,999",7.6,2.1,19.5,3.6,20.7,3.8,24.6,4.8,9.9,5.9,4.6,7.2,14.5,6.2,86.9,3.9
2006,Q1,"40,000 - 44,999",6.0,1.7,20.9,3.9,21.5,3.9,18.0,3.5,7.1,4.2,3.1,4.8,10.2,4.4,76.6,3.5
2006,Q1,"45,000 - 49,999",3.0,0.8,12.7,2.3,11.1,2.0,12.1,2.3,4.6,2.8,2.2,3.4,6.8,3.0,45.8,2.1
2006,Q1,"50,000 - 59,999",7.7,2.1,21.1,3.9,21.1,3.8,21.1,4.1,7.9,4.8,2.3,3.6,10.3,4.4,81.2,3.7
2006,Q1,"60,000 - 79,999",5.5,1.5,21.9,4.1,21.9,4.0,25.9,5.0,8.2,4.9,3.5,5.4,11.7,5.1,87.0,4.0
2006,Q1,"≥ 80,000",7.0,2.0,29.0,5.4,27.1,4.9,33.1,6.4,8.0,4.8,2.7,4.1,10.7,4.6,106.9,4.9
2006,Q1,"     80,000 - 99,999",2.4,0.7,10.4,1.9,11.4,2.1,14.3,2.8,2.0,1.2,0.9,1.3,2.9,1.2,41.3,1.9
2006,Q1,"     ≥ 100,000",4.7,1.3,18.6,3.4,15.7,2.8,18.8,3.6,6.0,3.6,1.8,2.8,7.8,3.4,65.6,3.0
2006,Q1,Total,359.0,100.0,541.3,100.0,552.1,100.0,515.8,100.0,167.2,100.0,64.8,100.0,232.1,100.0,2200.3,100.0
2006,Q2,"< 8,000",203.6,54.6,162.2,29.8,65.6,12.0,33.7,6.5,7.8,4.6,2.1,3.3,9.9,4.2,475.0,21.4
2006,Q2,"     < 4,000",125.3,33.6,42.0,7.7,11.7,2.1,6.8,1.3,1.0,0.6,[*7],[*7],1.3,0.6,187.1,8.4
2006,Q2,"     4,000 - 5,999",42.2,11.3,63.2,11.6,14.4,2.6,5.5,1.1,1.1,0.6,[*7],[*7],1.4,0.6,126.7,5.7
2006,Q2,"     6,000 - 7,999",36.1,9.7,57.1,10.5,39.6,7.2,21.4,4.1,5.7,3.4,1.4,2.3,7.2,3.1,161.3,7.3
2006,Q2,"8,000 - 9,999",30.9,8.3,46.9,8.6,47.9,8.8,37.8,7.3,10.2,6.0,1.8,2.9,12.0,5.2,175.5,7.9
2006,Q2,"10,000 - 14,999",40.9,11.0,68.6,12.6,101.3,18.5,91.7,17.7,30.0,17.5,11.8,18.9,41.8,17.9,344.2,15.5
2006,Q2,"15,000 - 19,999",26.3,7.1,52.6,9.7,78.1,14.3,72.9,14.1,26.4,15.5,9.4,15.0,35.8,15.3,265.7,12.0
2006,Q2,"20,000 - 24,999",15.6,4.2,43.9,8.1,64.1,11.7,69.2,13.3,23.4,13.7,9.0,14.4,32.4,13.9,225.3,10.2
2006,Q2,"25,000 - 29,999",12.1,3.2,30.7,5.6,43.1,7.9,46.1,8.9,17.2,10.1,5.9,9.5,23.2,9.9,155.1,7.0
2006,Q2,"30,000 - 34,999",12.1,3.2,27.6,5.1,32.0,5.9,37.2,7.2,14.3,8.4,5.5,8.8,19.8,8.5,128.7,5.8
2006,Q2,"35,000 - 39,999",6.0,1.6,19.3,3.6,21.7,4.0,25.7,5.0,8.1,4.8,3.9,6.2,12.0,5.2,84.8,3.8
2006,Q2,"40,000 - 44,999",5.9,1.6,17.1,3.1,19.6,3.6,19.6,3.8,6.8,4.0,3.1,4.9,9.9,4.2,72.2,3.3
2006,Q2,"45,000 - 49,999",2.8,0.7,13.4,2.5,12.5,2.3,12.9,2.5,6.2,3.6,1.3,2.0,7.5,3.2,49.1,2.2
2006,Q2,"50,000 - 59,999",5.7,1.5,19.6,3.6,19.8,3.6,22.2,4.3,6.8,4.0,3.5,5.6,10.3,4.4,77.6,3.5
2006,Q2,"60,000 - 79,999",5.3,1.4,19.4,3.6,18.4,3.4,22.4,4.3,5.9,3.5,2.2,3.5,8.1,3.5,73.6,3.3
2006,Q2,"≥ 80,000",5.6,1.5,22.7,4.2,22.2,4.1,27.1,5.2,7.5,4.4,3.2,5.0,10.7,4.6,88.3,4.0
2006,Q2,"     80,000 - 99,999",2.2,0.6,9.7,1.8,9.6,1.8,10.7,2.1,2.5,1.5,1.9,3.1,4.5,1.9,36.7,1.7
2006,Q2,"     ≥ 100,000",3.5,0.9,12.9,2.4,12.6,2.3,16.3,3.1,5.0,2.9,1.2,2.0,6.2,2.7,51.6,2.3
2006,Q2,Total,372.8,100.0,544.0,100.0,546.3,100.0,518.5,100.0,170.7,100.0,62.6,100.0,233.3,100.0,2215.0,100.0
2006,Q3,"< 8,000",206.8,55.0,158.1,28.8,61.1,11.0,32.6,6.3,6.5,3.9,2.1,3.3,8.6,3.8,467.3,21.0
2006,Q3,"     < 4,000",124.7,33.2,39.3,7.2,8.1,1.5,4.4,0.9,1.0,0.6,[*7],[*7],1.4,0.6,177.9,8.0
2006,Q3,"     4,000 - 5,999",44.9,12.0,59.8,10.9,15.2,2.7,5.9,1.1,1.1,0.6,0.5,0.8,1.6,0.7,127.4,5.7
2006,Q3,"     6,000 - 7,999",37.1,9.9,59.1,10.8,37.9,6.8,22.2,4.3,4.5,2.7,1.2,1.8,5.7,2.5,162.0,7.3
2006,Q3,"8,000 - 9,999",29.4,7.8,46.1,8.4,43.8,7.9,36.0,6.9,11.2,6.8,2.8,4.2,14.0,6.1,169.3,7.6
2006,Q3,"10,000 - 14,999",44.2,11.7,72.0,13.1,107.4,19.4,89.4,17.2,28.6,17.3,11.7,18.0,40.3,17.5,353.2,15.9
2006,Q3,"15,000 - 19,999",25.2,6.7,55.5,10.1,80.8,14.6,80.6,15.5,25.6,15.5,8.9,13.6,34.5,15.0,276.6,12.4
2006,Q3,"20,000 - 24,999",18.1,4.8,50.1,9.1,72.3,13.1,69.9,13.4,21.2,12.9,8.7,13.3,29.9,13.0,240.3,10.8
2006,Q3,"25,000 - 29,999",9.0,2.4,32.2,5.9,45.6,8.2,50.3,9.7,17.5,10.6,7.2,11.0,24.7,10.7,161.7,7.3
2006,Q3,"30,000 - 34,999",12.4,3.3,29.3,5.3,36.1,6.5,38.6,7.4,15.5,9.4,5.9,9.1,21.4,9.3,137.8,6.2
2006,Q3,"35,000 - 39,999",5.9,1.6,18.3,3.3,23.7,4.3,21.1,4.1,8.8,5.3,3.4,5.3,12.2,5.3,81.2,3.6
2006,Q3,"40,000 - 44,999",6.5,1.7,17.5,3.2,18.3,3.3,20.8,4.0,7.0,4.2,3.8,5.8,10.7,4.7,73.9,3.3
2006,Q3,"45,000 - 49,999",2.1,0.6,9.0,1.6,10.5,1.9,11.3,2.2,4.7,2.9,1.9,2.9,6.6,2.9,39.6,1.8
2006,Q3,"50,000 - 59,999",5.3,1.4,19.0,3.5,17.1,3.1,21.0,4.0,5.3,3.2,3.1,4.7,8.4,3.7,70.9,3.2
2006,Q3,"60,000 - 79,999",5.1,1.4,19.9,3.6,16.2,2.9,22.5,4.3,6.0,3.7,2.7,4.1,8.7,3.8,72.3,3.2
2006,Q3,"≥ 80,000",6.0,1.6,21.6,3.9,20.6,3.7,25.7,5.0,7.1,4.3,3.1,4.7,10.2,4.4,84.1,3.8
2006,Q3,"     80,000 - 99,999",2.8,0.7,8.5,1.5,7.3,1.3,9.3,1.8,2.2,1.4,0.8,1.3,3.1,1.3,31.0,1.4
2006,Q3,"     ≥ 100,000",3.3,0.9,13.1,2.4,13.2,2.4,16.4,3.2,4.9,3.0,2.2,3.4,7.1,3.1,53.1,2.4
2006,Q3,Total,376.0,100.0,548.7,100.0,553.4,100.0,519.9,100.0,165.1,100.0,65.2,100.0,230.2,100.0,2228.3,100.0
2006,Q4,"< 8,000",203.1,55.0,164.0,29.3,61.0,10.8,27.6,5.4,7.5,4.6,1.6,2.5,9.1,4.0,464.9,20.8
2006,Q4,"     < 4,000",119.1,32.2,37.8,6.8,10.0,1.8,5.2,1.0,1.1,0.7,[*7],[*7],1.4,0.6,173.5,7.8
2006,Q4,"     4,000 - 5,999",47.8,12.9,66.0,11.8,14.6,2.6,3.7,0.7,1.6,1.0,[*7],[*7],1.8,0.8,134.0,6.0
2006,Q4,"     6,000 - 7,999",36.2,9.8,60.2,10.8,36.4,6.5,18.6,3.6,4.9,2.9,1.1,1.8,6.0,2.6,157.4,7.0
2006,Q4,"8,000 - 9,999",29.4,7.9,45.3,8.1,43.8,7.8,38.3,7.4,11.1,6.7,3.2,5.2,14.3,6.3,171.1,7.7
2006,Q4,"10,000 - 14,999",40.4,10.9,78.5,14.0,106.1,18.8,91.6,17.8,27.4,16.6,10.9,17.5,38.3,16.8,355.0,15.9
2006,Q4,"15,000 - 19,999",24.4,6.6,55.5,9.9,86.2,15.3,81.0,15.7,25.5,15.5,9.6,15.4,35.2,15.4,282.3,12.6
2006,Q4,"20,000 - 24,999",18.1,4.9,46.0,8.2,72.6,12.9,70.8,13.8,20.0,12.1,8.0,12.9,28.0,12.3,235.6,10.5
2006,Q4,"25,000 - 29,999",12.9,3.5,32.5,5.8,47.4,8.4,44.6,8.7,18.5,11.2,5.9,9.5,24.5,10.7,161.8,7.2
2006,Q4,"30,000 - 34,999",10.5,2.9,30.3,5.4,36.6,6.5,39.9,7.8,13.8,8.3,6.1,9.7,19.8,8.7,137.2,6.1
2006,Q4,"35,000 - 39,999",7.4,2.0,18.9,3.4,20.9,3.7,24.6,4.8,9.5,5.7,4.5,7.1,14.0,6.1,85.8,3.8
2006,Q4,"40,000 - 44,999",4.9,1.3,16.1,2.9,19.9,3.5,19.1,3.7,6.8,4.1,2.8,4.6,9.6,4.2,69.7,3.1
2006,Q4,"45,000 - 49,999",2.8,0.8,11.4,2.0,11.1,2.0,13.1,2.5,5.8,3.5,2.4,3.8,8.2,3.6,46.6,2.1
2006,Q4,"50,000 - 59,999",5.9,1.6,17.5,3.1,18.6,3.3,20.6,4.0,7.2,4.4,2.9,4.7,10.2,4.5,72.8,3.3
2006,Q4,"60,000 - 79,999",4.7,1.3,20.4,3.7,18.2,3.2,19.4,3.8,5.4,3.3,2.2,3.5,7.6,3.3,70.3,3.1
2006,Q4,"≥ 80,000",5.1,1.4,22.7,4.1,21.0,3.7,24.0,4.7,6.8,4.1,2.3,3.7,9.1,4.0,81.8,3.7
2006,Q4,"     80,000 - 99,999",2.2,0.6,8.8,1.6,7.4,1.3,10.4,2.0,1.9,1.1,1.0,1.7,2.9,1.3,31.7,1.4
2006,Q4,"     ≥ 100,000",2.9,0.8,13.9,2.5,13.6,2.4,13.5,2.6,4.9,2.9,1.3,2.0,6.1,2.7,50.1,2.2
2006,Q4,Total,369.6,100.0,559.2,100.0,563.6,100.0,514.6,100.0,165.3,100.0,62.5,100.0,227.8,100.0,2234.8,100.0
2007,Q1,"< 8,000",197.9,54.1,171.6,30.0,61.6,11.0,27.9,5.4,6.2,3.7,1.5,2.5,7.6,3.4,466.7,20.8
2007,Q1,"     < 4,000",119.3,32.6,42.9,7.5,9.7,1.7,3.9,0.8,1.1,0.7,[*7],[*7],1.2,0.5,177.0,7.9
2007,Q1,"     4,000 - 5,999",44.1,12.1,68.1,11.9,14.9,2.6,6.1,1.2,1.6,1.0,[*7],[*7],1.7,0.8,134.9,6.0
2007,Q1,"     6,000 - 7,999",34.5,9.4,60.6,10.6,37.1,6.6,17.9,3.5,3.4,2.1,1.3,2.1,4.7,2.1,154.8,6.9
2007,Q1,"8,000 - 9,999",28.7,7.9,41.4,7.2,43.9,7.8,32.2,6.3,9.1,5.5,2.2,3.6,11.3,5.0,157.5,7.0
2007,Q1,"10,000 - 14,999",38.9,10.6,76.0,13.3,98.5,17.6,84.2,16.4,28.6,17.3,11.7,19.3,40.3,17.8,337.8,15.1
2007,Q1,"15,000 - 19,999",21.6,5.9,51.8,9.1,74.4,13.3,77.3,15.0,23.7,14.3,9.8,16.1,33.5,14.8,258.6,11.6
2007,Q1,"20,000 - 24,999",18.8,5.1,44.5,7.8,64.9,11.6,68.2,13.3,21.9,13.2,7.2,11.9,29.1,12.9,225.5,10.1
2007,Q1,"25,000 - 29,999",13.8,3.8,34.3,6.0,43.8,7.8,45.3,8.8,15.8,9.6,6.9,11.3,22.7,10.0,159.8,7.1
2007,Q1,"30,000 - 34,999",12.8,3.5,26.0,4.5,35.1,6.3,38.2,7.4,15.4,9.3,5.8,9.6,21.2,9.4,133.3,6.0
2007,Q1,"35,000 - 39,999",5.6,1.5,17.4,3.0,25.1,4.5,23.5,4.6,9.7,5.8,4.1,6.7,13.7,6.1,85.3,3.8
2007,Q1,"40,000 - 44,999",5.6,1.5,20.6,3.6,20.2,3.6,23.6,4.6,7.4,4.5,2.8,4.6,10.3,4.5,80.3,3.6
2007,Q1,"45,000 - 49,999",2.1,0.6,13.4,2.4,14.4,2.6,14.1,2.7,5.5,3.3,1.7,2.7,7.1,3.2,51.3,2.3
2007,Q1,"50,000 - 59,999",6.7,1.8,21.0,3.7,21.0,3.8,27.1,5.3,7.4,4.5,1.9,3.2,9.3,4.1,85.2,3.8
2007,Q1,"60,000 - 79,999",5.5,1.5,23.0,4.0,25.7,4.6,23.0,4.5,6.5,3.9,2.0,3.4,8.6,3.8,85.8,3.8
2007,Q1,"≥ 80,000",7.8,2.1,30.6,5.4,31.9,5.7,29.5,5.7,8.5,5.2,3.1,5.1,11.6,5.1,111.4,5.0
2007,Q1,"     80,000 - 99,999",3.8,1.0,12.8,2.2,11.2,2.0,12.8,2.5,3.1,1.9,1.2,2.0,4.3,1.9,44.9,2.0
2007,Q1,"     ≥ 100,000",4.0,1.1,17.8,3.1,20.7,3.7,16.7,3.2,5.4,3.3,1.9,3.1,7.3,3.2,66.5,3.0
2007,Q1,Total,365.9,100.0,571.7,100.0,560.6,100.0,514.0,100.0,165.5,100.0,60.8,100.0,226.3,100.0,2238.5,100.0
2007,Q2,"< 8,000",207.5,55.2,155.8,27.7,51.6,9.2,26.5,5.1,5.9,3.5,1.4,2.4,7.3,3.2,448.5,20.0
2007,Q2,"     < 4,000",99.4,26.5,41.8,7.4,9.8,1.8,3.9,0.8,0.8,0.5,[*7],[*7],1.1,0.5,156.1,7.0
2007,Q2,"     4,000 - 5,999",53.5,14.2,53.5,9.5,12.4,2.2,5.8,1.1,1.1,0.7,0.5,0.9,1.6,0.7,126.8,5.7
2007,Q2,"     6,000 - 7,999",54.6,14.5,60.4,10.8,29.3,5.2,16.8,3.2,4.0,2.4,0.6,1.0,4.6,2.0,165.6,7.4
2007,Q2,"8,000 - 9,999",34.5,9.2,44.3,7.9,42.6,7.6,29.6,5.7,8.7,5.2,2.3,3.8,11.0,4.8,161.9,7.2
2007,Q2,"10,000 - 14,999",41.6,11.1,84.9,15.1,105.2,18.8,87.1,16.8,25.5,15.3,10.3,17.2,35.8,15.8,354.6,15.8
2007,Q2,"15,000 - 19,999",19.6,5.2,58.3,10.4,91.2,16.3,84.4,16.3,24.3,14.6,10.2,17.0,34.6,15.2,288.2,12.8
2007,Q2,"20,000 - 24,999",18.2,4.8,43.7,7.8,62.1,11.1,70.4,13.6,24.5,14.7,7.3,12.2,31.8,14.0,226.3,10.1
2007,Q2,"25,000 - 29,999",13.5,3.6,34.4,6.1,46.2,8.2,49.6,9.6,18.6,11.1,6.5,10.8,25.1,11.0,168.8,7.5
2007,Q2,"30,000 - 34,999",11.4,3.0,27.5,4.9,35.4,6.3,38.7,7.5,15.9,9.5,5.7,9.5,21.6,9.5,134.6,6.0
2007,Q2,"35,000 - 39,999",6.4,1.7,20.1,3.6,24.2,4.3,24.2,4.7,10.5,6.3,4.7,7.7,15.2,6.7,90.2,4.0
2007,Q2,"40,000 - 44,999",5.5,1.5,17.7,3.1,19.1,3.4,18.7,3.6,6.1,3.7,2.6,4.4,8.7,3.8,69.7,3.1
2007,Q2,"45,000 - 49,999",2.5,0.7,11.5,2.0,13.9,2.5,15.0,2.9,5.5,3.3,2.7,4.5,8.1,3.6,50.9,2.3
2007,Q2,"50,000 - 59,999",5.6,1.5,19.3,3.4,21.4,3.8,23.9,4.6,7.1,4.3,2.6,4.3,9.7,4.3,79.9,3.6
2007,Q2,"60,000 - 79,999",4.0,1.1,20.5,3.6,21.2,3.8,21.1,4.1,6.8,4.1,1.4,2.4,8.2,3.6,75.2,3.4
2007,Q2,"≥ 80,000",5.5,1.5,24.3,4.3,26.6,4.8,28.2,5.4,7.6,4.6,2.3,3.9,10.0,4.4,94.6,4.2
2007,Q2,"     80,000 - 99,999",1.9,0.5,9.5,1.7,10.3,1.8,11.0,2.1,3.1,1.8,0.7,1.1,3.8,1.7,36.4,1.6
2007,Q2,"     ≥ 100,000",3.6,1.0,14.8,2.6,16.3,2.9,17.2,3.3,4.6,2.7,1.7,2.7,6.2,2.7,58.1,2.6
2007,Q2,Total,375.7,100.0,562.3,100.0,560.9,100.0,517.5,100.0,167.0,100.0,60.2,100.0,227.1,100.0,2243.4,100.0
2007,Q3,"< 8,000",208.1,55.1,161.2,28.3,58.7,10.4,30.1,5.8,5.5,3.3,1.7,3.0,7.2,3.2,465.3,20.6
2007,Q3,"     < 4,000",120.2,31.8,44.0,7.7,10.3,1.8,3.0,0.6,0.7,0.4,[*7],[*7],1.2,0.5,178.7,7.9
2007,Q3,"     4,000 - 5,999",51.2,13.6,61.5,10.8,14.3,2.5,4.6,0.9,0.8,0.5,[*7],[*7],0.9,0.4,132.5,5.9
2007,Q3,"     6,000 - 7,999",36.6,9.7,55.7,9.8,34.0,6.0,22.5,4.3,4.0,2.4,1.1,2.0,5.1,2.3,154.0,6.8
2007,Q3,"8,000 - 9,999",28.1,7.4,45.3,7.9,43.9,7.7,28.9,5.6,9.6,5.8,1.9,3.3,11.4,5.1,157.6,7.0
2007,Q3,"10,000 - 14,999",39.5,10.4,79.5,14.0,97.0,17.1,89.5,17.2,25.9,15.6,10.4,18.2,36.3,16.3,341.8,15.1
2007,Q3,"15,000 - 19,999",25.8,6.8,59.6,10.5,88.8,15.7,80.4,15.5,24.6,14.8,9.1,15.9,33.7,15.1,288.3,12.8
2007,Q3,"20,000 - 24,999",17.6,4.7,47.3,8.3,65.2,11.5,70.2,13.5,21.7,13.1,7.5,13.1,29.2,13.1,229.5,10.2
2007,Q3,"25,000 - 29,999",11.8,3.1,32.5,5.7,48.0,8.5,48.7,9.4,19.7,11.9,6.0,10.5,25.7,11.5,166.7,7.4
2007,Q3,"30,000 - 34,999",14.5,3.8,29.1,5.1,37.7,6.6,37.9,7.3,15.4,9.3,4.8,8.5,20.2,9.1,139.4,6.2
2007,Q3,"35,000 - 39,999",4.8,1.3,17.6,3.1,21.8,3.8,28.5,5.5,10.0,6.0,2.5,4.3,12.5,5.6,85.2,3.8
2007,Q3,"40,000 - 44,999",6.1,1.6,17.3,3.0,23.0,4.1,20.1,3.9,7.8,4.7,3.5,6.1,11.3,5.1,77.8,3.4
2007,Q3,"45,000 - 49,999",3.8,1.0,12.0,2.1,12.6,2.2,13.2,2.5,4.8,2.9,2.2,3.9,7.0,3.1,48.6,2.2
2007,Q3,"50,000 - 59,999",5.6,1.5,21.7,3.8,21.4,3.8,21.2,4.1,8.1,4.9,3.1,5.4,11.2,5.0,81.1,3.6
2007,Q3,"60,000 - 79,999",4.1,1.1,20.4,3.6,23.8,4.2,22.0,4.2,6.7,4.0,2.4,4.2,9.1,4.1,79.4,3.5
2007,Q3,"≥ 80,000",8.4,2.2,26.4,4.6,24.9,4.4,28.9,5.6,6.2,3.8,2.1,3.6,8.3,3.7,96.9,4.3
2007,Q3,"     80,000 - 99,999",2.9,0.8,9.8,1.7,9.9,1.7,10.9,2.1,1.6,1.0,0.8,1.3,2.4,1.1,35.8,1.6
2007,Q3,"     ≥ 100,000",5.6,1.5,16.6,2.9,15.0,2.6,18.0,3.5,4.6,2.8,1.3,2.3,5.9,2.7,61.1,2.7
2007,Q3,Total,377.9,100.0,569.8,100.0,566.7,100.0,519.8,100.0,166.0,100.0,57.2,100.0,223.3,100.0,2257.4,100.0
2007,Q4,"< 8,000",201.5,53.9,167.2,28.7,55.4,9.8,22.9,4.4,5.0,3.1,0.9,1.5,5.9,2.7,453.0,20.0
2007,Q4,"     < 4,000",117.9,31.5,46.0,7.9,9.6,1.7,2.2,0.4,1.0,0.6,[*7],[*7],1.2,0.6,176.9,7.8
2007,Q4,"     4,000 - 5,999",45.6,12.2,61.9,10.6,13.9,2.5,4.6,0.9,0.7,0.4,[*7],[*7],0.9,0.4,126.9,5.6
2007,Q4,"     6,000 - 7,999",38.0,10.2,59.4,10.2,32.0,5.7,16.2,3.1,3.4,2.1,[*7],[*7],3.8,1.7,149.3,6.6
2007,Q4,"8,000 - 9,999",28.8,7.7,44.5,7.6,42.5,7.5,32.7,6.3,8.9,5.5,1.5,2.5,10.4,4.7,158.8,7.0
2007,Q4,"10,000 - 14,999",41.0,11.0,84.7,14.5,95.0,16.9,85.9,16.5,26.9,16.7,10.3,17.6,37.3,17.0,343.8,15.2
2007,Q4,"15,000 - 19,999",23.1,6.2,56.2,9.7,85.3,15.2,82.4,15.8,22.3,13.9,9.0,15.3,31.3,14.2,278.2,12.3
2007,Q4,"20,000 - 24,999",19.3,5.2,51.7,8.9,67.5,12.0,70.5,13.5,20.7,12.8,6.8,11.7,27.5,12.5,236.6,10.5
2007,Q4,"25,000 - 29,999",13.1,3.5,31.3,5.4,49.2,8.7,48.6,9.3,19.6,12.1,6.8,11.7,26.4,12.0,168.6,7.5
2007,Q4,"30,000 - 34,999",13.5,3.6,30.3,5.2,37.9,6.7,42.0,8.1,15.2,9.4,5.9,10.1,21.1,9.6,144.8,6.4
2007,Q4,"35,000 - 39,999",4.7,1.3,19.2,3.3,24.5,4.4,23.4,4.5,9.2,5.7,3.8,6.5,13.0,5.9,84.8,3.8
2007,Q4,"40,000 - 44,999",5.6,1.5,14.9,2.6,20.9,3.7,21.0,4.0,8.0,5.0,3.6,6.1,11.5,5.3,74.0,3.3
2007,Q4,"45,000 - 49,999",2.7,0.7,14.0,2.4,13.3,2.4,13.0,2.5,5.1,3.2,2.5,4.3,7.7,3.5,50.7,2.2
2007,Q4,"50,000 - 59,999",6.2,1.7,20.5,3.5,21.6,3.8,22.0,4.2,7.2,4.5,3.6,6.1,10.8,4.9,81.1,3.6
2007,Q4,"60,000 - 79,999",5.0,1.3,21.5,3.7,25.1,4.5,25.4,4.9,5.4,3.4,2.2,3.7,7.6,3.5,84.5,3.7
2007,Q4,"≥ 80,000",9.2,2.5,26.1,4.5,24.8,4.4,31.3,6.0,7.5,4.6,1.8,3.0,9.2,4.2,100.7,4.5
2007,Q4,"     80,000 - 99,999",2.5,0.7,9.7,1.7,9.5,1.7,10.5,2.0,2.0,1.3,1.0,1.6,3.0,1.4,35.2,1.6
2007,Q4,"     ≥ 100,000",6.7,1.8,16.4,2.8,15.3,2.7,20.8,4.0,5.4,3.4,0.8,1.4,6.3,2.8,65.5,2.9
2007,Q4,Total,373.7,100.0,582.2,100.0,563.1,100.0,521.0,100.0,161.0,100.0,58.7,100.0,219.7,100.0,2259.7,100.0
2008,Q1,"< 8,000",203.7,54.9,167.1,28.5,55.4,9.7,26.4,5.2,5.5,3.4,1.3,2.2,6.8,3.1,459.4,20.3
2008,Q1,"     < 4,000",128.1,34.5,47.4,8.1,10.4,1.8,4.3,0.8,1.1,0.7,[*7],[*7],1.4,0.6,191.7,8.5
2008,Q1,"     4,000 - 5,999",39.0,10.5,62.6,10.7,12.9,2.3,4.1,0.8,0.6,0.4,[*7],[*7],0.6,0.3,119.2,5.3
2008,Q1,"     6,000 - 7,999",36.6,9.9,57.1,9.7,32.1,5.6,18.0,3.5,3.7,2.3,1.1,1.8,4.8,2.2,148.5,6.6
2008,Q1,"8,000 - 9,999",21.7,5.8,43.0,7.3,40.3,7.1,28.8,5.6,8.1,5.0,2.1,3.5,10.2,4.6,144.0,6.4
2008,Q1,"10,000 - 14,999",40.7,11.0,76.2,13.0,92.6,16.2,79.5,15.5,25.0,15.5,9.9,16.5,34.9,15.8,323.9,14.3
2008,Q1,"15,000 - 19,999",21.1,5.7,54.0,9.2,87.1,15.2,74.7,14.6,21.3,13.2,8.0,13.4,29.3,13.2,266.2,11.8
2008,Q1,"20,000 - 24,999",19.3,5.2,45.7,7.8,71.4,12.5,62.6,12.2,20.2,12.5,6.3,10.6,26.6,12.0,225.6,10.0
2008,Q1,"25,000 - 29,999",10.0,2.7,32.2,5.5,43.8,7.7,49.5,9.7,16.7,10.3,6.1,10.2,22.8,10.3,158.3,7.0
2008,Q1,"30,000 - 34,999",12.7,3.4,31.2,5.3,37.5,6.6,38.9,7.6,13.9,8.6,5.4,9.1,19.3,8.7,139.6,6.2
2008,Q1,"35,000 - 39,999",7.1,1.9,19.8,3.4,24.6,4.3,26.3,5.1,10.3,6.4,5.1,8.5,15.4,6.9,93.2,4.1
2008,Q1,"40,000 - 44,999",7.6,2.1,22.0,3.8,18.9,3.3,22.0,4.3,7.2,4.5,3.5,5.9,10.7,4.9,81.3,3.6
2008,Q1,"45,000 - 49,999",3.9,1.1,13.6,2.3,14.2,2.5,15.2,3.0,5.9,3.7,2.1,3.5,8.0,3.6,55.0,2.4
2008,Q1,"50,000 - 59,999",6.0,1.6,22.2,3.8,23.9,4.2,23.5,4.6,7.2,4.4,3.4,5.7,10.6,4.8,86.3,3.8
2008,Q1,"60,000 - 79,999",7.1,1.9,24.1,4.1,28.6,5.0,26.2,5.1,8.7,5.4,3.5,5.8,12.1,5.5,98.1,4.3
2008,Q1,"≥ 80,000",10.0,2.7,35.3,6.0,33.1,5.8,38.2,7.5,11.5,7.1,3.1,5.1,14.5,6.6,131.1,5.8
2008,Q1,"     80,000 - 99,999",2.6,0.7,12.6,2.2,13.2,2.3,12.5,2.4,4.6,2.9,1.5,2.4,6.1,2.7,47.0,2.1
2008,Q1,"     ≥ 100,000",7.4,2.0,22.7,3.9,19.9,3.5,25.7,5.0,6.9,4.2,1.6,2.7,8.5,3.8,84.1,3.7
2008,Q1,Total,371.0,100.0,586.4,100.0,571.5,100.0,511.8,100.0,161.4,100.0,59.9,100.0,221.3,100.0,2262.0,100.0
2008,Q2,"< 8,000",200.2,52.8,165.2,28.3,55.8,9.5,24.3,4.8,5.6,3.4,1.3,2.3,6.9,3.1,452.4,19.9
2008,Q2,"     < 4,000",122.3,32.3,47.9,8.2,9.4,1.6,4.6,0.9,1.0,0.6,[*7],[*7],1.1,0.5,185.3,8.1
2008,Q2,"     4,000 - 5,999",41.8,11.0,64.5,11.1,15.2,2.6,3.8,0.7,0.8,0.5,0.5,0.9,1.3,0.6,126.5,5.6
2008,Q2,"     6,000 - 7,999",36.1,9.5,52.8,9.1,31.2,5.3,16.0,3.1,3.8,2.3,0.7,1.2,4.5,2.0,140.5,6.2
2008,Q2,"8,000 - 9,999",28.8,7.6,45.9,7.9,42.2,7.2,28.9,5.7,8.4,5.1,2.0,3.5,10.3,4.7,156.2,6.9
2008,Q2,"10,000 - 14,999",40.8,10.8,75.4,12.9,98.9,16.9,80.2,15.8,23.6,14.5,10.2,18.0,33.8,15.4,329.2,14.5
2008,Q2,"15,000 - 19,999",28.4,7.5,62.2,10.7,89.6,15.3,80.0,15.7,23.2,14.3,6.4,11.3,29.7,13.5,289.8,12.7
2008,Q2,"20,000 - 24,999",20.6,5.4,46.7,8.0,71.9,12.3,64.3,12.6,20.4,12.5,7.9,13.8,28.3,12.9,231.7,10.2
2008,Q2,"25,000 - 29,999",11.7,3.1,33.1,5.7,53.6,9.2,49.3,9.7,19.3,11.8,6.2,11.0,25.5,11.6,173.3,7.6
2008,Q2,"30,000 - 34,999",13.0,3.4,29.6,5.1,42.1,7.2,38.2,7.5,14.8,9.1,6.3,11.1,21.2,9.6,144.0,6.3
2008,Q2,"35,000 - 39,999",5.9,1.5,21.1,3.6,23.4,4.0,27.0,5.3,10.4,6.4,3.4,6.0,13.8,6.3,91.3,4.0
2008,Q2,"40,000 - 44,999",5.9,1.6,14.1,2.4,21.6,3.7,22.7,4.5,6.6,4.1,2.5,4.4,9.1,4.1,73.4,3.2
2008,Q2,"45,000 - 49,999",3.5,0.9,12.1,2.1,13.7,2.3,15.4,3.0,5.1,3.2,3.1,5.5,8.2,3.8,53.0,2.3
2008,Q2,"50,000 - 59,999",6.6,1.7,23.2,4.0,20.9,3.6,23.3,4.6,7.3,4.5,2.4,4.2,9.7,4.4,83.8,3.7
2008,Q2,"60,000 - 79,999",6.3,1.7,24.1,4.1,21.8,3.7,24.2,4.8,9.7,6.0,2.9,5.1,12.7,5.8,89.1,3.9
2008,Q2,"≥ 80,000",7.1,1.9,30.1,5.2,29.0,5.0,30.7,6.0,8.2,5.1,2.2,3.8,10.4,4.7,107.3,4.7
2008,Q2,"     80,000 - 99,999",2.2,0.6,11.4,2.0,11.7,2.0,12.7,2.5,2.2,1.4,1.0,1.8,3.3,1.5,41.2,1.8
2008,Q2,"     ≥ 100,000",4.9,1.3,18.7,3.2,17.2,3.0,18.1,3.6,6.0,3.7,1.1,2.0,7.2,3.3,66.1,2.9
2008,Q2,Total,378.8,100.0,582.8,100.0,584.5,100.0,508.5,100.0,162.8,100.0,56.9,100.0,219.7,100.0,2274.3,100.0
2008,Q3,"< 8,000",200.5,52.8,153.1,26.0,49.2,8.5,24.1,4.6,7.2,4.5,1.1,2.0,8.3,3.8,435.2,19.0
2008,Q3,"     < 4,000",100.6,26.5,42.4,7.2,9.4,1.6,3.7,0.7,0.8,0.5,[*7],[*7],0.8,0.4,156.9,6.9
2008,Q3,"     4,000 - 5,999",57.2,15.0,51.4,8.7,12.7,2.2,4.3,0.8,1.4,0.9,[*7],[*7],1.9,0.9,127.4,5.6
2008,Q3,"     6,000 - 7,999",42.7,11.2,59.3,10.1,27.2,4.7,16.2,3.1,5.0,3.1,0.6,1.1,5.6,2.6,151.0,6.6
2008,Q3,"8,000 - 9,999",31.8,8.4,47.9,8.1,36.4,6.2,27.9,5.4,6.5,4.0,1.6,2.8,8.0,3.7,152.1,6.7
2008,Q3,"10,000 - 14,999",41.7,11.0,88.4,15.0,97.8,16.8,74.2,14.3,23.3,14.5,8.3,15.0,31.6,14.7,333.7,14.6
2008,Q3,"15,000 - 19,999",27.9,7.4,61.4,10.4,92.2,15.8,75.7,14.6,24.0,15.0,7.3,13.2,31.3,14.5,288.6,12.6
2008,Q3,"20,000 - 24,999",19.9,5.2,48.5,8.2,76.6,13.2,71.0,13.7,23.0,14.4,6.6,12.0,29.6,13.7,245.7,10.7
2008,Q3,"25,000 - 29,999",11.0,2.9,32.1,5.4,54.2,9.3,50.9,9.8,16.9,10.5,6.5,11.6,23.4,10.8,171.6,7.5
2008,Q3,"30,000 - 34,999",10.1,2.7,31.9,5.4,41.2,7.1,42.6,8.2,14.5,9.1,6.7,12.1,21.2,9.8,147.0,6.4
2008,Q3,"35,000 - 39,999",6.0,1.6,19.5,3.3,24.2,4.2,30.0,5.8,8.6,5.4,3.9,6.9,12.5,5.8,92.2,4.0
2008,Q3,"40,000 - 44,999",5.2,1.4,19.3,3.3,22.8,3.9,23.7,4.6,8.9,5.6,2.1,3.9,11.0,5.1,82.1,3.6
2008,Q3,"45,000 - 49,999",5.1,1.3,12.9,2.2,14.6,2.5,16.3,3.1,5.5,3.5,2.7,4.9,8.3,3.8,57.2,2.5
2008,Q3,"50,000 - 59,999",5.9,1.6,23.3,4.0,21.1,3.6,26.2,5.0,6.8,4.3,2.7,4.8,9.5,4.4,86.1,3.8
2008,Q3,"60,000 - 79,999",7.1,1.9,21.7,3.7,23.2,4.0,24.4,4.7,7.4,4.6,3.5,6.3,10.9,5.0,87.4,3.8
2008,Q3,"≥ 80,000",7.6,2.0,28.9,4.9,28.4,4.9,33.0,6.3,7.5,4.7,2.5,4.6,10.1,4.7,108.0,4.7
2008,Q3,"     80,000 - 99,999",3.0,0.8,11.2,1.9,10.2,1.8,11.2,2.2,3.3,2.1,1.2,2.2,4.5,2.1,40.3,1.8
2008,Q3,"     ≥ 100,000",4.6,1.2,17.7,3.0,18.2,3.1,21.7,4.2,4.2,2.6,1.3,2.4,5.5,2.6,67.7,3.0
2008,Q3,Total,380.1,100.0,588.8,100.0,582.1,100.0,520.0,100.0,160.2,100.0,55.5,100.0,215.7,100.0,2286.7,100.0
2008,Q4,"< 8,000",203.1,53.3,154.0,26.4,50.7,8.5,24.8,4.9,4.1,2.7,1.3,2.1,5.4,2.5,438.0,19.2
2008,Q4,"     < 4,000",99.0,26.0,45.6,7.8,9.0,1.5,4.3,0.8,0.7,0.5,[*7],[*7],1.0,0.5,158.9,7.0
2008,Q4,"     4,000 - 5,999",61.3,16.1,52.0,8.9,10.7,1.8,4.3,0.8,[*7],[*7],[*7],[*7],0.8,0.4,129.1,5.7
2008,Q4,"     6,000 - 7,999",42.8,11.2,56.4,9.7,31.0,5.2,16.2,3.2,2.9,1.9,0.7,1.1,3.6,1.7,150.1,6.6
2008,Q4,"8,000 - 9,999",31.2,8.2,47.7,8.2,38.3,6.5,27.1,5.3,7.3,4.7,1.5,2.4,8.8,4.0,153.2,6.7
2008,Q4,"10,000 - 14,999",39.2,10.3,83.9,14.4,107.0,18.0,74.0,14.5,23.6,15.2,6.1,9.9,29.7,13.7,333.7,14.6
2008,Q4,"15,000 - 19,999",27.4,7.2,59.5,10.2,89.5,15.1,76.3,14.9,24.3,15.7,9.3,15.0,33.6,15.5,286.2,12.5
2008,Q4,"20,000 - 24,999",17.8,4.7,50.7,8.7,76.4,12.9,68.9,13.5,23.7,15.3,9.0,14.7,32.8,15.1,246.5,10.8
2008,Q4,"25,000 - 29,999",13.5,3.5,32.9,5.7,49.0,8.3,48.7,9.5,16.1,10.4,7.0,11.3,23.1,10.7,167.2,7.3
2008,Q4,"30,000 - 34,999",12.7,3.3,31.8,5.4,42.0,7.1,41.3,8.1,13.5,8.7,6.5,10.5,20.0,9.2,147.8,6.5
2008,Q4,"35,000 - 39,999",6.4,1.7,20.4,3.5,28.2,4.7,30.0,5.9,11.1,7.2,4.4,7.1,15.5,7.1,100.5,4.4
2008,Q4,"40,000 - 44,999",4.8,1.3,18.3,3.1,24.1,4.1,23.4,4.6,8.5,5.5,4.5,7.3,13.0,6.0,83.6,3.7
2008,Q4,"45,000 - 49,999",4.2,1.1,13.5,2.3,14.2,2.4,17.4,3.4,4.5,2.9,2.3,3.7,6.8,3.1,56.1,2.5
2008,Q4,"50,000 - 59,999",6.4,1.7,22.0,3.8,21.3,3.6,24.2,4.7,6.9,4.4,3.1,5.0,9.9,4.6,83.7,3.7
2008,Q4,"60,000 - 79,999",6.7,1.8,21.7,3.7,25.3,4.3,21.5,4.2,5.6,3.6,3.2,5.3,8.8,4.1,84.1,3.7
2008,Q4,"≥ 80,000",7.5,2.0,26.6,4.6,27.3,4.6,33.0,6.5,5.7,3.7,3.5,5.7,9.2,4.3,103.6,4.5
2008,Q4,"     80,000 - 99,999",2.9,0.8,9.7,1.7,9.5,1.6,13.0,2.5,2.2,1.4,1.3,2.1,3.5,1.6,38.6,1.7
2008,Q4,"     ≥ 100,000",4.6,1.2,16.9,2.9,17.8,3.0,20.0,3.9,3.5,2.3,2.2,3.6,5.7,2.6,65.0,2.8
2008,Q4,Total,380.9,100.0,582.9,100.0,593.2,100.0,510.4,100.0,155.0,100.0,61.7,100.0,216.7,100.0,2284.1,100.0
2009,Q1,"< 8,000",203.4,53.4,171.8,28.9,61.7,10.6,29.0,5.7,5.8,3.8,1.7,2.7,7.5,3.5,473.4,20.7
2009,Q1,"     < 4,000",112.5,29.6,45.2,7.6,12.5,2.2,5.3,1.0,1.3,0.9,0.7,1.2,2.1,1.0,177.6,7.8
2009,Q1,"     4,000 - 5,999",53.3,14.0,62.6,10.6,14.5,2.5,6.3,1.2,1.1,0.7,[*7],[*7],1.3,0.6,138.0,6.0
2009,Q1,"     6,000 - 7,999",37.6,9.9,63.9,10.8,34.7,6.0,17.4,3.4,3.4,2.2,0.8,1.2,4.1,1.9,157.8,6.9
2009,Q1,"8,000 - 9,999",32.6,8.6,44.9,7.6,38.5,6.6,28.2,5.5,6.8,4.5,2.4,3.8,9.2,4.3,153.4,6.7
2009,Q1,"10,000 - 14,999",37.6,9.9,79.2,13.3,96.7,16.7,73.3,14.3,23.9,15.7,7.1,11.5,31.1,14.5,318.0,13.9
2009,Q1,"15,000 - 19,999",21.3,5.6,59.0,9.9,82.7,14.2,71.1,13.9,21.5,14.1,8.6,13.7,30.1,14.0,264.2,11.6
2009,Q1,"20,000 - 24,999",21.9,5.8,46.4,7.8,70.4,12.1,66.1,12.9,23.1,15.1,10.0,16.0,33.1,15.4,238.0,10.4
2009,Q1,"25,000 - 29,999",10.2,2.7,30.5,5.1,43.9,7.6,46.4,9.0,15.0,9.8,7.7,12.4,22.8,10.6,153.8,6.7
2009,Q1,"30,000 - 34,999",13.5,3.5,29.2,4.9,38.9,6.7,40.7,7.9,12.2,8.0,4.3,6.8,16.5,7.6,138.8,6.1
2009,Q1,"35,000 - 39,999",5.9,1.5,20.6,3.5,23.9,4.1,27.2,5.3,8.5,5.6,4.1,6.5,12.6,5.9,90.3,4.0
2009,Q1,"40,000 - 44,999",6.7,1.8,18.9,3.2,25.5,4.4,23.0,4.5,10.1,6.6,3.4,5.4,13.5,6.3,87.5,3.8
2009,Q1,"45,000 - 49,999",5.0,1.3,15.4,2.6,14.4,2.5,18.8,3.7,4.6,3.0,2.9,4.7,7.5,3.5,61.1,2.7
2009,Q1,"50,000 - 59,999",5.3,1.4,20.9,3.5,24.1,4.1,25.9,5.1,6.7,4.4,3.7,6.0,10.5,4.9,86.6,3.8
2009,Q1,"60,000 - 79,999",8.1,2.1,22.5,3.8,25.9,4.5,27.2,5.3,6.2,4.0,2.9,4.6,9.0,4.2,92.6,4.1
2009,Q1,"≥ 80,000",9.1,2.4,34.1,5.7,34.1,5.9,35.5,6.9,8.2,5.3,3.7,5.9,11.9,5.5,124.7,5.5
2009,Q1,"     80,000 - 99,999",2.4,0.6,12.7,2.1,12.8,2.2,14.5,2.8,3.7,2.4,1.2,1.9,4.9,2.3,47.3,2.1
2009,Q1,"     ≥ 100,000",6.7,1.8,21.4,3.6,21.3,3.7,21.0,4.1,4.4,2.9,2.5,4.0,6.9,3.2,77.4,3.4
2009,Q1,Total,380.7,100.0,593.4,100.0,580.6,100.0,512.4,100.0,152.8,100.0,62.4,100.0,215.2,100.0,2282.3,100.0
2009,Q2,"< 8,000",209.5,55.1,178.2,29.6,61.1,10.5,29.1,5.7,4.5,2.9,1.8,2.9,6.3,2.9,484.1,21.1
2009,Q2,"     < 4,000",115.1,30.2,49.6,8.2,12.0,2.1,4.5,0.9,0.5,0.3,[*7],[*7],0.8,0.4,182.0,7.9
2009,Q2,"     4,000 - 5,999",54.6,14.4,59.5,9.9,13.3,2.3,5.5,1.1,1.1,0.7,[*7],[*7],1.4,0.7,134.4,5.9
2009,Q2,"     6,000 - 7,999",39.8,10.5,69.2,11.5,35.7,6.1,19.0,3.7,2.9,1.9,1.1,1.8,4.0,1.9,167.7,7.3
2009,Q2,"8,000 - 9,999",29.9,7.9,52.1,8.7,43.7,7.5,29.8,5.8,8.5,5.6,1.1,1.9,9.6,4.5,165.1,7.2
2009,Q2,"10,000 - 14,999",39.1,10.3,80.9,13.4,100.4,17.2,77.1,15.0,23.4,15.4,7.6,12.5,31.0,14.6,328.4,14.3
2009,Q2,"15,000 - 19,999",22.3,5.9,58.8,9.8,89.0,15.3,73.3,14.3,23.2,15.3,9.5,15.7,32.7,15.4,276.1,12.1
2009,Q2,"20,000 - 24,999",20.0,5.3,48.1,8.0,72.2,12.4,66.9,13.1,19.8,13.0,9.2,15.2,29.0,13.7,236.2,10.3
2009,Q2,"25,000 - 29,999",10.5,2.8,31.0,5.1,47.9,8.2,48.1,9.4,15.4,10.1,6.5,10.7,21.9,10.3,159.3,7.0
2009,Q2,"30,000 - 34,999",12.7,3.3,32.3,5.4,38.0,6.5,42.7,8.3,13.9,9.1,7.4,12.3,21.3,10.0,147.1,6.4
2009,Q2,"35,000 - 39,999",5.8,1.5,18.2,3.0,26.4,4.5,26.4,5.2,9.2,6.1,2.6,4.3,11.8,5.6,88.7,3.9
2009,Q2,"40,000 - 44,999",6.2,1.6,17.8,3.0,22.1,3.8,25.7,5.0,6.4,4.2,3.0,4.9,9.3,4.4,81.2,3.5
2009,Q2,"45,000 - 49,999",3.7,1.0,12.8,2.1,15.6,2.7,15.4,3.0,4.2,2.8,2.3,3.7,6.5,3.0,53.9,2.4
2009,Q2,"50,000 - 59,999",7.0,1.8,20.5,3.4,20.2,3.5,20.1,3.9,6.5,4.3,3.7,6.2,10.2,4.8,77.9,3.4
2009,Q2,"60,000 - 79,999",5.3,1.4,20.8,3.5,19.9,3.4,29.1,5.7,8.3,5.5,2.4,3.9,10.7,5.0,85.8,3.7
2009,Q2,"≥ 80,000",8.4,2.2,30.4,5.0,25.9,4.4,28.8,5.6,8.7,5.7,3.4,5.7,12.2,5.7,105.7,4.6
2009,Q2,"     80,000 - 99,999",1.9,0.5,12.5,2.1,11.2,1.9,10.7,2.1,2.5,1.7,1.1,1.8,3.6,1.7,40.0,1.7
2009,Q2,"     ≥ 100,000",6.5,1.7,17.9,3.0,14.6,2.5,18.1,3.5,6.2,4.1,2.4,3.9,8.6,4.0,65.7,2.9
2009,Q2,Total,380.5,100.0,601.9,100.0,582.2,100.0,512.5,100.0,151.9,100.0,60.6,100.0,212.5,100.0,2289.5,100.0
2009,Q3,"< 8,000",212.0,55.4,169.4,27.8,58.0,9.7,23.9,4.7,3.5,2.2,1.3,2.3,4.8,2.2,468.0,20.3
2009,Q3,"     < 4,000",109.1,28.5,49.4,8.1,12.0,2.0,5.0,1.0,0.8,0.5,[*7],[*7],0.9,0.4,176.4,7.6
2009,Q3,"     4,000 - 5,999",53.4,14.0,55.8,9.2,13.2,2.2,4.5,0.9,0.6,0.4,[*7],[*7],0.8,0.4,127.8,5.5
2009,Q3,"     6,000 - 7,999",49.5,12.9,64.1,10.5,32.8,5.5,14.5,2.9,2.1,1.3,1.0,1.8,3.1,1.4,163.9,7.1
2009,Q3,"8,000 - 9,999",34.6,9.0,51.2,8.4,45.3,7.6,26.4,5.2,6.5,4.1,2.0,3.4,8.4,3.9,166.0,7.2
2009,Q3,"10,000 - 14,999",37.2,9.7,92.0,15.1,106.4,17.9,82.0,16.3,22.8,14.5,6.3,11.0,29.1,13.5,346.6,15.0
2009,Q3,"15,000 - 19,999",23.1,6.0,62.1,10.2,90.6,15.2,77.5,15.4,25.5,16.2,7.4,13.0,32.9,15.3,286.2,12.4
2009,Q3,"20,000 - 24,999",16.3,4.3,49.2,8.1,71.9,12.1,72.2,14.3,21.4,13.6,9.6,16.7,31.0,14.4,240.6,10.4
2009,Q3,"25,000 - 29,999",11.0,2.9,29.7,4.9,53.6,9.0,47.7,9.5,18.1,11.4,5.5,9.6,23.5,11.0,165.6,7.2
2009,Q3,"30,000 - 34,999",12.8,3.3,33.3,5.5,39.6,6.6,36.0,7.1,14.0,8.9,6.4,11.1,20.4,9.5,142.0,6.2
2009,Q3,"35,000 - 39,999",5.3,1.4,18.9,3.1,26.3,4.4,25.9,5.1,9.8,6.2,5.1,8.9,14.9,6.9,91.3,4.0
2009,Q3,"40,000 - 44,999",5.9,1.5,18.3,3.0,18.9,3.2,22.5,4.5,6.7,4.2,3.7,6.4,10.3,4.8,75.9,3.3
2009,Q3,"45,000 - 49,999",4.5,1.2,11.9,1.9,14.5,2.4,13.7,2.7,5.6,3.6,1.9,3.3,7.5,3.5,52.2,2.3
2009,Q3,"50,000 - 59,999",6.4,1.7,21.1,3.5,23.3,3.9,21.4,4.2,7.7,4.9,2.7,4.8,10.4,4.9,82.6,3.6
2009,Q3,"60,000 - 79,999",4.6,1.2,22.7,3.7,21.1,3.5,24.8,4.9,6.3,4.0,2.7,4.7,9.0,4.2,82.2,3.6
2009,Q3,"≥ 80,000",8.9,2.3,30.3,5.0,26.3,4.4,29.8,5.9,10.0,6.3,2.8,4.8,12.7,5.9,108.0,4.7
2009,Q3,"     80,000 - 99,999",2.3,0.6,11.4,1.9,11.5,1.9,13.1,2.6,4.1,2.6,1.3,2.2,5.4,2.5,43.7,1.9
2009,Q3,"     ≥ 100,000",6.6,1.7,18.9,3.1,14.9,2.5,16.6,3.3,5.9,3.7,1.5,2.6,7.4,3.4,64.3,2.8
2009,Q3,Total,382.5,100.0,610.1,100.0,595.7,100.0,503.9,100.0,157.9,100.0,57.2,100.0,215.0,100.0,2307.3,100.0
2009,Q4,"< 8,000",215.8,55.3,184.3,30.7,61.5,10.2,23.8,4.8,5.2,3.4,1.1,1.9,6.4,3.0,491.9,21.3
2009,Q4,"     < 4,000",119.6,30.7,52.2,8.7,13.0,2.2,4.8,1.0,1.2,0.8,[*7],[*7],1.3,0.6,190.9,8.3
2009,Q4,"     4,000 - 5,999",53.4,13.7,64.6,10.7,15.2,2.5,4.0,0.8,0.6,0.4,[*7],[*7],0.6,0.3,137.7,6.0
2009,Q4,"     6,000 - 7,999",42.8,11.0,67.6,11.3,33.3,5.5,15.0,3.0,3.4,2.2,1.1,1.8,4.5,2.1,163.2,7.1
2009,Q4,"8,000 - 9,999",32.6,8.4,46.5,7.7,46.6,7.7,28.9,5.8,7.0,4.5,2.9,4.8,9.9,4.6,164.5,7.1
2009,Q4,"10,000 - 14,999",37.9,9.7,81.5,13.6,101.0,16.8,76.9,15.4,21.6,13.9,6.7,11.2,28.2,13.1,325.6,14.1
2009,Q4,"15,000 - 19,999",27.8,7.1,62.6,10.4,87.5,14.5,74.9,15.0,24.0,15.5,6.5,10.9,30.6,14.2,283.4,12.3
2009,Q4,"20,000 - 24,999",19.6,5.0,50.7,8.4,73.0,12.1,69.6,13.9,20.3,13.1,7.9,13.1,28.2,13.1,241.0,10.4
2009,Q4,"25,000 - 29,999",10.7,2.7,26.9,4.5,49.0,8.1,47.9,9.6,16.8,10.8,6.7,11.2,23.5,10.9,157.9,6.8
2009,Q4,"30,000 - 34,999",11.0,2.8,30.3,5.1,44.4,7.4,40.0,8.0,14.1,9.1,6.1,10.2,20.2,9.4,145.9,6.3
2009,Q4,"35,000 - 39,999",6.1,1.6,20.5,3.4,26.4,4.4,25.2,5.0,10.3,6.6,5.0,8.4,15.3,7.1,93.5,4.1
2009,Q4,"40,000 - 44,999",5.8,1.5,18.2,3.0,24.8,4.1,20.6,4.1,7.3,4.7,2.7,4.4,10.0,4.6,79.4,3.4
2009,Q4,"45,000 - 49,999",3.9,1.0,13.1,2.2,13.7,2.3,15.4,3.1,5.4,3.5,3.4,5.7,8.9,4.1,55.0,2.4
2009,Q4,"50,000 - 59,999",6.8,1.8,19.5,3.2,21.7,3.6,23.4,4.7,7.8,5.0,4.4,7.3,12.2,5.7,83.5,3.6
2009,Q4,"60,000 - 79,999",5.5,1.4,20.2,3.4,24.0,4.0,24.1,4.8,7.1,4.6,3.4,5.7,10.5,4.9,84.3,3.7
2009,Q4,"≥ 80,000",6.6,1.7,26.5,4.4,28.0,4.7,29.9,6.0,8.2,5.3,3.1,5.2,11.3,5.2,102.3,4.4
2009,Q4,"     80,000 - 99,999",2.6,0.7,9.7,1.6,11.4,1.9,10.5,2.1,3.8,2.5,1.3,2.2,5.1,2.4,39.3,1.7
2009,Q4,"     ≥ 100,000",3.9,1.0,16.8,2.8,16.6,2.8,19.4,3.9,4.4,2.8,1.8,3.0,6.2,2.9,63.0,2.7
2009,Q4,Total,390.0,100.0,600.8,100.0,601.6,100.0,500.5,100.0,155.3,100.0,59.9,100.0,215.1,100.0,2308.1,100.0
2010,Q1,"< 8,000",219.8,56.2,177.4,29.3,58.1,9.7,25.2,4.9,4.9,3.2,1.2,2.3,6.2,3.0,486.7,21.0
2010,Q1,"     < 4,000",121.2,31.0,49.6,8.2,14.1,2.4,4.6,0.9,1.2,0.7,0.5,1.0,1.7,0.8,191.2,8.3
2010,Q1,"     4,000 - 5,999",55.0,14.0,59.5,9.8,12.8,2.1,4.3,0.8,1.1,0.7,[*7],[*7],1.4,0.7,132.9,5.7
2010,Q1,"     6,000 - 7,999",43.7,11.2,68.3,11.3,31.2,5.2,16.3,3.2,2.7,1.7,[*7],[*7],3.1,1.5,162.6,7.0
2010,Q1,"8,000 - 9,999",28.2,7.2,47.1,7.8,41.4,6.9,24.9,4.9,6.1,4.0,[*7],[*7],6.5,3.1,148.1,6.4
2010,Q1,"10,000 - 14,999",36.3,9.3,82.7,13.7,102.2,17.1,77.9,15.2,22.7,14.6,6.9,13.1,29.6,14.2,328.7,14.2
2010,Q1,"15,000 - 19,999",26.6,6.8,59.3,9.8,84.9,14.2,71.1,13.9,22.8,14.7,6.4,12.1,29.2,14.0,271.2,11.7
2010,Q1,"20,000 - 24,999",17.7,4.5,48.7,8.0,71.3,11.9,66.9,13.1,19.6,12.6,7.7,14.6,27.4,13.1,231.9,10.0
2010,Q1,"25,000 - 29,999",9.8,2.5,32.9,5.4,43.6,7.3,48.4,9.5,14.9,9.6,6.4,12.2,21.3,10.2,156.0,6.7
2010,Q1,"30,000 - 34,999",12.5,3.2,25.3,4.2,40.8,6.8,38.1,7.5,14.6,9.4,5.6,10.6,20.2,9.7,136.9,5.9
2010,Q1,"35,000 - 39,999",6.4,1.6,20.0,3.3,28.2,4.7,30.1,5.9,9.9,6.4,4.1,7.8,14.0,6.7,98.6,4.3
2010,Q1,"40,000 - 44,999",7.4,1.9,18.8,3.1,24.3,4.1,24.0,4.7,9.0,5.8,4.0,7.7,13.1,6.3,87.6,3.8
2010,Q1,"45,000 - 49,999",3.6,0.9,13.6,2.3,13.2,2.2,14.7,2.9,5.3,3.4,0.9,1.8,6.3,3.0,51.4,2.2
2010,Q1,"50,000 - 59,999",7.8,2.0,21.7,3.6,25.9,4.3,27.4,5.4,7.3,4.7,3.1,5.9,10.5,5.0,93.2,4.0
2010,Q1,"60,000 - 79,999",6.1,1.6,23.9,3.9,28.6,4.8,25.9,5.1,8.8,5.6,3.6,6.8,12.3,5.9,96.7,4.2
2010,Q1,"≥ 80,000",9.4,2.4,33.9,5.6,35.0,5.9,36.6,7.2,9.3,6.0,2.4,4.6,11.7,5.6,126.7,5.5
2010,Q1,"     80,000 - 99,999",3.6,0.9,13.6,2.2,14.1,2.4,12.8,2.5,4.1,2.6,0.8,1.5,4.9,2.4,49.0,2.1
2010,Q1,"     ≥ 100,000",5.8,1.5,20.3,3.4,20.9,3.5,23.8,4.7,5.1,3.3,1.6,3.1,6.8,3.2,77.6,3.4
2010,Q1,Total,391.5,100.0,605.3,100.0,597.4,100.0,511.3,100.0,155.3,100.0,52.8,100.0,208.1,100.0,2313.6,100.0
2010,Q2,"< 8,000",219.5,56.3,174.4,28.9,62.0,10.2,23.3,4.6,4.8,3.1,1.0,1.8,5.8,2.7,485.0,20.9
2010,Q2,"     < 4,000",120.4,30.9,49.8,8.3,14.2,2.3,5.2,1.0,0.7,0.5,[*7],[*7],0.7,0.3,190.4,8.2
2010,Q2,"     4,000 - 5,999",53.6,13.8,58.9,9.8,12.4,2.0,3.0,0.6,1.0,0.6,[*7],[*7],1.3,0.6,129.3,5.6
2010,Q2,"     6,000 - 7,999",45.4,11.6,65.6,10.9,35.4,5.8,15.0,3.0,3.1,2.0,0.7,1.3,3.8,1.8,165.3,7.1
2010,Q2,"8,000 - 9,999",29.1,7.5,49.7,8.2,46.1,7.6,29.6,5.9,7.1,4.5,1.7,3.2,8.8,4.2,163.4,7.0
2010,Q2,"10,000 - 14,999",38.7,9.9,83.5,13.8,102.3,16.8,78.2,15.5,23.6,14.9,7.5,13.8,31.1,14.7,333.8,14.4
2010,Q2,"15,000 - 19,999",24.7,6.3,59.8,9.9,90.1,14.8,72.7,14.4,22.0,13.9,6.9,12.7,28.9,13.6,276.2,11.9
2010,Q2,"20,000 - 24,999",20.8,5.3,53.4,8.8,76.6,12.6,61.4,12.2,22.0,14.0,8.3,15.1,30.2,14.3,242.3,10.4
2010,Q2,"25,000 - 29,999",11.0,2.8,32.5,5.4,44.5,7.3,47.5,9.4,20.0,12.7,6.2,11.3,26.2,12.4,161.7,7.0
2010,Q2,"30,000 - 34,999",13.0,3.3,31.6,5.2,42.8,7.0,45.0,8.9,14.5,9.2,6.2,11.4,20.7,9.7,153.0,6.6
2010,Q2,"35,000 - 39,999",6.4,1.6,16.6,2.7,24.6,4.0,27.0,5.4,8.8,5.6,3.4,6.3,12.2,5.7,86.8,3.7
2010,Q2,"40,000 - 44,999",5.4,1.4,17.4,2.9,24.8,4.1,23.5,4.7,7.4,4.7,3.3,6.1,10.8,5.1,81.9,3.5
2010,Q2,"45,000 - 49,999",3.4,0.9,13.1,2.2,14.8,2.4,14.6,2.9,6.1,3.9,1.4,2.6,7.5,3.6,53.4,2.3
2010,Q2,"50,000 - 59,999",5.3,1.4,19.6,3.2,24.8,4.1,22.5,4.5,6.2,3.9,2.5,4.5,8.6,4.1,80.8,3.5
2010,Q2,"60,000 - 79,999",6.1,1.6,20.8,3.5,27.5,4.5,24.3,4.8,6.5,4.2,2.6,4.7,9.1,4.3,87.9,3.8
2010,Q2,"≥ 80,000",6.7,1.7,31.3,5.2,28.5,4.7,34.2,6.8,8.6,5.5,3.5,6.4,12.1,5.7,112.8,4.9
2010,Q2,"     80,000 - 99,999",2.5,0.6,10.7,1.8,13.0,2.1,11.5,2.3,3.1,2.0,1.6,3.0,4.7,2.2,42.5,1.8
2010,Q2,"     ≥ 100,000",4.3,1.1,20.6,3.4,15.5,2.5,22.7,4.5,5.5,3.5,1.8,3.4,7.4,3.5,70.4,3.0
2010,Q2,Total,390.1,100.0,603.6,100.0,609.4,100.0,503.8,100.0,157.6,100.0,54.5,100.0,212.1,100.0,2319.0,100.0
2010,Q3,"< 8,000",223.1,55.9,156.9,25.8,45.6,7.5,19.3,3.8,3.3,2.1,1.0,1.8,4.3,2.1,449.1,19.3
2010,Q3,"     < 4,000",104.7,26.3,44.1,7.3,10.2,1.7,5.0,1.0,1.1,0.7,[*7],[*7],1.1,0.5,165.1,7.1
2010,Q3,"     4,000 - 5,999",65.7,16.5,50.9,8.4,10.3,1.7,3.4,0.7,[*7],[*7],[*7],[*7],0.7,0.3,130.9,5.6
2010,Q3,"     6,000 - 7,999",52.7,13.2,61.9,10.2,25.1,4.2,10.8,2.1,1.8,1.1,0.8,1.5,2.6,1.2,153.1,6.6
2010,Q3,"8,000 - 9,999",30.4,7.6,54.7,9.0,42.3,7.0,20.9,4.1,5.3,3.4,0.9,1.7,6.2,3.0,154.6,6.6
2010,Q3,"10,000 - 14,999",40.6,10.2,97.7,16.1,107.1,17.7,76.1,14.9,21.9,14.2,5.5,10.2,27.4,13.2,348.9,15.0
2010,Q3,"15,000 - 19,999",26.0,6.5,60.0,9.9,90.7,15.0,77.3,15.1,21.0,13.7,7.3,13.4,28.3,13.6,282.4,12.1
2010,Q3,"20,000 - 24,999",17.1,4.3,47.7,7.8,80.9,13.4,68.4,13.4,24.3,15.8,8.9,16.5,33.3,16.0,247.4,10.6
2010,Q3,"25,000 - 29,999",11.7,2.9,35.2,5.8,48.0,7.9,50.4,9.8,17.2,11.2,6.1,11.3,23.3,11.2,168.6,7.2
2010,Q3,"30,000 - 34,999",12.3,3.1,33.4,5.5,43.4,7.2,42.1,8.2,13.4,8.7,5.2,9.6,18.6,9.0,149.8,6.4
2010,Q3,"35,000 - 39,999",6.4,1.6,19.4,3.2,25.0,4.1,26.2,5.1,10.8,7.0,4.4,8.1,15.2,7.3,92.2,4.0
2010,Q3,"40,000 - 44,999",5.6,1.4,18.9,3.1,22.9,3.8,24.8,4.9,8.4,5.5,3.3,6.2,11.7,5.6,84.0,3.6
2010,Q3,"45,000 - 49,999",4.9,1.2,12.8,2.1,15.3,2.5,15.4,3.0,5.0,3.2,2.4,4.5,7.4,3.6,55.7,2.4
2010,Q3,"50,000 - 59,999",6.5,1.6,21.1,3.5,26.4,4.4,26.8,5.2,7.1,4.6,3.1,5.7,10.2,4.9,90.9,3.9
2010,Q3,"60,000 - 79,999",6.5,1.6,22.2,3.6,27.8,4.6,26.7,5.2,6.3,4.1,3.7,6.8,10.0,4.8,93.2,4.0
2010,Q3,"≥ 80,000",7.5,1.9,28.1,4.6,29.1,4.8,37.1,7.3,9.8,6.4,2.3,4.2,12.1,5.8,113.9,4.9
2010,Q3,"     80,000 - 99,999",3.5,0.9,11.1,1.8,12.9,2.1,13.7,2.7,3.5,2.3,1.3,2.4,4.8,2.3,46.1,2.0
2010,Q3,"     ≥ 100,000",4.0,1.0,17.0,2.8,16.2,2.7,23.4,4.6,6.3,4.1,1.0,1.8,7.3,3.5,67.8,2.9
2010,Q3,Total,398.7,100.0,608.0,100.0,604.5,100.0,511.4,100.0,154.0,100.0,54.2,100.0,208.1,100.0,2330.8,100.0
2010,Q4,"< 8,000",220.7,56.8,176.6,28.4,50.0,8.3,20.0,3.9,2.7,1.8,0.8,1.4,3.4,1.7,470.6,20.2
2010,Q4,"     < 4,000",121.1,31.2,53.1,8.5,9.7,1.6,4.2,0.8,0.8,0.6,[*7],[*7],0.9,0.5,189.0,8.1
2010,Q4,"     4,000 - 5,999",56.2,14.5,58.2,9.4,11.2,1.8,3.5,0.7,[*7],[*7],[*7],[*7],[*7],[*7],129.5,5.6
2010,Q4,"     6,000 - 7,999",43.4,11.2,65.3,10.5,29.1,4.8,12.3,2.4,1.4,1.0,0.6,1.1,2.0,1.0,152.1,6.5
2010,Q4,"8,000 - 9,999",31.3,8.1,50.2,8.1,40.8,6.7,23.1,4.5,5.1,3.5,1.3,2.3,6.4,3.2,151.8,6.5
2010,Q4,"10,000 - 14,999",35.8,9.2,91.0,14.6,103.8,17.2,72.2,14.1,20.5,13.9,5.7,10.5,26.3,13.0,329.1,14.1
2010,Q4,"15,000 - 19,999",23.1,6.0,58.4,9.4,93.5,15.5,76.2,14.9,20.9,14.2,6.7,12.3,27.6,13.7,278.9,12.0
2010,Q4,"20,000 - 24,999",19.0,4.9,48.6,7.8,80.0,13.2,70.7,13.8,20.4,13.8,7.1,13.0,27.5,13.6,245.8,10.5
2010,Q4,"25,000 - 29,999",10.4,2.7,30.4,4.9,49.8,8.2,52.9,10.3,16.5,11.2,5.8,10.7,22.3,11.0,165.7,7.1
2010,Q4,"30,000 - 34,999",11.6,3.0,35.2,5.7,45.3,7.5,41.6,8.1,13.6,9.2,6.5,11.8,20.0,9.9,153.7,6.6
2010,Q4,"35,000 - 39,999",4.5,1.2,20.0,3.2,24.6,4.1,28.3,5.5,8.0,5.4,4.7,8.6,12.7,6.3,90.0,3.9
2010,Q4,"40,000 - 44,999",6.1,1.6,21.0,3.4,23.6,3.9,21.8,4.3,7.4,5.0,4.2,7.6,11.6,5.7,84.0,3.6
2010,Q4,"45,000 - 49,999",4.1,1.1,14.7,2.4,14.5,2.4,15.1,2.9,5.1,3.5,2.6,4.8,7.7,3.8,56.1,2.4
2010,Q4,"50,000 - 59,999",5.1,1.3,23.0,3.7,22.4,3.7,24.9,4.9,8.4,5.7,2.6,4.7,11.0,5.4,86.4,3.7
2010,Q4,"60,000 - 79,999",7.7,2.0,22.9,3.7,27.2,4.5,27.9,5.5,7.7,5.2,3.4,6.2,11.0,5.5,96.8,4.2
2010,Q4,"≥ 80,000",9.2,2.4,30.4,4.9,29.6,4.9,38.0,7.4,11.2,7.6,3.2,5.9,14.4,7.1,121.6,5.2
2010,Q4,"     80,000 - 99,999",2.9,0.8,11.4,1.8,11.9,2.0,14.6,2.9,4.6,3.1,1.7,3.1,6.2,3.1,47.1,2.0
2010,Q4,"     ≥ 100,000",6.2,1.6,19.1,3.1,17.7,2.9,23.3,4.5,6.6,4.5,1.5,2.8,8.2,4.0,74.4,3.2
2010,Q4,Total,388.6,100.0,622.4,100.0,604.9,100.0,512.7,100.0,147.5,100.0,54.5,100.0,202.0,100.0,2330.6,100.0
2011,Q1,"< 8,000",217.3,55.2,168.1,26.7,50.9,8.4,19.5,3.8,2.8,1.9,0.9,1.5,3.6,1.8,459.3,19.6
2011,Q1,"     < 4,000",114.0,28.9,51.8,8.2,12.3,2.0,4.6,0.9,1.2,0.8,[*7],[*7],1.5,0.7,184.1,7.9
2011,Q1,"     4,000 - 5,999",60.8,15.4,51.9,8.2,10.2,1.7,3.2,0.6,[*7],[*7],[*7],[*7],[*7],[*7],126.6,5.4
2011,Q1,"     6,000 - 7,999",42.5,10.8,64.4,10.2,28.4,4.7,11.7,2.3,1.3,0.9,[*7],[*7],1.6,0.8,148.6,6.4
2011,Q1,"8,000 - 9,999",34.7,8.8,49.9,7.9,39.3,6.5,20.7,4.1,5.3,3.7,1.0,1.8,6.4,3.2,151.1,6.5
2011,Q1,"10,000 - 14,999",36.5,9.3,89.6,14.2,98.4,16.2,75.3,14.9,19.5,13.4,6.9,12.1,26.4,13.0,326.2,13.9
2011,Q1,"15,000 - 19,999",22.5,5.7,53.1,8.4,83.6,13.8,70.5,13.9,19.3,13.3,7.9,13.9,27.3,13.5,256.9,11.0
2011,Q1,"20,000 - 24,999",18.3,4.6,48.7,7.7,79.5,13.1,65.4,12.9,17.2,11.8,8.0,14.0,25.2,12.5,237.0,10.1
2011,Q1,"25,000 - 29,999",9.3,2.4,31.8,5.1,50.7,8.3,45.9,9.1,14.2,9.8,6.9,12.1,21.1,10.4,158.9,6.8
2011,Q1,"30,000 - 34,999",13.6,3.5,36.3,5.8,37.7,6.2,43.1,8.5,15.0,10.3,5.3,9.4,20.3,10.0,151.1,6.5
2011,Q1,"35,000 - 39,999",6.9,1.7,22.4,3.6,30.1,5.0,29.0,5.7,8.6,5.9,2.8,4.8,11.4,5.6,99.7,4.3
2011,Q1,"40,000 - 44,999",5.7,1.4,19.6,3.1,24.8,4.1,24.0,4.7,8.3,5.7,3.9,6.8,12.2,6.0,86.4,3.7
2011,Q1,"45,000 - 49,999",3.7,0.9,15.2,2.4,14.6,2.4,16.1,3.2,4.6,3.2,2.5,4.3,7.1,3.5,56.7,2.4
2011,Q1,"50,000 - 59,999",9.5,2.4,25.2,4.0,27.0,4.4,23.5,4.6,10.4,7.1,4.1,7.1,14.4,7.1,99.7,4.3
2011,Q1,"60,000 - 79,999",5.1,1.3,28.8,4.6,30.1,5.0,28.7,5.7,9.2,6.4,3.9,6.9,13.1,6.5,105.8,4.5
2011,Q1,"≥ 80,000",10.8,2.7,41.0,6.5,40.6,6.7,45.0,8.9,10.8,7.4,3.1,5.3,13.9,6.9,151.3,6.5
2011,Q1,"     80,000 - 99,999",3.8,1.0,14.0,2.2,13.8,2.3,16.1,3.2,4.6,3.2,1.2,2.1,5.8,2.9,53.6,2.3
2011,Q1,"     ≥ 100,000",7.0,1.8,27.0,4.3,26.8,4.4,28.8,5.7,6.2,4.3,1.8,3.2,8.1,4.0,97.7,4.2
2011,Q1,Total,393.9,100.0,629.7,100.0,607.4,100.0,506.6,100.0,145.3,100.0,57.1,100.0,202.4,100.0,2340.1,100.0
2011,Q2,"< 8,000",214.8,53.6,164.2,26.4,47.9,7.7,18.8,3.7,2.3,1.6,0.9,1.8,3.3,1.6,449.0,19.1
2011,Q2,"     < 4,000",110.0,27.5,50.4,8.1,12.5,2.0,4.2,0.8,[*7],[*7],[*7],[*7],0.7,0.3,177.8,7.6
2011,Q2,"     4,000 - 5,999",62.7,15.7,51.2,8.2,9.3,1.5,3.1,0.6,0.6,0.4,[*7],[*7],0.6,0.3,127.0,5.4
2011,Q2,"     6,000 - 7,999",42.0,10.5,62.7,10.1,26.1,4.2,11.5,2.3,1.5,1.0,[*7],[*7],1.9,1.0,144.2,6.1
2011,Q2,"8,000 - 9,999",34.1,8.5,53.2,8.5,39.9,6.4,21.3,4.2,5.4,3.6,1.4,2.6,6.7,3.3,155.2,6.6
2011,Q2,"10,000 - 14,999",41.2,10.3,86.0,13.8,99.4,16.0,66.0,13.1,20.6,13.7,4.2,8.1,24.8,12.3,317.4,13.5
2011,Q2,"15,000 - 19,999",22.4,5.6,58.9,9.5,89.3,14.4,66.8,13.2,19.5,13.0,7.4,14.2,26.9,13.3,264.4,11.3
2011,Q2,"20,000 - 24,999",19.7,4.9,47.1,7.6,80.1,12.9,62.4,12.4,21.1,14.0,6.7,12.8,27.8,13.7,237.2,10.1
2011,Q2,"25,000 - 29,999",11.8,2.9,34.6,5.6,53.3,8.6,54.9,10.9,14.9,9.9,4.8,9.2,19.6,9.7,174.3,7.4
2011,Q2,"30,000 - 34,999",12.0,3.0,34.3,5.5,48.7,7.8,47.3,9.4,15.3,10.2,6.0,11.5,21.3,10.5,163.6,7.0
2011,Q2,"35,000 - 39,999",8.5,2.1,20.4,3.3,26.1,4.2,33.3,6.6,8.2,5.5,3.7,7.1,11.9,5.9,100.1,4.3
2011,Q2,"40,000 - 44,999",6.8,1.7,21.0,3.4,28.3,4.6,24.3,4.8,9.7,6.4,3.2,6.2,12.9,6.4,93.3,4.0
2011,Q2,"45,000 - 49,999",3.1,0.8,15.8,2.5,16.4,2.6,17.2,3.4,5.1,3.4,2.3,4.5,7.4,3.7,59.9,2.5
2011,Q2,"50,000 - 59,999",8.6,2.2,27.9,4.5,25.9,4.2,26.3,5.2,9.2,6.1,4.0,7.7,13.2,6.5,101.9,4.3
2011,Q2,"60,000 - 79,999",7.7,1.9,23.9,3.8,27.4,4.4,27.5,5.4,9.5,6.3,3.6,7.0,13.1,6.5,99.6,4.2
2011,Q2,"≥ 80,000",9.7,2.4,35.5,5.7,37.3,6.0,38.2,7.6,9.8,6.5,3.8,7.3,13.6,6.7,134.4,5.7
2011,Q2,"     80,000 - 99,999",4.4,1.1,11.1,1.8,13.6,2.2,12.3,2.4,3.4,2.2,1.7,3.2,5.0,2.5,46.4,2.0
2011,Q2,"     ≥ 100,000",5.3,1.3,24.4,3.9,23.7,3.8,25.9,5.1,6.5,4.3,2.1,4.1,8.6,4.2,87.9,3.7
2011,Q2,Total,400.4,100.0,622.9,100.0,620.1,100.0,504.3,100.0,150.6,100.0,52.0,100.0,202.6,100.0,2350.3,100.0
2011,Q3,"< 8,000",215.9,52.3,143.6,23.2,35.0,5.6,13.1,2.6,2.2,1.5,1.1,2.1,3.3,1.6,410.9,17.4
2011,Q3,"     < 4,000",103.4,25.0,42.8,6.9,7.5,1.2,3.0,0.6,[*7],[*7],[*7],[*7],0.6,0.3,157.3,6.6
2011,Q3,"     4,000 - 5,999",54.3,13.2,46.7,7.6,8.1,1.3,2.2,0.4,[*7],[*7],[*7],[*7],[*7],[*7],111.7,4.7
2011,Q3,"     6,000 - 7,999",58.2,14.1,54.1,8.7,19.4,3.1,7.9,1.5,1.6,1.0,0.7,1.3,2.3,1.1,141.8,6.0
2011,Q3,"8,000 - 9,999",33.8,8.2,52.9,8.6,31.6,5.1,15.4,3.0,3.6,2.4,0.8,1.5,4.4,2.2,138.1,5.8
2011,Q3,"10,000 - 14,999",46.9,11.3,94.4,15.3,102.3,16.5,58.6,11.5,18.1,12.0,5.6,10.9,23.7,11.7,325.9,13.8
2011,Q3,"15,000 - 19,999",26.8,6.5,64.0,10.3,93.0,15.0,70.4,13.8,19.2,12.7,5.3,10.3,24.5,12.0,278.7,11.8
2011,Q3,"20,000 - 24,999",20.8,5.0,51.5,8.3,88.8,14.3,67.1,13.1,19.8,13.1,7.1,13.7,26.8,13.2,255.0,10.8
2011,Q3,"25,000 - 29,999",11.8,2.9,31.9,5.2,56.5,9.1,56.4,11.0,18.3,12.1,5.4,10.4,23.7,11.6,180.2,7.6
2011,Q3,"30,000 - 34,999",12.8,3.1,34.0,5.5,45.2,7.3,48.1,9.4,15.7,10.4,4.6,8.9,20.3,10.0,160.4,6.8
2011,Q3,"35,000 - 39,999",5.7,1.4,18.7,3.0,29.1,4.7,32.1,6.3,10.3,6.8,4.3,8.3,14.6,7.2,100.2,4.2
2011,Q3,"40,000 - 44,999",7.3,1.8,23.7,3.8,25.8,4.2,27.2,5.3,9.5,6.2,2.6,5.0,12.0,5.9,96.0,4.1
2011,Q3,"45,000 - 49,999",3.8,0.9,15.3,2.5,17.6,2.8,22.1,4.3,8.0,5.3,4.1,8.0,12.1,6.0,70.9,3.0
2011,Q3,"50,000 - 59,999",6.7,1.6,29.4,4.8,26.9,4.3,29.3,5.7,8.2,5.4,2.9,5.6,11.1,5.4,103.4,4.4
2011,Q3,"60,000 - 79,999",10.0,2.4,25.2,4.1,33.0,5.3,30.1,5.9,7.8,5.2,3.1,6.1,11.0,5.4,109.3,4.6
2011,Q3,"≥ 80,000",10.6,2.6,33.7,5.5,36.3,5.9,40.8,8.0,10.9,7.2,4.8,9.3,15.7,7.7,137.2,5.8
2011,Q3,"     80,000 - 99,999",2.9,0.7,12.9,2.1,13.9,2.2,13.8,2.7,5.4,3.6,2.0,3.9,7.4,3.6,51.0,2.2
2011,Q3,"     ≥ 100,000",7.7,1.9,20.8,3.4,22.4,3.6,26.9,5.3,5.5,3.6,2.8,5.4,8.3,4.1,86.2,3.6
2011,Q3,Total,412.9,100.0,618.3,100.0,621.2,100.0,510.5,100.0,151.5,100.0,51.6,100.0,203.2,100.0,2366.1,100.0
2011,Q4,"< 8,000",216.4,52.8,157.7,25.4,33.8,5.4,12.7,2.5,2.4,1.6,0.6,1.2,3.0,1.5,423.6,17.9
2011,Q4,"     < 4,000",115.9,28.3,49.7,8.0,8.8,1.4,3.9,0.8,0.6,0.4,[*7],[*7],1.0,0.5,179.2,7.6
2011,Q4,"     4,000 - 5,999",59.7,14.6,46.0,7.4,6.1,1.0,2.0,0.4,[*7],[*7],[*7],[*7],[*7],[*7],114.0,4.8
2011,Q4,"     6,000 - 7,999",40.8,10.0,62.0,10.0,18.9,3.0,6.8,1.4,1.6,1.1,[*7],[*7],1.9,0.9,130.4,5.5
2011,Q4,"8,000 - 9,999",29.5,7.2,47.0,7.6,32.6,5.2,16.7,3.3,3.8,2.6,1.1,2.0,4.9,2.4,130.8,5.5
2011,Q4,"10,000 - 14,999",48.3,11.8,91.5,14.7,103.1,16.5,59.2,11.8,16.8,11.4,5.8,10.7,22.6,11.2,324.7,13.7
2011,Q4,"15,000 - 19,999",24.4,6.0,63.6,10.3,96.4,15.4,66.8,13.3,20.0,13.6,5.8,10.7,25.8,12.8,277.1,11.7
2011,Q4,"20,000 - 24,999",22.1,5.4,50.3,8.1,78.3,12.5,69.2,13.8,20.3,13.8,7.2,13.2,27.5,13.6,247.4,10.5
2011,Q4,"25,000 - 29,999",11.8,2.9,33.4,5.4,58.4,9.3,51.1,10.2,17.1,11.6,5.5,10.1,22.6,11.2,177.3,7.5
2011,Q4,"30,000 - 34,999",13.8,3.4,31.4,5.1,47.6,7.6,45.6,9.1,14.0,9.5,6.0,11.0,19.9,9.9,158.4,6.7
2011,Q4,"35,000 - 39,999",5.6,1.4,22.3,3.6,30.7,4.9,30.3,6.0,9.5,6.4,5.0,9.2,14.5,7.2,103.5,4.4
2011,Q4,"40,000 - 44,999",8.3,2.0,23.6,3.8,25.9,4.1,27.0,5.4,8.3,5.6,2.9,5.3,11.2,5.5,95.9,4.1
2011,Q4,"45,000 - 49,999",4.4,1.1,13.0,2.1,18.1,2.9,19.4,3.9,6.8,4.6,2.5,4.6,9.3,4.6,64.1,2.7
2011,Q4,"50,000 - 59,999",8.2,2.0,24.1,3.9,28.7,4.6,30.3,6.0,10.3,7.0,3.2,5.9,13.5,6.7,104.8,4.4
2011,Q4,"60,000 - 79,999",8.3,2.0,27.1,4.4,31.4,5.0,33.4,6.6,8.2,5.6,4.0,7.3,12.2,6.1,112.4,4.8
2011,Q4,"≥ 80,000",8.3,2.0,35.8,5.8,41.1,6.6,41.4,8.2,10.0,6.8,4.8,8.8,14.8,7.3,141.3,6.0
2011,Q4,"     80,000 - 99,999",3.0,0.7,12.6,2.0,13.8,2.2,13.7,2.7,3.6,2.4,2.0,3.7,5.6,2.8,48.8,2.1
2011,Q4,"     ≥ 100,000",5.3,1.3,23.2,3.7,27.2,4.3,27.6,5.5,6.4,4.3,2.8,5.2,9.2,4.6,92.5,3.9
2011,Q4,Total,409.5,100.0,620.7,100.0,626.1,100.0,503.2,100.0,147.5,100.0,54.2,100.0,201.8,100.0,2361.2,100.0
2012,Q1,"< 8,000",214.2,52.7,153.6,24.2,37.3,6.0,14.1,2.8,2.0,1.3,[*7],[*7],2.3,1.1,421.5,17.8
2012,Q1,"     < 4,000",109.5,26.9,47.9,7.5,8.7,1.4,3.8,0.8,[*7],[*7],[*7],[*7],0.5,0.2,170.6,7.2
2012,Q1,"     4,000 - 5,999",68.1,16.7,43.8,6.9,7.7,1.2,2.6,0.5,[*7],[*7],[*7],[*7],[*7],[*7],122.6,5.2
2012,Q1,"     6,000 - 7,999",36.6,9.0,61.8,9.7,20.9,3.4,7.7,1.5,1.1,0.7,[*7],[*7],1.3,0.6,128.3,5.4
2012,Q1,"8,000 - 9,999",30.8,7.6,48.6,7.6,32.4,5.2,15.2,3.0,3.4,2.2,1.0,1.8,4.4,2.1,131.4,5.5
2012,Q1,"10,000 - 14,999",40.2,9.9,91.4,14.4,90.7,14.6,55.4,11.1,17.5,11.5,4.3,7.9,21.7,10.6,299.4,12.7
2012,Q1,"15,000 - 19,999",25.8,6.3,64.7,10.2,88.2,14.2,58.3,11.7,19.7,13.0,8.0,14.7,27.7,13.5,264.6,11.2
2012,Q1,"20,000 - 24,999",23.3,5.7,51.6,8.1,76.3,12.3,61.7,12.4,19.4,12.8,5.0,9.3,24.4,11.8,237.3,10.0
2012,Q1,"25,000 - 29,999",10.2,2.5,35.3,5.5,57.3,9.2,50.6,10.2,15.7,10.3,6.2,11.5,21.9,10.6,175.3,7.4
2012,Q1,"30,000 - 34,999",13.2,3.2,28.7,4.5,45.0,7.3,43.9,8.8,13.3,8.8,5.1,9.4,18.3,8.9,149.1,6.3
2012,Q1,"35,000 - 39,999",8.2,2.0,23.4,3.7,34.4,5.5,35.4,7.1,8.8,5.8,4.5,8.3,13.3,6.5,114.7,4.8
2012,Q1,"40,000 - 44,999",8.0,2.0,21.4,3.4,28.1,4.5,25.6,5.1,9.9,6.6,3.2,6.0,13.2,6.4,96.3,4.1
2012,Q1,"45,000 - 49,999",4.2,1.0,15.0,2.4,17.3,2.8,19.3,3.9,6.8,4.5,3.0,5.6,9.8,4.8,65.6,2.8
2012,Q1,"50,000 - 59,999",7.8,1.9,26.2,4.1,29.4,4.7,31.2,6.3,11.9,7.8,3.7,6.8,15.5,7.6,110.1,4.7
2012,Q1,"60,000 - 79,999",8.5,2.1,31.7,5.0,35.3,5.7,39.3,7.9,10.2,6.7,6.1,11.2,16.2,7.9,131.1,5.5
2012,Q1,"≥ 80,000",12.2,3.0,44.2,6.9,48.8,7.9,48.4,9.7,13.1,8.7,3.8,7.1,16.9,8.2,170.5,7.2
2012,Q1,"     80,000 - 99,999",3.8,0.9,12.4,2.0,17.8,2.9,18.1,3.6,4.5,3.0,1.7,3.2,6.2,3.0,58.4,2.5
2012,Q1,"     ≥ 100,000",8.4,2.1,31.7,5.0,31.0,5.0,30.3,6.1,8.6,5.7,2.1,3.8,10.7,5.2,112.1,4.7
2012,Q1,Total,406.6,100.0,635.6,100.0,620.6,100.0,498.4,100.0,151.5,100.0,54.1,100.0,205.6,100.0,2366.9,100.0
2012,Q2,"< 8,000",218.6,52.7,157.3,25.0,38.5,6.1,11.9,2.4,2.2,1.5,[*7],[*7],2.7,1.3,429.0,18.0
2012,Q2,"     < 4,000",108.9,26.3,47.9,7.6,10.0,1.6,3.3,0.7,0.9,0.6,[*7],[*7],1.0,0.5,171.0,7.2
2012,Q2,"     4,000 - 5,999",70.0,16.9,42.0,6.7,6.3,1.0,1.7,0.3,[*7],[*7],[*7],[*7],0.6,0.3,120.6,5.1
2012,Q2,"     6,000 - 7,999",39.7,9.6,67.4,10.7,22.3,3.5,6.8,1.4,1.1,0.8,[*7],[*7],1.1,0.6,137.3,5.8
2012,Q2,"8,000 - 9,999",33.8,8.1,48.0,7.6,35.7,5.7,16.4,3.3,2.7,1.8,1.3,2.3,4.0,1.9,137.9,5.8
2012,Q2,"10,000 - 14,999",46.1,11.1,88.5,14.1,85.3,13.6,58.0,11.6,15.7,10.5,3.6,6.4,19.3,9.4,297.2,12.5
2012,Q2,"15,000 - 19,999",22.8,5.5,63.2,10.1,91.1,14.5,61.1,12.2,18.2,12.1,7.2,13.0,25.4,12.4,263.7,11.1
2012,Q2,"20,000 - 24,999",22.8,5.5,49.7,7.9,79.7,12.7,68.8,13.7,19.6,13.1,6.9,12.4,26.5,12.9,247.5,10.4
2012,Q2,"25,000 - 29,999",12.2,2.9,34.6,5.5,63.2,10.0,45.8,9.1,16.2,10.8,6.9,12.4,23.1,11.2,178.9,7.5
2012,Q2,"30,000 - 34,999",13.6,3.3,35.6,5.7,49.9,7.9,47.8,9.5,14.2,9.5,4.9,8.8,19.1,9.3,166.0,7.0
2012,Q2,"35,000 - 39,999",5.7,1.4,22.4,3.6,33.9,5.4,35.1,7.0,11.1,7.4,5.2,9.4,16.3,7.9,113.4,4.8
2012,Q2,"40,000 - 44,999",7.1,1.7,22.0,3.5,26.6,4.2,29.8,6.0,8.6,5.7,4.2,7.5,12.7,6.2,98.2,4.1
2012,Q2,"45,000 - 49,999",4.8,1.2,13.3,2.1,18.7,3.0,16.1,3.2,7.1,4.7,3.0,5.4,10.1,4.9,62.9,2.6
2012,Q2,"50,000 - 59,999",6.2,1.5,26.8,4.3,30.3,4.8,30.6,6.1,10.5,7.0,4.3,7.8,14.8,7.2,108.7,4.6
2012,Q2,"60,000 - 79,999",9.1,2.2,28.3,4.5,33.5,5.3,34.6,6.9,11.3,7.5,4.0,7.2,15.3,7.4,120.9,5.1
2012,Q2,"≥ 80,000",12.0,2.9,38.3,6.1,43.0,6.8,44.9,9.0,12.5,8.4,3.7,6.6,16.2,7.9,154.4,6.5
2012,Q2,"     80,000 - 99,999",4.1,1.0,12.4,2.0,16.6,2.6,15.4,3.1,4.8,3.2,1.2,2.1,6.0,2.9,54.5,2.3
2012,Q2,"     ≥ 100,000",8.0,1.9,25.9,4.1,26.4,4.2,29.5,5.9,7.7,5.2,2.5,4.5,10.2,5.0,99.9,4.2
2012,Q2,Total,414.7,100.0,628.0,100.0,629.6,100.0,501.0,100.0,149.9,100.0,55.6,100.0,205.5,100.0,2378.8,100.0
2012,Q3,"< 8,000",211.9,50.9,145.4,22.8,33.5,5.3,10.1,2.0,2.5,1.7,[*7],[*7],2.7,1.3,403.6,16.9
2012,Q3,"     < 4,000",92.6,22.2,44.3,7.0,8.8,1.4,2.0,0.4,0.5,0.4,[*7],[*7],0.6,0.3,148.4,6.2
2012,Q3,"     4,000 - 5,999",65.5,15.7,43.8,6.9,7.5,1.2,2.2,0.5,[*7],[*7],[*7],[*7],[*7],[*7],119.5,5.0
2012,Q3,"     6,000 - 7,999",53.8,12.9,57.2,9.0,17.2,2.7,5.8,1.2,1.5,1.0,[*7],[*7],1.6,0.8,135.7,5.7
2012,Q3,"8,000 - 9,999",39.0,9.4,47.8,7.5,32.2,5.1,14.8,3.0,3.4,2.2,1.0,1.8,4.4,2.1,138.2,5.8
2012,Q3,"10,000 - 14,999",44.8,10.8,104.8,16.4,95.7,15.1,55.2,11.1,13.8,9.2,6.0,10.6,19.7,9.6,320.1,13.4
2012,Q3,"15,000 - 19,999",26.9,6.5,60.2,9.4,93.1,14.7,62.6,12.6,18.2,12.1,5.4,9.6,23.6,11.5,266.3,11.1
2012,Q3,"20,000 - 24,999",21.9,5.3,56.7,8.9,79.4,12.5,62.7,12.6,17.7,11.8,5.7,10.1,23.4,11.4,244.2,10.2
2012,Q3,"25,000 - 29,999",10.2,2.5,37.1,5.8,59.3,9.3,52.1,10.5,16.5,11.0,5.0,8.9,21.5,10.4,180.2,7.5
2012,Q3,"30,000 - 34,999",12.7,3.1,34.4,5.4,56.5,8.9,51.5,10.4,18.3,12.2,5.6,10.0,23.9,11.6,179.0,7.5
2012,Q3,"35,000 - 39,999",9.2,2.2,23.6,3.7,35.4,5.6,33.4,6.7,11.3,7.5,5.0,8.8,16.2,7.9,117.8,4.9
2012,Q3,"40,000 - 44,999",7.7,1.8,22.5,3.5,28.8,4.5,32.5,6.5,9.2,6.1,4.1,7.2,13.2,6.4,104.7,4.4
2012,Q3,"45,000 - 49,999",4.4,1.1,13.3,2.1,19.6,3.1,18.4,3.7,7.6,5.1,3.6,6.4,11.2,5.4,66.9,2.8
2012,Q3,"50,000 - 59,999",7.4,1.8,27.5,4.3,30.7,4.8,31.4,6.3,10.6,7.1,4.8,8.6,15.4,7.5,112.4,4.7
2012,Q3,"60,000 - 79,999",8.5,2.0,29.1,4.6,34.0,5.4,30.8,6.2,9.8,6.6,5.4,9.6,15.2,7.4,117.6,4.9
2012,Q3,"≥ 80,000",11.6,2.8,35.0,5.5,36.4,5.7,41.4,8.3,11.0,7.3,4.5,8.1,15.5,7.5,140.0,5.9
2012,Q3,"     80,000 - 99,999",4.9,1.2,13.5,2.1,14.1,2.2,15.7,3.2,3.6,2.4,2.2,3.8,5.7,2.8,54.0,2.3
2012,Q3,"     ≥ 100,000",6.7,1.6,21.5,3.4,22.2,3.5,25.7,5.2,7.4,5.0,2.4,4.2,9.8,4.8,86.0,3.6
2012,Q3,Total,416.2,100.0,637.4,100.0,634.6,100.0,496.8,100.0,149.8,100.0,56.3,100.0,206.0,100.0,2391.0,100.0
2012,Q4,"< 8,000",209.8,50.5,151.3,23.7,33.5,5.3,9.2,1.9,1.9,1.3,[*7],[*7],2.2,1.1,406.0,17.0
2012,Q4,"     < 4,000",106.5,25.6,48.8,7.6,10.1,1.6,2.6,0.5,0.6,0.4,[*7],[*7],0.7,0.3,168.8,7.1
2012,Q4,"     4,000 - 5,999",67.8,16.3,40.1,6.3,5.0,0.8,2.3,0.5,[*7],[*7],[*7],[*7],[*7],[*7],115.3,4.8
2012,Q4,"     6,000 - 7,999",35.5,8.6,62.4,9.8,18.4,2.9,4.2,0.9,1.3,0.9,[*7],[*7],1.4,0.7,121.9,5.1
2012,Q4,"8,000 - 9,999",39.5,9.5,52.1,8.1,29.3,4.6,13.3,2.7,3.7,2.5,0.6,1.1,4.3,2.1,138.4,5.8
2012,Q4,"10,000 - 14,999",45.2,10.9,95.6,15.0,87.1,13.7,48.0,9.7,15.4,10.4,4.2,7.3,19.6,9.5,295.4,12.4
2012,Q4,"15,000 - 19,999",26.0,6.3,68.7,10.8,92.1,14.5,58.3,11.8,17.5,11.9,6.1,10.5,23.6,11.5,268.8,11.3
2012,Q4,"20,000 - 24,999",19.6,4.7,51.0,8.0,82.7,13.1,63.1,12.8,17.8,12.1,7.2,12.4,25.0,12.2,241.4,10.1
2012,Q4,"25,000 - 29,999",12.7,3.1,38.1,6.0,63.7,10.1,51.7,10.5,16.3,11.1,6.9,12.0,23.2,11.3,189.4,7.9
2012,Q4,"30,000 - 34,999",15.5,3.7,36.8,5.8,52.8,8.3,50.9,10.3,13.5,9.2,6.6,11.4,20.1,9.8,176.1,7.4
2012,Q4,"35,000 - 39,999",7.9,1.9,23.1,3.6,37.3,5.9,36.1,7.3,12.0,8.2,4.1,7.0,16.1,7.8,120.4,5.0
2012,Q4,"40,000 - 44,999",6.9,1.7,21.2,3.3,29.4,4.6,29.3,5.9,9.6,6.5,3.8,6.6,13.4,6.5,100.2,4.2
2012,Q4,"45,000 - 49,999",5.4,1.3,14.2,2.2,18.8,3.0,22.2,4.5,7.1,4.9,3.4,5.9,10.6,5.2,71.2,3.0
2012,Q4,"50,000 - 59,999",9.1,2.2,25.4,4.0,27.5,4.3,29.2,5.9,10.2,6.9,5.9,10.1,16.0,7.8,107.4,4.5
2012,Q4,"60,000 - 79,999",6.8,1.6,26.2,4.1,38.0,6.0,35.0,7.1,10.2,6.9,4.5,7.8,14.8,7.2,120.8,5.1
2012,Q4,"≥ 80,000",11.0,2.6,35.5,5.5,41.2,6.5,46.5,9.4,12.0,8.2,4.3,7.4,16.3,7.9,150.3,6.3
2012,Q4,"     80,000 - 99,999",4.1,1.0,12.1,1.9,17.1,2.7,20.5,4.2,4.2,2.9,1.0,1.7,5.2,2.5,59.0,2.5
2012,Q4,"     ≥ 100,000",6.9,1.6,23.3,3.7,24.0,3.8,26.0,5.3,7.8,5.3,3.3,5.7,11.1,5.4,91.3,3.8
2012,Q4,Total,415.3,100.0,639.2,100.0,633.3,100.0,492.9,100.0,147.2,100.0,57.8,100.0,205.0,100.0,2385.7,100.0
2013,Q1,"< 8,000",206.4,51.1,150.2,22.9,30.1,4.8,8.9,1.8,2.1,1.5,0.6,1.1,2.7,1.4,398.3,16.7
2013,Q1,"     < 4,000",102.8,25.4,46.9,7.1,9.3,1.5,3.0,0.6,0.7,0.5,[*7],[*7],0.8,0.4,162.8,6.8
2013,Q1,"     4,000 - 5,999",65.4,16.2,39.8,6.1,5.0,0.8,2.1,0.4,[*7],[*7],[*7],[*7],[*7],[*7],112.7,4.7
2013,Q1,"     6,000 - 7,999",38.3,9.5,63.6,9.7,15.8,2.5,3.8,0.8,0.9,0.7,[*7],[*7],1.4,0.7,122.8,5.1
2013,Q1,"8,000 - 9,999",37.7,9.3,49.9,7.6,27.2,4.3,13.1,2.6,2.8,2.0,0.8,1.5,3.6,1.8,131.5,5.5
2013,Q1,"10,000 - 14,999",47.7,11.8,96.5,14.7,89.7,14.2,46.2,9.3,12.0,8.5,2.9,5.1,14.8,7.5,294.9,12.4
2013,Q1,"15,000 - 19,999",23.9,5.9,66.5,10.1,86.7,13.7,57.0,11.5,15.8,11.2,5.1,9.0,20.9,10.6,255.0,10.7
2013,Q1,"20,000 - 24,999",17.5,4.3,53.8,8.2,73.5,11.6,58.8,11.9,16.6,11.7,7.0,12.4,23.6,11.9,227.2,9.5
2013,Q1,"25,000 - 29,999",11.1,2.7,39.0,5.9,59.5,9.4,48.8,9.8,13.6,9.6,6.9,12.2,20.4,10.3,178.8,7.5
2013,Q1,"30,000 - 34,999",11.8,2.9,33.7,5.1,55.8,8.8,45.6,9.2,15.4,10.9,6.7,11.8,22.1,11.2,169.0,7.1
2013,Q1,"35,000 - 39,999",7.6,1.9,22.1,3.4,35.7,5.7,35.7,7.2,11.7,8.3,5.0,9.0,16.8,8.5,117.9,4.9
2013,Q1,"40,000 - 44,999",8.0,2.0,25.1,3.8,30.3,4.8,29.8,6.0,10.2,7.2,4.4,7.8,14.6,7.4,107.7,4.5
2013,Q1,"45,000 - 49,999",4.9,1.2,13.1,2.0,21.6,3.4,20.7,4.2,7.9,5.6,3.7,6.5,11.6,5.8,71.8,3.0
2013,Q1,"50,000 - 59,999",8.3,2.0,28.9,4.4,32.5,5.1,35.4,7.1,10.6,7.5,3.5,6.2,14.1,7.1,119.2,5.0
2013,Q1,"60,000 - 79,999",9.4,2.3,29.5,4.5,39.1,6.2,37.5,7.6,10.8,7.7,4.4,7.7,15.2,7.7,130.7,5.5
2013,Q1,"≥ 80,000",9.8,2.4,48.6,7.4,50.8,8.0,58.5,11.8,12.0,8.5,5.4,9.6,17.4,8.8,185.2,7.8
2013,Q1,"     80,000 - 99,999",3.3,0.8,18.2,2.8,20.5,3.2,22.1,4.5,4.0,2.9,2.0,3.5,6.0,3.0,70.1,2.9
2013,Q1,"     ≥ 100,000",6.5,1.6,30.4,4.6,30.4,4.8,36.4,7.3,8.0,5.6,3.4,6.1,11.4,5.8,115.1,4.8
2013,Q1,Total,404.1,100.0,657.0,100.0,632.3,100.0,496.0,100.0,141.5,100.0,56.2,100.0,197.8,100.0,2387.2,100.0
2013,Q2,"< 8,000",217.5,52.1,148.7,22.4,27.0,4.3,7.0,1.4,1.7,1.2,[*7],[*7],2.0,1.0,402.1,16.7
2013,Q2,"     < 4,000",101.3,24.3,45.7,6.9,7.8,1.2,3.3,0.7,0.7,0.5,[*7],[*7],0.7,0.3,158.8,6.6
2013,Q2,"     4,000 - 5,999",75.3,18.0,42.5,6.4,5.0,0.8,0.6,0.1,[*7],[*7],[*7],[*7],[*7],[*7],123.7,5.2
2013,Q2,"     6,000 - 7,999",40.9,9.8,60.5,9.1,14.1,2.3,3.1,0.6,0.6,0.4,[*7],[*7],0.9,0.5,119.5,5.0
2013,Q2,"8,000 - 9,999",32.9,7.9,52.6,7.9,25.3,4.0,13.7,2.8,2.5,1.7,[*7],[*7],2.7,1.3,127.2,5.3
2013,Q2,"10,000 - 14,999",50.5,12.1,92.4,13.9,88.5,14.1,48.3,9.8,10.1,7.0,4.2,7.3,14.4,7.1,294.0,12.2
2013,Q2,"15,000 - 19,999",26.8,6.4,71.8,10.8,89.5,14.3,51.3,10.4,16.2,11.2,4.1,7.1,20.4,10.0,259.8,10.8
2013,Q2,"20,000 - 24,999",21.9,5.2,59.9,9.0,85.3,13.6,58.7,12.0,18.0,12.4,6.7,11.7,24.7,12.2,250.5,10.4
2013,Q2,"25,000 - 29,999",11.0,2.6,40.6,6.1,58.5,9.3,52.6,10.7,14.5,10.0,6.0,10.4,20.5,10.1,183.2,7.6
2013,Q2,"30,000 - 34,999",13.7,3.3,39.4,5.9,52.3,8.3,50.3,10.2,14.8,10.2,6.1,10.6,20.9,10.3,176.5,7.4
2013,Q2,"35,000 - 39,999",6.7,1.6,23.8,3.6,34.5,5.5,36.1,7.3,13.3,9.2,6.0,10.4,19.3,9.5,120.3,5.0
2013,Q2,"40,000 - 44,999",7.3,1.7,24.6,3.7,29.2,4.7,29.0,5.9,10.6,7.3,5.7,9.9,16.3,8.1,106.3,4.4
2013,Q2,"45,000 - 49,999",3.8,0.9,14.3,2.1,19.5,3.1,22.5,4.6,7.4,5.1,3.8,6.5,11.2,5.5,71.2,3.0
2013,Q2,"50,000 - 59,999",9.0,2.2,22.3,3.4,34.5,5.5,35.8,7.3,11.0,7.6,5.2,9.0,16.2,8.0,117.9,4.9
2013,Q2,"60,000 - 79,999",8.6,2.1,30.3,4.6,36.8,5.9,35.9,7.3,11.5,7.9,5.5,9.5,16.9,8.3,128.5,5.4
2013,Q2,"≥ 80,000",8.0,1.9,43.2,6.5,45.8,7.3,49.9,10.1,13.4,9.2,3.9,6.7,17.3,8.5,164.1,6.8
2013,Q2,"     80,000 - 99,999",3.2,0.8,17.3,2.6,19.9,3.2,16.7,3.4,5.4,3.8,1.2,2.0,6.6,3.3,63.6,2.7
2013,Q2,"     ≥ 100,000",4.8,1.1,25.9,3.9,26.0,4.1,33.2,6.8,7.9,5.5,2.7,4.7,10.7,5.3,100.5,4.2
2013,Q2,Total,417.5,100.0,663.6,100.0,626.5,100.0,491.2,100.0,145.0,100.0,57.7,100.0,202.7,100.0,2401.6,100.0
2013,Q3,"< 8,000",219.1,50.2,124.3,18.7,23.9,3.8,9.2,1.8,1.7,1.2,[*7],[*7],2.1,1.1,378.5,15.6
2013,Q3,"     < 4,000",85.0,19.5,37.0,5.6,6.6,1.1,4.4,0.9,[*7],[*7],[*7],[*7],0.7,0.4,133.7,5.5
2013,Q3,"     4,000 - 5,999",77.8,17.8,34.5,5.2,3.8,0.6,0.7,0.1,[*7],[*7],[*7],[*7],[*7],[*7],117.0,4.8
2013,Q3,"     6,000 - 7,999",56.3,12.9,52.8,8.0,13.6,2.2,4.1,0.8,0.9,0.6,[*7],[*7],1.1,0.6,127.8,5.3
2013,Q3,"8,000 - 9,999",40.0,9.2,51.6,7.8,25.2,4.0,9.7,1.9,2.4,1.7,[*7],[*7],2.8,1.4,129.2,5.3
2013,Q3,"10,000 - 14,999",48.8,11.2,109.9,16.6,75.8,12.2,41.1,8.2,8.9,6.2,2.7,4.7,11.5,5.8,287.1,11.9
2013,Q3,"15,000 - 19,999",30.0,6.9,75.4,11.4,82.7,13.3,57.3,11.5,16.3,11.3,4.1,7.3,20.4,10.2,265.8,11.0
2013,Q3,"20,000 - 24,999",21.9,5.0,58.2,8.8,83.4,13.4,59.3,11.9,18.2,12.6,7.7,13.5,25.9,12.9,248.6,10.3
2013,Q3,"25,000 - 29,999",12.8,2.9,40.1,6.0,64.6,10.4,52.0,10.4,14.1,9.8,5.0,8.8,19.1,9.5,188.7,7.8
2013,Q3,"30,000 - 34,999",14.2,3.2,37.5,5.7,57.0,9.2,48.0,9.6,15.1,10.5,6.9,12.2,22.1,11.0,178.7,7.4
2013,Q3,"35,000 - 39,999",8.7,2.0,26.0,3.9,39.5,6.4,40.8,8.2,12.4,8.6,3.7,6.6,16.1,8.0,131.1,5.4
2013,Q3,"40,000 - 44,999",6.4,1.5,25.8,3.9,29.4,4.7,31.9,6.4,10.1,7.0,4.4,7.8,14.6,7.3,108.1,4.5
2013,Q3,"45,000 - 49,999",5.7,1.3,16.9,2.6,24.2,3.9,24.4,4.9,7.8,5.4,4.2,7.4,12.0,6.0,83.3,3.4
2013,Q3,"50,000 - 59,999",10.0,2.3,26.6,4.0,34.2,5.5,36.3,7.3,10.8,7.5,7.3,12.9,18.1,9.0,125.1,5.2
2013,Q3,"60,000 - 79,999",8.7,2.0,30.7,4.6,38.6,6.2,37.2,7.5,12.3,8.5,4.7,8.3,17.0,8.5,132.2,5.5
2013,Q3,"≥ 80,000",9.9,2.3,40.9,6.2,43.6,7.0,51.6,10.4,13.8,9.6,5.1,8.9,18.9,9.4,165.0,6.8
2013,Q3,"     80,000 - 99,999",3.4,0.8,14.5,2.2,19.4,3.1,17.9,3.6,6.2,4.3,2.6,4.5,8.8,4.4,64.0,2.6
2013,Q3,"     ≥ 100,000",6.5,1.5,26.4,4.0,24.2,3.9,33.7,6.8,7.7,5.3,2.5,4.4,10.2,5.1,101.0,4.2
2013,Q3,Total,436.2,100.0,663.8,100.0,621.9,100.0,498.8,100.0,143.9,100.0,56.7,100.0,200.7,100.0,2421.4,100.0
2013,Q4,"< 8,000",214.7,50.4,149.1,22.4,25.0,3.9,9.8,2.0,1.6,1.1,[*7],[*7],2.1,1.1,400.7,16.6
2013,Q4,"     < 4,000",101.9,23.9,46.2,6.9,6.8,1.1,3.6,0.7,[*7],[*7],[*7],[*7],0.5,0.3,159.0,6.6
2013,Q4,"     4,000 - 5,999",73.2,17.2,42.4,6.4,5.5,0.9,1.8,0.4,0.5,0.4,[*7],[*7],0.8,0.4,123.7,5.1
2013,Q4,"     6,000 - 7,999",39.6,9.3,60.5,9.1,12.7,2.0,4.4,0.9,0.7,0.5,[*7],[*7],0.8,0.4,118.0,4.9
2013,Q4,"8,000 - 9,999",35.9,8.4,49.5,7.4,25.4,4.0,9.8,1.9,2.0,1.5,[*7],[*7],2.3,1.2,123.0,5.1
2013,Q4,"10,000 - 14,999",50.4,11.8,96.5,14.5,84.3,13.3,43.1,8.6,9.8,7.1,2.2,4.2,12.0,6.3,286.3,11.8
2013,Q4,"15,000 - 19,999",30.1,7.1,69.4,10.4,85.4,13.5,60.7,12.1,14.3,10.3,5.0,9.7,19.3,10.1,264.9,11.0
2013,Q4,"20,000 - 24,999",20.5,4.8,58.1,8.7,77.9,12.3,59.9,11.9,14.6,10.6,5.6,10.8,20.2,10.6,236.6,9.8
2013,Q4,"25,000 - 29,999",12.4,2.9,39.4,5.9,65.5,10.3,52.4,10.4,15.6,11.3,4.9,9.5,20.5,10.8,190.1,7.9
2013,Q4,"30,000 - 34,999",13.4,3.2,36.8,5.5,58.0,9.2,48.9,9.7,12.8,9.3,6.3,12.1,19.1,10.1,176.2,7.3
2013,Q4,"35,000 - 39,999",7.5,1.8,27.5,4.1,41.2,6.5,38.7,7.7,11.5,8.4,5.1,9.9,16.7,8.8,131.7,5.4
2013,Q4,"40,000 - 44,999",6.3,1.5,21.3,3.2,29.1,4.6,35.7,7.1,10.9,7.9,3.6,6.9,14.5,7.6,106.8,4.4
2013,Q4,"45,000 - 49,999",5.4,1.3,15.0,2.3,24.4,3.9,22.7,4.5,7.6,5.5,2.9,5.6,10.5,5.5,78.0,3.2
2013,Q4,"50,000 - 59,999",9.6,2.3,28.1,4.2,37.3,5.9,32.5,6.5,11.1,8.0,6.6,12.8,17.7,9.3,125.3,5.2
2013,Q4,"60,000 - 79,999",10.1,2.4,33.7,5.1,40.2,6.3,37.7,7.5,11.6,8.4,4.9,9.4,16.5,8.7,138.1,5.7
2013,Q4,"≥ 80,000",9.7,2.3,40.7,6.1,39.1,6.2,51.4,10.2,14.8,10.7,3.9,7.6,18.7,9.9,159.7,6.6
2013,Q4,"     80,000 - 99,999",2.7,0.6,16.8,2.5,16.3,2.6,19.4,3.9,5.5,3.9,2.2,4.3,7.7,4.0,63.0,2.6
2013,Q4,"     ≥ 100,000",7.0,1.6,23.9,3.6,22.8,3.6,32.0,6.4,9.3,6.8,1.7,3.3,11.1,5.8,96.7,4.0
2013,Q4,Total,426.1,100.0,665.1,100.0,632.6,100.0,503.3,100.0,138.2,100.0,52.0,100.0,190.2,100.0,2417.4,100.0
2014,Q1,"< 8,000",211.6,49.8,146.3,21.8,30.5,4.8,10.0,2.0,2.0,1.4,[*7],[*7],2.3,1.2,400.7,16.6
2014,Q1,"     < 4,000",97.5,22.9,43.6,6.5,9.4,1.5,2.8,0.6,0.9,0.7,[*7],[*7],1.3,0.7,154.6,6.4
2014,Q1,"     4,000 - 5,999",79.0,18.6,42.8,6.4,6.3,1.0,1.2,0.2,[*7],[*7],[*7],[*7],[*7],[*7],129.8,5.4
2014,Q1,"     6,000 - 7,999",35.0,8.2,60.0,8.9,14.9,2.3,5.9,1.2,0.6,0.4,[*7],[*7],0.6,0.3,116.3,4.8
2014,Q1,"8,000 - 9,999",33.6,7.9,50.1,7.5,25.1,3.9,8.5,1.7,2.1,1.5,[*7],[*7],2.6,1.4,119.9,5.0
2014,Q1,"10,000 - 14,999",51.8,12.2,94.5,14.1,75.0,11.8,43.7,8.8,11.6,8.4,2.3,4.3,13.8,7.3,278.9,11.5
2014,Q1,"15,000 - 19,999",30.1,7.1,69.5,10.4,82.1,12.9,53.1,10.7,15.0,10.9,3.7,7.1,18.8,9.9,253.6,10.5
2014,Q1,"20,000 - 24,999",23.1,5.4,57.5,8.6,78.2,12.3,56.4,11.3,13.3,9.7,6.4,12.2,19.7,10.4,234.8,9.7
2014,Q1,"25,000 - 29,999",10.3,2.4,37.9,5.7,62.6,9.8,46.6,9.4,12.5,9.1,5.1,9.7,17.5,9.2,174.9,7.2
2014,Q1,"30,000 - 34,999",13.0,3.1,35.2,5.2,54.5,8.6,49.5,9.9,15.3,11.1,6.1,11.6,21.4,11.3,173.6,7.2
2014,Q1,"35,000 - 39,999",7.2,1.7,25.8,3.9,41.7,6.6,37.0,7.4,12.2,8.9,5.2,9.8,17.4,9.2,129.1,5.3
2014,Q1,"40,000 - 44,999",9.7,2.3,21.2,3.2,31.0,4.9,32.2,6.5,9.0,6.6,3.4,6.5,12.4,6.5,106.5,4.4
2014,Q1,"45,000 - 49,999",5.5,1.3,18.4,2.7,22.1,3.5,24.3,4.9,7.1,5.2,2.6,5.0,9.8,5.1,80.0,3.3
2014,Q1,"50,000 - 59,999",10.7,2.5,24.9,3.7,35.2,5.5,38.4,7.7,12.3,9.0,5.7,10.9,18.1,9.5,127.3,5.3
2014,Q1,"60,000 - 79,999",7.9,1.9,39.3,5.9,44.7,7.0,41.3,8.3,11.9,8.6,5.6,10.5,17.4,9.2,150.5,6.2
2014,Q1,"≥ 80,000",10.6,2.5,49.8,7.4,53.1,8.4,56.5,11.4,13.0,9.5,5.7,10.8,18.7,9.8,188.7,7.8
2014,Q1,"     80,000 - 99,999",3.0,0.7,18.3,2.7,20.3,3.2,21.4,4.3,4.7,3.4,1.6,3.0,6.3,3.3,69.3,2.9
2014,Q1,"     ≥ 100,000",7.6,1.8,31.6,4.7,32.8,5.2,35.0,7.0,8.3,6.0,4.1,7.8,12.4,6.5,119.5,4.9
2014,Q1,Total,425.1,100.0,670.5,100.0,635.9,100.0,497.2,100.0,137.2,100.0,52.7,100.0,189.9,100.0,2418.6,100.0
2014,Q2,"< 8,000",219.9,50.8,148.3,22.1,27.6,4.3,7.4,1.5,0.9,0.6,[*7],[*7],1.3,0.7,404.6,16.6
2014,Q2,"     < 4,000",96.2,22.2,43.3,6.5,9.0,1.4,2.0,0.4,[*7],[*7],[*7],[*7],[*7],[*7],151.0,6.2
2014,Q2,"     4,000 - 5,999",83.2,19.2,42.8,6.4,5.0,0.8,1.8,0.4,[*7],[*7],[*7],[*7],[*7],[*7],133.2,5.5
2014,Q2,"     6,000 - 7,999",40.5,9.4,62.3,9.3,13.6,2.1,3.6,0.7,[*7],[*7],[*7],[*7],[*7],[*7],120.4,5.0
2014,Q2,"8,000 - 9,999",37.6,8.7,51.7,7.7,23.7,3.7,9.0,1.8,1.3,0.9,[*7],[*7],1.7,0.9,123.7,5.1
2014,Q2,"10,000 - 14,999",54.8,12.7,95.9,14.3,78.0,12.2,44.0,8.9,11.4,8.2,2.4,4.4,13.8,7.1,286.6,11.8
2014,Q2,"15,000 - 19,999",29.5,6.8,71.3,10.6,88.5,13.8,50.8,10.3,13.8,9.9,4.1,7.3,17.8,9.2,257.9,10.6
2014,Q2,"20,000 - 24,999",21.7,5.0,58.2,8.7,82.2,12.8,59.3,12.0,15.3,11.0,4.7,8.4,19.9,10.2,241.3,9.9
2014,Q2,"25,000 - 29,999",11.7,2.7,40.7,6.1,65.9,10.3,53.4,10.8,15.0,10.8,4.9,8.8,19.9,10.2,191.6,7.9
2014,Q2,"30,000 - 34,999",10.9,2.5,35.4,5.3,58.5,9.1,49.3,10.0,16.0,11.5,5.7,10.3,21.8,11.2,175.8,7.2
2014,Q2,"35,000 - 39,999",6.4,1.5,23.0,3.4,36.0,5.6,34.9,7.1,12.0,8.6,5.5,9.9,17.5,9.0,117.7,4.8
2014,Q2,"40,000 - 44,999",7.7,1.8,26.1,3.9,30.8,4.8,32.0,6.5,10.5,7.6,5.7,10.3,16.2,8.3,112.9,4.6
2014,Q2,"45,000 - 49,999",4.4,1.0,16.9,2.5,23.6,3.7,23.5,4.8,8.2,5.9,3.4,6.1,11.6,6.0,80.0,3.3
2014,Q2,"50,000 - 59,999",8.0,1.9,29.3,4.4,37.7,5.9,34.5,7.0,11.0,7.9,5.9,10.7,17.0,8.7,126.6,5.2
2014,Q2,"60,000 - 79,999",9.1,2.1,31.7,4.7,37.8,5.9,43.4,8.8,12.2,8.7,6.4,11.5,18.5,9.5,140.5,5.8
2014,Q2,"≥ 80,000",11.0,2.5,41.3,6.2,49.9,7.8,51.4,10.4,11.6,8.4,6.0,10.7,17.6,9.0,171.1,7.0
2014,Q2,"     80,000 - 99,999",3.8,0.9,15.8,2.4,17.4,2.7,20.4,4.1,2.6,1.8,3.1,5.6,5.7,2.9,63.0,2.6
2014,Q2,"     ≥ 100,000",7.2,1.7,25.5,3.8,32.5,5.1,31.0,6.3,9.1,6.5,2.9,5.1,11.9,6.1,108.1,4.4
2014,Q2,Total,432.7,100.0,670.0,100.0,640.1,100.0,492.9,100.0,139.3,100.0,55.4,100.0,194.7,100.0,2430.3,100.0
2014,Q3,"< 8,000",220.7,49.9,121.4,18.2,21.3,3.3,4.9,1.0,0.7,0.6,[*7],[*7],1.1,0.6,369.4,15.2
2014,Q3,"     < 4,000",83.9,19.0,36.3,5.4,5.2,0.8,1.6,0.3,[*7],[*7],[*7],[*7],0.6,0.3,127.6,5.2
2014,Q3,"     4,000 - 5,999",78.2,17.7,36.9,5.5,5.0,0.8,[*7],[*7],[*7],[*7],[*7],[*7],[*7],[*7],120.7,5.0
2014,Q3,"     6,000 - 7,999",58.6,13.2,48.2,7.2,11.1,1.7,3.0,0.6,[*7],[*7],[*7],[*7],[*7],[*7],121.1,5.0
2014,Q3,"8,000 - 9,999",45.7,10.3,55.5,8.3,20.6,3.2,7.4,1.5,1.0,0.7,[*7],[*7],1.1,0.5,130.4,5.3
2014,Q3,"10,000 - 14,999",52.7,11.9,105.6,15.9,69.3,10.9,38.7,7.8,8.0,5.9,2.4,3.9,10.4,5.3,276.6,11.3
2014,Q3,"15,000 - 19,999",31.8,7.2,72.5,10.9,89.0,14.0,50.2,10.1,11.5,8.6,4.7,7.8,16.3,8.3,259.7,10.7
2014,Q3,"20,000 - 24,999",22.5,5.1,62.6,9.4,87.3,13.7,56.2,11.3,15.8,11.7,5.7,9.4,21.5,11.0,250.2,10.3
2014,Q3,"25,000 - 29,999",12.1,2.7,42.7,6.4,65.7,10.3,53.4,10.7,13.8,10.3,5.9,9.7,19.7,10.1,193.5,7.9
2014,Q3,"30,000 - 34,999",11.1,2.5,38.4,5.8,62.8,9.9,49.1,9.9,14.0,10.4,6.1,10.1,20.1,10.3,181.5,7.4
2014,Q3,"35,000 - 39,999",6.6,1.5,25.9,3.9,39.6,6.2,40.8,8.2,11.3,8.4,6.3,10.5,17.7,9.1,130.7,5.4
2014,Q3,"40,000 - 44,999",7.2,1.6,21.7,3.3,30.4,4.8,33.9,6.8,10.9,8.1,4.8,7.9,15.7,8.0,108.9,4.5
2014,Q3,"45,000 - 49,999",4.8,1.1,16.6,2.5,24.7,3.9,27.7,5.6,8.4,6.2,3.7,6.0,12.0,6.2,85.9,3.5
2014,Q3,"50,000 - 59,999",9.1,2.1,26.5,4.0,39.1,6.1,38.3,7.7,12.0,8.9,7.4,12.2,19.4,10.0,132.4,5.4
2014,Q3,"60,000 - 79,999",8.7,2.0,34.1,5.1,38.0,6.0,42.7,8.6,10.8,8.0,5.7,9.4,16.5,8.4,139.9,5.7
2014,Q3,"≥ 80,000",9.6,2.2,42.0,6.3,49.8,7.8,53.7,10.8,16.3,12.1,7.6,12.5,23.9,12.3,179.1,7.3
2014,Q3,"     80,000 - 99,999",4.5,1.0,14.4,2.2,20.2,3.2,20.3,4.1,6.4,4.8,2.5,4.1,8.9,4.6,68.3,2.8
2014,Q3,"     ≥ 100,000",5.1,1.2,27.6,4.1,29.6,4.6,33.5,6.7,9.9,7.4,5.1,8.4,15.0,7.7,110.8,4.5
2014,Q3,Total,442.5,100.0,665.5,100.0,637.8,100.0,497.1,100.0,134.6,100.0,60.6,100.0,195.2,100.0,2438.1,100.0
2014,Q4,"< 8,000",223.1,50.5,144.8,21.0,20.6,3.3,5.6,1.2,1.4,0.9,[*7],[*7],1.8,0.9,395.8,16.2
2014,Q4,"     < 4,000",87.5,19.8,46.4,6.7,7.5,1.2,2.5,0.5,0.6,0.4,[*7],[*7],0.7,0.4,144.6,5.9
2014,Q4,"     4,000 - 5,999",95.3,21.6,36.5,5.3,4.3,0.7,1.1,0.2,[*7],[*7],[*7],[*7],[*7],[*7],137.5,5.6
2014,Q4,"     6,000 - 7,999",40.2,9.1,61.9,9.0,8.8,1.4,2.0,0.4,0.7,0.5,[*7],[*7],0.9,0.4,113.8,4.7
2014,Q4,"8,000 - 9,999",37.0,8.4,52.1,7.6,21.4,3.4,6.9,1.4,0.6,0.4,[*7],[*7],1.1,0.5,118.5,4.9
2014,Q4,"10,000 - 14,999",57.2,13.0,96.0,14.0,71.3,11.5,33.5,6.9,8.1,5.6,2.3,3.9,10.4,5.1,268.4,11.0
2014,Q4,"15,000 - 19,999",29.3,6.6,73.0,10.6,78.1,12.6,47.5,9.8,13.9,9.7,5.1,8.5,19.1,9.3,246.9,10.1
2014,Q4,"20,000 - 24,999",22.1,5.0,62.3,9.1,81.9,13.2,53.5,11.0,15.4,10.7,5.5,9.1,20.9,10.2,240.6,9.9
2014,Q4,"25,000 - 29,999",12.7,2.9,39.5,5.7,62.3,10.0,49.6,10.2,14.7,10.2,6.6,10.9,21.2,10.4,185.4,7.6
2014,Q4,"30,000 - 34,999",8.7,2.0,37.3,5.4,59.8,9.6,50.8,10.5,13.3,9.3,5.8,9.5,19.1,9.3,175.7,7.2
2014,Q4,"35,000 - 39,999",8.2,1.8,27.1,3.9,43.8,7.1,37.7,7.8,13.9,9.6,5.4,8.9,19.2,9.4,136.0,5.6
2014,Q4,"40,000 - 44,999",6.9,1.6,25.8,3.8,32.8,5.3,36.3,7.5,12.9,9.0,5.6,9.3,18.5,9.1,120.3,4.9
2014,Q4,"45,000 - 49,999",5.1,1.2,18.2,2.6,22.5,3.6,26.4,5.4,10.3,7.1,4.9,8.1,15.2,7.4,87.4,3.6
2014,Q4,"50,000 - 59,999",11.6,2.6,27.5,4.0,34.9,5.6,37.1,7.6,11.8,8.2,6.5,10.7,18.3,8.9,129.3,5.3
2014,Q4,"60,000 - 79,999",7.7,1.7,38.1,5.5,41.4,6.7,39.9,8.2,12.2,8.5,6.1,10.1,18.3,8.9,145.4,6.0
2014,Q4,"≥ 80,000",12.2,2.8,46.3,6.7,50.5,8.1,60.5,12.5,15.4,10.7,5.9,9.7,21.2,10.4,190.8,7.8
2014,Q4,"     80,000 - 99,999",4.2,1.0,17.3,2.5,18.9,3.0,23.4,4.8,5.7,3.9,1.3,2.2,7.0,3.4,70.9,2.9
2014,Q4,"     ≥ 100,000",7.9,1.8,29.0,4.2,31.6,5.1,37.1,7.6,9.7,6.7,4.5,7.5,14.2,7.0,119.9,4.9
2014,Q4,Total,441.7,100.0,688.0,100.0,621.1,100.0,485.2,100.0,143.8,100.0,60.5,100.0,204.3,100.0,2440.3,100.0
2015,Q1,"< 8,000",222.8,49.5,145.8,21.1,20.4,3.3,6.3,1.3,1.7,1.2,[*7],[*7],2.1,1.0,397.5,16.2
2015,Q1,"     < 4,000",80.7,17.9,47.3,6.8,6.6,1.1,2.3,0.5,1.1,0.8,[*7],[*7],1.4,0.7,138.3,5.6
2015,Q1,"     4,000 - 5,999",100.6,22.3,38.7,5.6,3.2,0.5,1.6,0.3,[*7],[*7],[*7],[*7],[*7],[*7],144.3,5.9
2015,Q1,"     6,000 - 7,999",41.5,9.2,59.8,8.7,10.7,1.7,2.5,0.5,[*7],[*7],[*7],[*7],[*7],[*7],114.9,4.7
2015,Q1,"8,000 - 9,999",35.4,7.9,46.8,6.8,18.6,3.0,8.4,1.7,1.1,0.7,[*7],[*7],1.4,0.7,110.6,4.5
2015,Q1,"10,000 - 14,999",54.4,12.1,96.0,13.9,68.8,11.2,34.9,7.1,10.1,6.9,1.8,3.1,11.8,5.8,265.9,10.9
2015,Q1,"15,000 - 19,999",30.9,6.9,74.3,10.8,76.3,12.5,43.6,8.9,12.5,8.5,4.9,8.5,17.3,8.5,242.4,9.9
2015,Q1,"20,000 - 24,999",23.2,5.2,59.6,8.6,75.4,12.3,50.9,10.4,15.6,10.6,5.0,8.7,20.6,10.1,229.7,9.4
2015,Q1,"25,000 - 29,999",13.2,2.9,40.6,5.9,64.9,10.6,49.1,10.0,15.0,10.2,5.9,10.2,20.9,10.2,188.7,7.7
2015,Q1,"30,000 - 34,999",13.9,3.1,35.8,5.2,53.5,8.7,47.0,9.6,12.7,8.6,6.4,11.1,19.1,9.3,169.2,6.9
2015,Q1,"35,000 - 39,999",7.4,1.6,23.4,3.4,34.4,5.6,40.4,8.2,13.4,9.1,5.2,9.1,18.6,9.1,124.2,5.1
2015,Q1,"40,000 - 44,999",8.4,1.9,26.7,3.9,34.6,5.6,34.9,7.1,9.5,6.4,4.1,7.0,13.5,6.6,118.1,4.8
2015,Q1,"45,000 - 49,999",6.0,1.3,18.3,2.7,26.0,4.2,25.4,5.2,9.7,6.6,5.8,10.1,15.5,7.6,91.3,3.7
2015,Q1,"50,000 - 59,999",9.1,2.0,31.1,4.5,36.9,6.0,39.4,8.0,13.1,8.9,6.9,12.0,20.1,9.8,136.6,5.6
2015,Q1,"60,000 - 79,999",10.0,2.2,38.7,5.6,45.8,7.5,43.4,8.8,12.9,8.8,3.2,5.5,16.1,7.9,153.9,6.3
2015,Q1,"≥ 80,000",15.4,3.4,53.6,7.8,57.2,9.3,67.8,13.8,19.7,13.4,7.8,13.5,27.4,13.4,221.4,9.0
2015,Q1,"     80,000 - 99,999",5.1,1.1,21.2,3.1,22.0,3.6,24.5,5.0,6.6,4.5,2.8,4.8,9.4,4.6,82.2,3.4
2015,Q1,"     ≥ 100,000",10.4,2.3,32.3,4.7,35.2,5.7,43.3,8.8,13.0,8.9,5.0,8.7,18.0,8.8,139.2,5.7
2015,Q1,Total,450.0,100.0,690.6,100.0,612.8,100.0,491.4,100.0,146.9,100.0,57.6,100.0,204.5,100.0,2449.4,100.0
2015,Q2,"< 8,000",225.3,49.0,139.6,20.6,19.9,3.1,6.3,1.3,1.2,0.9,0.8,1.4,2.0,1.0,393.0,16.0
2015,Q2,"     < 4,000",84.5,18.4,47.0,6.9,6.5,1.0,3.2,0.6,0.6,0.4,0.5,1.0,1.1,0.6,142.2,5.8
2015,Q2,"     4,000 - 5,999",100.0,21.8,33.1,4.9,3.5,0.5,1.1,0.2,[*7],[*7],[*7],[*7],[*7],[*7],137.9,5.6
2015,Q2,"     6,000 - 7,999",40.8,8.9,59.5,8.8,9.9,1.5,2.0,0.4,0.6,0.4,[*7],[*7],0.7,0.3,112.9,4.6
2015,Q2,"8,000 - 9,999",37.7,8.2,44.5,6.6,21.9,3.4,6.5,1.3,0.8,0.6,[*7],[*7],0.9,0.5,111.5,4.5
2015,Q2,"10,000 - 14,999",54.3,11.8,103.2,15.2,64.2,10.0,31.8,6.5,9.7,6.9,1.6,2.8,11.3,5.8,264.8,10.7
2015,Q2,"15,000 - 19,999",33.8,7.4,69.8,10.3,82.9,12.9,47.9,9.8,12.0,8.5,4.8,8.6,16.7,8.5,251.1,10.2
2015,Q2,"20,000 - 24,999",25.7,5.6,60.2,8.9,87.7,13.7,49.9,10.2,14.7,10.5,5.9,10.6,20.6,10.5,244.2,9.9
2015,Q2,"25,000 - 29,999",12.3,2.7,41.3,6.1,62.0,9.7,48.9,10.0,12.8,9.1,5.6,10.2,18.4,9.4,183.0,7.4
2015,Q2,"30,000 - 34,999",13.0,2.8,43.3,6.4,56.0,8.7,48.1,9.8,14.2,10.1,5.2,9.4,19.4,9.9,179.8,7.3
2015,Q2,"35,000 - 39,999",9.9,2.1,24.3,3.6,42.7,6.7,39.3,8.0,12.8,9.1,4.1,7.3,16.9,8.6,133.1,5.4
2015,Q2,"40,000 - 44,999",9.1,2.0,24.9,3.7,41.5,6.5,35.1,7.2,10.7,7.6,4.8,8.6,15.5,7.9,125.9,5.1
2015,Q2,"45,000 - 49,999",6.1,1.3,13.6,2.0,25.4,4.0,24.7,5.0,7.9,5.6,3.1,5.7,11.1,5.6,80.8,3.3
2015,Q2,"50,000 - 59,999",10.5,2.3,29.3,4.3,34.6,5.4,42.9,8.8,12.2,8.7,5.3,9.6,17.5,9.0,134.9,5.5
2015,Q2,"60,000 - 79,999",8.1,1.8,37.4,5.5,45.3,7.1,42.5,8.7,13.6,9.7,7.2,13.0,20.9,10.7,154.2,6.3
2015,Q2,"≥ 80,000",14.0,3.1,47.0,6.9,56.1,8.8,65.4,13.4,17.8,12.7,7.0,12.6,24.8,12.6,207.3,8.4
2015,Q2,"     80,000 - 99,999",4.6,1.0,16.5,2.4,22.9,3.6,25.0,5.1,7.9,5.6,2.8,5.0,10.6,5.4,79.6,3.2
2015,Q2,"     ≥ 100,000",9.4,2.0,30.5,4.5,33.3,5.2,40.3,8.2,9.9,7.1,4.2,7.6,14.1,7.2,127.7,5.2
2015,Q2,Total,459.7,100.0,678.3,100.0,640.2,100.0,489.4,100.0,140.5,100.0,55.5,100.0,196.0,100.0,2463.6,100.0
2015,Q3,"< 8,000",195.4,42.0,120.1,17.5,24.1,3.8,5.3,1.1,1.1,0.8,[*7],[*7],1.6,0.8,346.6,14.0
2015,Q3,"     < 4,000",76.3,16.4,41.1,6.0,8.6,1.3,2.8,0.6,0.6,0.4,[*7],[*7],0.7,0.4,129.4,5.2
2015,Q3,"     4,000 - 5,999",74.8,16.1,30.8,4.5,5.1,0.8,1.3,0.3,[*7],[*7],[*7],[*7],[*7],[*7],112.1,4.5
2015,Q3,"     6,000 - 7,999",44.3,9.5,48.3,7.0,10.5,1.6,1.2,0.2,[*7],[*7],[*7],[*7],0.7,0.4,105.0,4.2
2015,Q3,"8,000 - 9,999",37.1,8.0,40.2,5.9,14.1,2.2,5.3,1.1,1.3,0.9,[*7],[*7],1.8,0.9,98.4,4.0
2015,Q3,"10,000 - 14,999",84.0,18.0,101.2,14.8,58.6,9.1,28.4,5.7,7.7,5.6,2.1,3.9,9.7,5.1,282.0,11.4
2015,Q3,"15,000 - 19,999",33.9,7.3,88.8,13.0,81.0,12.6,47.3,9.5,11.2,8.2,2.3,4.3,13.6,7.1,264.6,10.7
2015,Q3,"20,000 - 24,999",23.1,5.0,65.4,9.5,81.7,12.7,50.7,10.2,14.1,10.3,5.3,9.8,19.4,10.2,240.2,9.7
2015,Q3,"25,000 - 29,999",14.9,3.2,45.2,6.6,72.6,11.3,48.1,9.6,13.3,9.7,5.4,10.1,18.7,9.8,199.6,8.0
2015,Q3,"30,000 - 34,999",15.4,3.3,39.7,5.8,64.4,10.0,48.4,9.7,12.3,9.0,5.1,9.5,17.4,9.1,185.3,7.5
2015,Q3,"35,000 - 39,999",9.8,2.1,26.2,3.8,48.9,7.6,42.6,8.5,11.6,8.5,4.4,8.3,16.0,8.4,143.5,5.8
2015,Q3,"40,000 - 44,999",5.7,1.2,26.6,3.9,37.2,5.8,36.7,7.3,13.1,9.6,3.3,6.1,16.4,8.6,122.7,4.9
2015,Q3,"45,000 - 49,999",7.1,1.5,18.3,2.7,24.5,3.8,27.6,5.5,8.3,6.0,3.4,6.4,11.7,6.1,89.1,3.6
2015,Q3,"50,000 - 59,999",9.6,2.1,29.1,4.3,38.8,6.0,44.8,9.0,14.3,10.4,6.1,11.4,20.4,10.7,142.8,5.8
2015,Q3,"60,000 - 79,999",12.6,2.7,37.5,5.5,42.0,6.5,49.8,10.0,12.7,9.3,7.3,13.6,20.0,10.5,161.9,6.5
2015,Q3,"≥ 80,000",17.0,3.6,46.8,6.8,53.9,8.4,64.6,12.9,16.0,11.7,8.0,14.9,24.0,12.6,206.3,8.3
2015,Q3,"     80,000 - 99,999",6.1,1.3,15.8,2.3,23.7,3.7,23.4,4.7,5.5,4.0,3.0,5.5,8.5,4.5,77.5,3.1
2015,Q3,"     ≥ 100,000",10.8,2.3,31.1,4.5,30.1,4.7,41.2,8.3,10.5,7.6,5.0,9.4,15.5,8.1,128.8,5.2
2015,Q3,Total,465.6,100.0,685.2,100.0,641.8,100.0,499.8,100.0,137.0,100.0,53.6,100.0,190.6,100.0,2483.0,100.0
2015,Q4,"< 8,000",235.5,51.2,144.5,20.5,22.7,3.6,7.0,1.4,2.4,1.7,[*7],[*7],2.4,1.2,412.1,16.6
2015,Q4,"     < 4,000",85.2,18.5,54.2,7.7,9.2,1.5,3.6,0.7,1.7,1.2,[*7],[*7],1.7,0.9,153.9,6.2
2015,Q4,"     4,000 - 5,999",107.2,23.3,36.8,5.2,3.9,0.6,0.8,0.2,[*7],[*7],[*7],[*7],[*7],[*7],148.7,6.0
2015,Q4,"     6,000 - 7,999",43.2,9.4,53.6,7.6,9.6,1.5,2.6,0.5,0.5,0.4,[*7],[*7],0.5,0.3,109.5,4.4
2015,Q4,"8,000 - 9,999",35.8,7.8,48.0,6.8,17.9,2.8,6.3,1.3,1.6,1.1,[*7],[*7],1.9,1.0,110.0,4.4
2015,Q4,"10,000 - 14,999",51.0,11.1,103.0,14.6,58.2,9.2,31.6,6.5,7.5,5.2,2.1,3.9,9.6,4.9,253.4,10.2
2015,Q4,"15,000 - 19,999",29.7,6.5,77.9,11.0,85.7,13.5,43.5,8.9,11.4,8.0,2.8,5.3,14.2,7.3,251.1,10.1
2015,Q4,"20,000 - 24,999",22.9,5.0,63.3,9.0,82.2,13.0,51.0,10.5,13.5,9.5,5.7,10.6,19.2,9.8,238.5,9.6
2015,Q4,"25,000 - 29,999",13.1,2.9,41.1,5.8,66.5,10.5,48.0,9.9,14.1,9.9,5.8,10.9,19.9,10.2,188.6,7.6
2015,Q4,"30,000 - 34,999",11.7,2.5,36.1,5.1,59.5,9.4,43.1,8.8,13.5,9.5,4.0,7.6,17.6,9.0,168.0,6.8
2015,Q4,"35,000 - 39,999",8.7,1.9,26.8,3.8,39.9,6.3,39.3,8.1,13.4,9.4,5.7,10.8,19.1,9.8,133.9,5.4
2015,Q4,"40,000 - 44,999",8.5,1.8,25.4,3.6,37.0,5.8,33.4,6.9,9.3,6.5,3.4,6.3,12.7,6.5,117.0,4.7
2015,Q4,"45,000 - 49,999",8.0,1.7,19.2,2.7,25.3,4.0,29.6,6.1,8.7,6.1,3.5,6.5,12.1,6.2,94.2,3.8
2015,Q4,"50,000 - 59,999",7.7,1.7,32.2,4.6,41.9,6.6,42.7,8.8,12.0,8.4,5.8,10.9,17.8,9.1,142.4,5.7
2015,Q4,"60,000 - 79,999",11.8,2.6,33.7,4.8,43.4,6.8,46.2,9.5,16.6,11.6,8.1,15.2,24.7,12.6,159.8,6.4
2015,Q4,"≥ 80,000",15.2,3.3,54.1,7.7,53.8,8.5,65.2,13.4,18.7,13.1,6.1,11.4,24.7,12.6,213.1,8.6
2015,Q4,"     80,000 - 99,999",4.9,1.1,19.5,2.8,22.3,3.5,21.8,4.5,7.6,5.4,2.3,4.3,9.9,5.1,78.5,3.2
2015,Q4,"     ≥ 100,000",10.3,2.2,34.6,4.9,31.5,5.0,43.4,8.9,11.0,7.7,3.8,7.0,14.8,7.5,134.6,5.4
2015,Q4,Total,459.7,100.0,705.5,100.0,634.1,100.0,486.9,100.0,142.6,100.0,53.3,100.0,195.9,100.0,2482.0,100.0
2016,Q1,"< 8,000",230.6,49.2,141.7,20.5,19.5,3.0,7.3,1.5,0.8,0.6,[*7],[*7],1.1,0.5,400.2,16.1
2016,Q1,"     < 4,000",83.2,17.7,53.6,7.7,9.2,1.4,3.9,0.8,0.8,0.6,[*7],[*7],0.9,0.5,150.8,6.1
2016,Q1,"     4,000 - 5,999",102.3,21.8,37.6,5.4,2.8,0.4,1.0,0.2,[*7],[*7],[*7],[*7],[*7],[*7],143.6,5.8
2016,Q1,"     6,000 - 7,999",45.1,9.6,50.5,7.3,7.5,1.2,2.4,0.5,[*7],[*7],[*7],[*7],[*7],[*7],105.8,4.3
2016,Q1,"8,000 - 9,999",37.8,8.1,47.6,6.9,19.3,3.0,7.8,1.6,1.4,1.0,0.5,0.9,1.9,1.0,114.4,4.6
2016,Q1,"10,000 - 14,999",57.1,12.2,98.1,14.2,57.2,8.9,34.1,7.1,7.1,5.1,2.8,4.9,9.8,5.1,256.4,10.3
2016,Q1,"15,000 - 19,999",30.9,6.6,72.4,10.5,79.1,12.3,37.0,7.7,11.3,8.2,3.4,6.1,14.8,7.6,234.2,9.4
2016,Q1,"20,000 - 24,999",23.7,5.1,57.6,8.3,80.4,12.5,44.8,9.3,13.3,9.6,3.7,6.6,17.0,8.7,223.4,9.0
2016,Q1,"25,000 - 29,999",14.3,3.1,40.4,5.8,62.8,9.7,47.3,9.8,13.0,9.4,5.6,9.9,18.6,9.5,183.5,7.4
2016,Q1,"30,000 - 34,999",13.2,2.8,38.4,5.5,62.9,9.7,45.3,9.4,11.7,8.5,5.8,10.3,17.5,9.0,177.3,7.1
2016,Q1,"35,000 - 39,999",7.8,1.7,24.2,3.5,41.5,6.4,40.9,8.5,13.6,9.9,4.6,8.1,18.2,9.4,132.7,5.3
2016,Q1,"40,000 - 44,999",7.4,1.6,26.2,3.8,37.8,5.9,31.9,6.6,9.8,7.1,6.2,10.9,16.0,8.2,119.2,4.8
2016,Q1,"45,000 - 49,999",8.2,1.7,16.2,2.3,24.2,3.7,24.0,5.0,7.5,5.4,4.5,7.9,11.9,6.1,84.5,3.4
2016,Q1,"50,000 - 59,999",11.1,2.4,29.2,4.2,43.6,6.7,44.2,9.2,14.3,10.3,7.0,12.3,21.2,10.9,149.2,6.0
2016,Q1,"60,000 - 79,999",9.8,2.1,39.7,5.7,48.4,7.5,50.5,10.5,15.1,10.9,5.9,10.4,21.0,10.8,169.4,6.8
2016,Q1,"≥ 80,000",16.8,3.6,59.5,8.6,68.9,10.7,66.9,13.9,19.2,13.9,6.4,11.3,25.6,13.2,237.8,9.6
2016,Q1,"     80,000 - 99,999",6.0,1.3,21.3,3.1,26.0,4.0,24.7,5.1,6.7,4.8,2.6,4.6,9.3,4.8,87.1,3.5
2016,Q1,"     ≥ 100,000",10.9,2.3,38.3,5.5,42.9,6.7,42.2,8.8,12.6,9.1,3.8,6.6,16.3,8.4,150.7,6.1
2016,Q1,Total,468.8,100.0,691.3,100.0,645.5,100.0,482.0,100.0,138.0,100.0,56.7,100.0,194.7,100.0,2482.3,100.0
2016,Q2,"< 8,000",239.1,49.9,136.4,19.6,20.2,3.2,7.4,1.5,1.4,1.0,0.6,1.1,2.0,1.0,405.0,16.2
2016,Q2,"     < 4,000",85.7,17.9,47.2,6.8,6.9,1.1,3.4,0.7,[*7],[*7],[*7],[*7],0.9,0.5,144.0,5.8
2016,Q2,"     4,000 - 5,999",110.0,22.9,38.9,5.6,3.9,0.6,1.2,0.3,[*7],[*7],[*7],[*7],[*7],[*7],154.4,6.2
2016,Q2,"     6,000 - 7,999",43.4,9.0,50.3,7.2,9.4,1.5,2.7,0.6,0.7,0.5,[*7],[*7],0.8,0.4,106.6,4.3
2016,Q2,"8,000 - 9,999",36.3,7.6,55.6,8.0,18.3,2.9,6.9,1.4,1.3,0.9,[*7],[*7],1.6,0.8,118.7,4.8
2016,Q2,"10,000 - 14,999",58.5,12.2,95.6,13.8,53.9,8.4,28.4,5.8,6.8,5.1,1.4,2.5,8.2,4.3,244.7,9.8
2016,Q2,"15,000 - 19,999",32.6,6.8,72.0,10.4,83.7,13.1,39.7,8.1,11.6,8.6,4.1,7.2,15.6,8.2,243.6,9.8
2016,Q2,"20,000 - 24,999",25.4,5.3,57.9,8.3,74.8,11.7,47.2,9.7,13.4,9.9,4.7,8.2,18.0,9.4,223.3,8.9
2016,Q2,"25,000 - 29,999",12.0,2.5,42.2,6.1,64.0,10.0,50.4,10.3,12.8,9.4,5.4,9.5,18.1,9.5,186.8,7.5
2016,Q2,"30,000 - 34,999",11.7,2.4,39.3,5.6,60.3,9.4,47.7,9.8,13.1,9.7,5.8,10.2,18.9,9.9,177.8,7.1
2016,Q2,"35,000 - 39,999",9.5,2.0,27.0,3.9,46.9,7.3,41.8,8.5,11.8,8.8,5.1,9.0,16.9,8.8,142.1,5.7
2016,Q2,"40,000 - 44,999",9.1,1.9,28.9,4.2,36.7,5.7,35.2,7.2,10.1,7.5,4.3,7.6,14.4,7.5,124.4,5.0
2016,Q2,"45,000 - 49,999",7.8,1.6,20.1,2.9,28.0,4.4,24.6,5.0,8.3,6.2,3.0,5.3,11.3,5.9,91.8,3.7
2016,Q2,"50,000 - 59,999",13.3,2.8,28.7,4.1,46.1,7.2,45.5,9.3,13.7,10.1,6.4,11.3,20.1,10.5,153.6,6.2
2016,Q2,"60,000 - 79,999",10.7,2.2,38.6,5.6,45.9,7.2,46.6,9.5,13.2,9.8,8.9,15.7,22.1,11.5,164.0,6.6
2016,Q2,"≥ 80,000",13.5,2.8,53.2,7.6,61.7,9.6,67.4,13.8,17.5,13.0,6.6,11.7,24.1,12.6,219.9,8.8
2016,Q2,"     80,000 - 99,999",4.7,1.0,19.3,2.8,23.9,3.7,24.9,5.1,6.5,4.8,3.3,5.8,9.7,5.1,82.6,3.3
2016,Q2,"     ≥ 100,000",8.8,1.8,33.8,4.9,37.8,5.9,42.5,8.7,11.0,8.2,3.4,6.0,14.4,7.5,137.3,5.5
2016,Q2,Total,479.5,100.0,695.2,100.0,640.5,100.0,488.8,100.0,135.0,100.0,56.6,100.0,191.6,100.0,2495.6,100.0
2016,Q3,"< 8,000",214.6,44.4,112.6,16.2,18.5,2.9,6.0,1.2,1.2,0.8,[*7],[*7],1.3,0.7,352.9,14.1
2016,Q3,"     < 4,000",71.2,14.7,42.8,6.2,7.8,1.2,3.0,0.6,[*7],[*7],[*7],[*7],0.6,0.3,125.3,5.0
2016,Q3,"     4,000 - 5,999",91.4,18.9,29.3,4.2,5.5,0.9,0.6,0.1,[*7],[*7],[*7],[*7],[*7],[*7],127.0,5.1
2016,Q3,"     6,000 - 7,999",52.0,10.8,40.5,5.8,5.2,0.8,2.4,0.5,0.6,0.4,[*7],[*7],0.6,0.3,100.6,4.0
2016,Q3,"8,000 - 9,999",47.7,9.9,48.7,7.0,16.4,2.6,5.0,1.0,1.5,1.0,0.5,1.0,2.0,1.0,119.8,4.8
2016,Q3,"10,000 - 14,999",59.3,12.3,103.4,14.9,59.7,9.3,25.1,5.1,4.7,3.3,1.5,2.8,6.2,3.2,253.7,10.1
2016,Q3,"15,000 - 19,999",40.3,8.3,81.6,11.8,79.6,12.4,39.8,8.1,11.0,7.8,4.1,7.6,15.2,7.8,256.5,10.2
2016,Q3,"20,000 - 24,999",27.7,5.7,66.1,9.5,75.5,11.8,47.8,9.7,14.8,10.5,4.1,7.5,18.9,9.7,236.1,9.4
2016,Q3,"25,000 - 29,999",15.1,3.1,39.9,5.8,68.1,10.6,45.1,9.2,12.8,9.1,4.7,8.6,17.5,8.9,185.6,7.4
2016,Q3,"30,000 - 34,999",15.4,3.2,42.4,6.1,57.8,9.0,49.4,10.0,12.6,8.9,5.2,9.6,17.8,9.1,182.8,7.3
2016,Q3,"35,000 - 39,999",8.3,1.7,26.7,3.8,47.9,7.5,38.5,7.8,12.0,8.6,6.0,11.1,18.1,9.3,139.4,5.6
2016,Q3,"40,000 - 44,999",7.8,1.6,24.5,3.5,37.1,5.8,34.2,7.0,12.5,8.9,4.2,7.7,16.7,8.5,120.3,4.8
2016,Q3,"45,000 - 49,999",7.6,1.6,16.5,2.4,29.1,4.5,28.5,5.8,7.8,5.6,3.0,5.5,10.8,5.5,92.5,3.7
2016,Q3,"50,000 - 59,999",10.5,2.2,29.4,4.2,41.1,6.4,51.2,10.4,15.4,11.0,5.7,10.5,21.2,10.8,153.3,6.1
2016,Q3,"60,000 - 79,999",11.5,2.4,41.4,6.0,47.9,7.5,52.7,10.7,15.1,10.7,8.1,14.9,23.2,11.9,176.8,7.1
2016,Q3,"≥ 80,000",17.4,3.6,60.2,8.7,61.6,9.6,68.2,13.9,19.3,13.7,7.2,13.2,26.5,13.6,233.9,9.3
2016,Q3,"     80,000 - 99,999",7.5,1.5,23.0,3.3,24.6,3.8,24.9,5.1,7.7,5.5,3.6,6.5,11.3,5.8,91.2,3.6
2016,Q3,"     ≥ 100,000",9.9,2.1,37.2,5.4,37.0,5.8,43.3,8.8,11.6,8.2,3.6,6.6,15.2,7.8,142.7,5.7
2016,Q3,Total,483.2,100.0,693.3,100.0,640.5,100.0,491.5,100.0,140.7,100.0,54.6,100.0,195.2,100.0,2503.8,100.0
2016,Q4,"< 8,000",228.9,48.0,133.2,19.2,22.9,3.5,6.4,1.3,0.9,0.6,[*7],[*7],1.0,0.5,392.4,15.7
2016,Q4,"     < 4,000",85.3,17.9,49.1,7.1,11.3,1.7,3.1,0.6,[*7],[*7],[*7],[*7],[*7],[*7],149.2,6.0
2016,Q4,"     4,000 - 5,999",99.6,20.9,38.6,5.6,4.4,0.7,[*7],[*7],[*7],[*7],[*7],[*7],[*7],[*7],143.4,5.7
2016,Q4,"     6,000 - 7,999",44.0,9.2,45.5,6.5,7.2,1.1,2.9,0.6,[*7],[*7],[*7],[*7],[*7],[*7],99.8,4.0
2016,Q4,"8,000 - 9,999",36.1,7.6,48.7,7.0,18.5,2.8,6.0,1.3,1.0,0.7,[*7],[*7],1.2,0.6,110.5,4.4
2016,Q4,"10,000 - 14,999",62.0,13.0,99.2,14.3,59.1,9.0,25.5,5.3,8.2,5.9,1.3,2.4,9.5,4.9,255.3,10.2
2016,Q4,"15,000 - 19,999",32.4,6.8,75.9,10.9,73.7,11.3,38.0,7.9,10.8,7.7,3.6,6.7,14.4,7.4,234.4,9.4
2016,Q4,"20,000 - 24,999",27.6,5.8,68.7,9.9,74.8,11.4,48.0,10.0,11.3,8.1,4.4,8.3,15.7,8.2,234.8,9.4
2016,Q4,"25,000 - 29,999",15.9,3.3,41.2,5.9,73.5,11.2,46.9,9.7,13.7,9.8,4.1,7.6,17.7,9.2,195.3,7.8
2016,Q4,"30,000 - 34,999",12.2,2.6,37.6,5.4,60.0,9.2,43.8,9.1,12.9,9.3,5.5,10.3,18.5,9.6,172.1,6.9
2016,Q4,"35,000 - 39,999",10.9,2.3,26.3,3.8,50.7,7.8,39.2,8.1,12.1,8.7,4.2,7.8,16.3,8.4,143.3,5.7
2016,Q4,"40,000 - 44,999",7.6,1.6,24.4,3.5,38.7,5.9,34.5,7.2,12.1,8.6,4.9,9.2,17.0,8.8,122.2,4.9
2016,Q4,"45,000 - 49,999",6.7,1.4,13.7,2.0,28.2,4.3,28.7,6.0,8.2,5.9,3.8,7.1,12.0,6.2,89.3,3.6
2016,Q4,"50,000 - 59,999",12.2,2.6,31.5,4.5,40.6,6.2,45.2,9.4,13.2,9.5,7.1,13.2,20.3,10.5,149.8,6.0
2016,Q4,"60,000 - 79,999",8.0,1.7,38.1,5.5,47.3,7.2,49.4,10.3,16.2,11.6,8.0,14.9,24.2,12.5,167.0,6.7
2016,Q4,"≥ 80,000",16.5,3.5,56.7,8.2,66.2,10.1,70.2,14.6,18.9,13.6,6.4,12.0,25.3,13.1,234.8,9.4
2016,Q4,"     80,000 - 99,999",5.7,1.2,19.7,2.8,24.2,3.7,25.2,5.2,7.0,5.0,3.5,6.5,10.5,5.5,85.4,3.4
2016,Q4,"     ≥ 100,000",10.7,2.3,36.9,5.3,42.0,6.4,45.0,9.3,11.9,8.5,2.9,5.4,14.8,7.7,149.4,6.0
2016,Q4,Total,477.0,100.0,695.1,100.0,654.3,100.0,481.8,100.0,139.5,100.0,53.5,100.0,193.0,100.0,2501.2,100.0
2017,Q1,"< 8,000",223.6,48.3,130.0,18.3,17.3,2.6,5.0,1.0,1.7,1.2,[*7],[*7],2.1,1.1,378.1,15.1
2017,Q1,"     < 4,000",85.2,18.4,55.0,7.7,8.3,1.3,2.0,0.4,0.8,0.6,[*7],[*7],1.0,0.5,151.4,6.1
2017,Q1,"     4,000 - 5,999",95.8,20.7,32.7,4.6,2.6,0.4,1.3,0.3,[*7],[*7],[*7],[*7],0.5,0.3,132.9,5.3
2017,Q1,"     6,000 - 7,999",42.6,9.2,42.3,5.9,6.5,1.0,1.7,0.3,[*7],[*7],[*7],[*7],0.6,0.3,93.7,3.7
2017,Q1,"8,000 - 9,999",32.1,6.9,51.8,7.3,19.1,2.9,5.2,1.1,0.8,0.6,[*7],[*7],1.1,0.6,109.4,4.4
2017,Q1,"10,000 - 14,999",57.7,12.5,93.3,13.1,58.4,8.9,25.2,5.3,6.4,4.6,1.7,3.3,8.1,4.3,242.7,9.7
2017,Q1,"15,000 - 19,999",36.7,7.9,79.7,11.2,72.2,10.9,37.5,7.8,10.4,7.5,2.8,5.4,13.2,6.9,239.3,9.6
2017,Q1,"20,000 - 24,999",25.0,5.4,60.2,8.5,78.5,11.9,43.7,9.1,11.8,8.5,3.5,6.7,15.3,8.0,222.7,8.9
2017,Q1,"25,000 - 29,999",13.6,2.9,39.8,5.6,69.8,10.6,41.9,8.8,9.8,7.0,4.6,8.8,14.4,7.5,179.5,7.2
2017,Q1,"30,000 - 34,999",13.0,2.8,43.0,6.1,61.1,9.3,44.2,9.3,15.0,10.8,4.3,8.2,19.3,10.1,180.7,7.2
2017,Q1,"35,000 - 39,999",7.9,1.7,26.5,3.7,45.1,6.8,34.9,7.3,10.0,7.2,3.9,7.4,13.8,7.2,128.3,5.1
2017,Q1,"40,000 - 44,999",8.0,1.7,24.3,3.4,38.1,5.8,34.2,7.2,11.3,8.1,4.9,9.5,16.3,8.5,121.0,4.8
2017,Q1,"45,000 - 49,999",8.0,1.7,19.3,2.7,29.3,4.4,27.0,5.6,7.9,5.7,5.2,10.0,13.1,6.9,96.7,3.9
2017,Q1,"50,000 - 59,999",11.3,2.4,32.6,4.6,44.0,6.7,45.9,9.6,14.9,10.7,6.3,12.1,21.2,11.1,154.9,6.2
2017,Q1,"60,000 - 79,999",9.9,2.1,39.1,5.5,50.4,7.6,53.5,11.2,19.1,13.7,5.6,10.7,24.7,12.9,177.5,7.1
2017,Q1,"≥ 80,000",15.9,3.4,71.9,10.1,76.4,11.6,79.5,16.6,20.0,14.4,8.5,16.4,28.5,14.9,272.2,10.9
2017,Q1,"     80,000 - 99,999",5.9,1.3,24.6,3.5,28.4,4.3,25.4,5.3,7.4,5.3,3.0,5.7,10.4,5.4,94.6,3.8
2017,Q1,"     ≥ 100,000",10.0,2.2,47.3,6.7,48.0,7.3,54.1,11.3,12.6,9.1,5.6,10.7,18.2,9.5,177.6,7.1
2017,Q1,Total,462.9,100.0,711.5,100.0,659.7,100.0,477.7,100.0,139.2,100.0,52.0,100.0,191.2,100.0,2503.0,100.0
2017,Q2,"< 8,000",231.3,48.3,126.2,17.8,18.7,2.8,5.3,1.1,1.0,0.7,[*7],[*7],1.3,0.7,382.9,15.2
2017,Q2,"     < 4,000",89.2,18.6,47.3,6.7,7.8,1.2,2.3,0.5,0.8,0.6,[*7],[*7],1.0,0.5,147.7,5.9
2017,Q2,"     4,000 - 5,999",99.2,20.7,36.7,5.2,3.3,0.5,1.2,0.2,[*7],[*7],[*7],[*7],[*7],[*7],140.5,5.6
2017,Q2,"     6,000 - 7,999",43.0,9.0,42.2,6.0,7.5,1.1,1.8,0.4,[*7],[*7],[*7],[*7],[*7],[*7],94.7,3.8
2017,Q2,"8,000 - 9,999",31.5,6.6,47.1,6.7,18.1,2.8,3.2,0.7,0.6,0.5,[*7],[*7],0.8,0.4,100.8,4.0
2017,Q2,"10,000 - 14,999",60.2,12.6,97.1,13.7,56.1,8.5,31.3,6.4,4.7,3.5,1.5,3.0,6.2,3.4,250.9,10.0
2017,Q2,"15,000 - 19,999",40.9,8.5,78.6,11.1,75.4,11.5,39.3,8.0,12.4,9.2,2.6,5.1,15.0,8.1,249.1,9.9
2017,Q2,"20,000 - 24,999",26.1,5.5,65.1,9.2,78.5,12.0,42.0,8.5,11.0,8.1,3.1,6.1,14.1,7.6,225.8,9.0
2017,Q2,"25,000 - 29,999",15.4,3.2,44.0,6.2,67.0,10.2,42.1,8.5,12.1,8.9,4.6,9.1,16.6,9.0,185.0,7.3
2017,Q2,"30,000 - 34,999",14.6,3.1,41.0,5.8,63.1,9.6,48.5,9.9,14.0,10.3,4.1,8.1,18.0,9.7,185.3,7.4
2017,Q2,"35,000 - 39,999",7.7,1.6,27.5,3.9,46.4,7.1,37.4,7.6,9.7,7.2,4.2,8.4,14.0,7.5,132.9,5.3
2017,Q2,"40,000 - 44,999",8.4,1.8,28.5,4.0,39.7,6.1,36.2,7.4,12.1,8.9,3.7,7.4,15.8,8.5,128.7,5.1
2017,Q2,"45,000 - 49,999",6.3,1.3,17.5,2.5,31.6,4.8,29.4,6.0,7.2,5.3,4.1,8.3,11.3,6.1,96.2,3.8
2017,Q2,"50,000 - 59,999",9.5,2.0,31.9,4.5,42.1,6.4,48.8,9.9,14.9,11.0,5.5,11.0,20.5,11.0,152.7,6.1
2017,Q2,"60,000 - 79,999",11.2,2.3,42.3,6.0,48.4,7.4,54.1,11.0,17.5,12.9,6.5,13.0,24.0,12.9,180.1,7.1
2017,Q2,"≥ 80,000",15.5,3.2,60.3,8.5,71.5,10.9,74.3,15.1,18.4,13.5,9.7,19.4,28.1,15.1,249.8,9.9
2017,Q2,"     80,000 - 99,999",6.0,1.2,23.0,3.3,28.7,4.4,24.1,4.9,7.7,5.7,4.5,9.0,12.3,6.6,94.1,3.7
2017,Q2,"     ≥ 100,000",9.5,2.0,37.3,5.3,42.8,6.5,50.2,10.2,10.6,7.8,5.2,10.4,15.8,8.5,155.7,6.2
2017,Q2,Total,478.7,100.0,707.2,100.0,656.6,100.0,491.9,100.0,135.5,100.0,50.1,100.0,185.7,100.0,2520.1,100.0
2017,Q3,"< 8,000",209.7,43.2,112.1,15.7,21.3,3.2,7.6,1.6,0.6,0.4,[*7],[*7],0.7,0.4,351.3,13.9
2017,Q3,"     < 4,000",77.0,15.9,44.3,6.2,9.2,1.4,3.2,0.6,[*7],[*7],[*7],[*7],[*7],[*7],134.0,5.3
2017,Q3,"     4,000 - 5,999",84.6,17.4,35.3,4.9,4.7,0.7,1.7,0.3,[*7],[*7],[*7],[*7],[*7],[*7],126.3,5.0
2017,Q3,"     6,000 - 7,999",48.1,9.9,32.5,4.6,7.4,1.1,2.8,0.6,[*7],[*7],[*7],[*7],[*7],[*7],91.0,3.6
2017,Q3,"8,000 - 9,999",50.3,10.4,39.6,5.6,12.8,1.9,4.7,1.0,[*7],[*7],[*7],[*7],0.7,0.4,108.1,4.3
2017,Q3,"10,000 - 14,999",65.6,13.5,105.8,14.8,49.0,7.4,22.6,4.6,4.3,3.3,1.1,2.1,5.4,3.0,248.4,9.8
2017,Q3,"15,000 - 19,999",34.5,7.1,86.7,12.1,75.9,11.5,35.8,7.3,9.5,7.2,1.5,2.9,11.0,6.0,244.0,9.6
2017,Q3,"20,000 - 24,999",31.1,6.4,66.3,9.3,75.6,11.4,42.2,8.6,10.4,7.8,3.0,5.9,13.4,7.3,228.6,9.0
2017,Q3,"25,000 - 29,999",16.4,3.4,50.0,7.0,70.5,10.6,43.8,9.0,11.9,9.0,4.0,7.9,15.9,8.7,196.7,7.8
2017,Q3,"30,000 - 34,999",11.3,2.3,42.0,5.9,71.4,10.8,43.8,8.9,10.2,7.7,4.9,9.6,15.0,8.2,183.5,7.2
2017,Q3,"35,000 - 39,999",8.6,1.8,29.0,4.1,50.1,7.6,42.2,8.6,13.1,9.9,5.1,10.1,18.2,9.9,148.1,5.8
2017,Q3,"40,000 - 44,999",8.0,1.6,27.7,3.9,42.1,6.4,34.7,7.1,10.4,7.8,3.3,6.6,13.7,7.5,126.2,5.0
2017,Q3,"45,000 - 49,999",5.3,1.1,17.2,2.4,30.5,4.6,28.3,5.8,8.0,6.0,4.5,8.9,12.5,6.8,93.7,3.7
2017,Q3,"50,000 - 59,999",13.8,2.8,34.0,4.8,44.2,6.7,44.2,9.0,15.0,11.3,5.4,10.7,20.4,11.1,156.6,6.2
2017,Q3,"60,000 - 79,999",12.6,2.6,42.7,6.0,52.2,7.9,60.7,12.4,17.6,13.3,9.4,18.5,27.0,14.7,195.2,7.7
2017,Q3,"≥ 80,000",18.4,3.8,60.6,8.5,66.3,10.0,79.1,16.1,21.4,16.1,8.1,16.0,29.5,16.1,253.9,10.0
2017,Q3,"     80,000 - 99,999",7.3,1.5,20.6,2.9,27.7,4.2,28.9,5.9,9.1,6.9,3.8,7.5,12.9,7.0,97.4,3.8
2017,Q3,"     ≥ 100,000",11.2,2.3,40.0,5.6,38.6,5.8,50.2,10.2,12.3,9.2,4.3,8.5,16.5,9.0,156.5,6.2
2017,Q3,Total,485.6,100.0,713.7,100.0,661.9,100.0,489.7,100.0,132.8,100.0,50.5,100.0,183.3,100.0,2534.2,100.0
2017,Q4,"< 8,000",210.7,45.2,129.8,17.8,19.7,2.9,6.0,1.2,0.8,0.6,[*7],[*7],1.1,0.6,367.3,14.5
2017,Q4,"     < 4,000",79.1,17.0,55.6,7.6,8.7,1.3,3.0,0.6,[*7],[*7],[*7],[*7],[*7],[*7],147.0,5.8
2017,Q4,"     4,000 - 5,999",88.7,19.0,35.5,4.9,5.3,0.8,0.9,0.2,[*7],[*7],[*7],[*7],[*7],[*7],130.6,5.2
2017,Q4,"     6,000 - 7,999",42.8,9.2,38.7,5.3,5.6,0.8,2.0,0.4,[*7],[*7],[*7],[*7],[*7],[*7],89.6,3.5
2017,Q4,"8,000 - 9,999",35.2,7.5,48.6,6.7,17.3,2.6,3.2,0.7,[*7],[*7],[*7],[*7],0.7,0.4,105.0,4.2
2017,Q4,"10,000 - 14,999",62.7,13.5,97.2,13.3,53.2,8.0,19.0,4.0,4.7,3.5,0.6,1.3,5.4,3.0,237.5,9.4
2017,Q4,"15,000 - 19,999",37.2,8.0,81.3,11.1,67.9,10.2,34.4,7.2,7.9,5.9,1.8,3.8,9.7,5.3,230.4,9.1
2017,Q4,"20,000 - 24,999",26.0,5.6,61.7,8.4,74.0,11.1,38.5,8.0,10.0,7.5,3.4,6.9,13.4,7.3,213.6,8.5
2017,Q4,"25,000 - 29,999",13.5,2.9,48.2,6.6,67.1,10.1,46.1,9.6,10.2,7.6,3.3,6.7,13.5,7.4,188.4,7.5
2017,Q4,"30,000 - 34,999",15.8,3.4,42.0,5.7,65.4,9.8,42.0,8.8,12.5,9.3,5.4,11.0,17.9,9.8,183.1,7.2
2017,Q4,"35,000 - 39,999",7.2,1.5,28.7,3.9,52.1,7.8,38.8,8.1,9.4,7.1,4.3,8.9,13.8,7.5,140.5,5.6
2017,Q4,"40,000 - 44,999",10.0,2.1,26.3,3.6,44.1,6.6,39.1,8.2,10.4,7.8,3.9,8.0,14.3,7.9,133.7,5.3
2017,Q4,"45,000 - 49,999",6.9,1.5,20.3,2.8,32.2,4.8,28.8,6.0,10.1,7.6,4.3,8.8,14.4,7.9,102.6,4.1
2017,Q4,"50,000 - 59,999",12.3,2.6,31.6,4.3,48.2,7.2,46.9,9.8,14.9,11.1,6.8,13.9,21.7,11.9,160.7,6.4
2017,Q4,"60,000 - 79,999",12.1,2.6,47.2,6.5,53.1,8.0,59.1,12.3,21.2,15.9,7.4,15.0,28.6,15.7,200.1,7.9
2017,Q4,"≥ 80,000",16.7,3.6,68.2,9.3,72.2,10.8,77.6,16.2,20.8,15.6,7.0,14.4,27.9,15.3,262.6,10.4
2017,Q4,"     80,000 - 99,999",4.0,0.8,25.6,3.5,26.6,4.0,26.1,5.4,8.8,6.6,3.5,7.1,12.2,6.7,94.5,3.7
2017,Q4,"     ≥ 100,000",12.7,2.7,42.6,5.8,45.6,6.8,51.5,10.7,12.1,9.0,3.6,7.3,15.6,8.6,168.1,6.7
2017,Q4,Total,466.3,100.0,730.9,100.0,666.5,100.0,479.5,100.0,133.4,100.0,48.9,100.0,182.3,100.0,2525.5,100.0
2018,Q1,"< 8,000",228.2,47.5,129.4,17.7,17.0,2.6,5.8,1.2,0.7,0.5,[*7],[*7],0.9,0.5,381.3,15.0
2018,Q1,"     < 4,000",91.6,19.1,55.6,7.6,7.8,1.2,2.4,0.5,[*7],[*7],[*7],[*7],[*7],[*7],157.7,6.2
2018,Q1,"     4,000 - 5,999",92.6,19.3,37.2,5.1,4.1,0.6,0.9,0.2,[*7],[*7],[*7],[*7],[*7],[*7],135.1,5.3
2018,Q1,"     6,000 - 7,999",44.1,9.2,36.6,5.0,5.1,0.8,2.6,0.5,[*7],[*7],[*7],[*7],[*7],[*7],88.4,3.5
2018,Q1,"8,000 - 9,999",33.9,7.1,46.9,6.4,15.1,2.3,4.6,1.0,0.6,0.5,[*7],[*7],1.0,0.5,101.5,4.0
2018,Q1,"10,000 - 14,999",62.4,13.0,87.9,12.0,51.7,7.8,18.6,3.8,5.0,3.8,1.2,2.3,6.2,3.4,226.7,8.9
2018,Q1,"15,000 - 19,999",32.2,6.7,79.9,10.9,65.6,9.9,30.5,6.3,8.9,6.9,2.3,4.3,11.2,6.1,219.4,8.6
2018,Q1,"20,000 - 24,999",24.5,5.1,60.0,8.2,68.2,10.3,42.1,8.7,10.7,8.2,3.6,6.9,14.3,7.8,209.1,8.2
2018,Q1,"25,000 - 29,999",14.6,3.0,47.3,6.5,66.2,10.0,39.9,8.2,10.3,7.9,4.6,8.7,14.9,8.2,182.9,7.2
2018,Q1,"30,000 - 34,999",19.3,4.0,40.6,5.5,60.4,9.2,41.3,8.5,11.0,8.5,4.6,8.6,15.6,8.5,177.2,7.0
2018,Q1,"35,000 - 39,999",7.1,1.5,31.2,4.3,51.7,7.8,40.0,8.2,10.3,7.9,5.1,9.5,15.3,8.4,145.4,5.7
2018,Q1,"40,000 - 44,999",9.5,2.0,28.6,3.9,41.5,6.3,36.3,7.5,9.0,7.0,4.7,8.8,13.7,7.5,129.6,5.1
2018,Q1,"45,000 - 49,999",7.0,1.4,22.0,3.0,30.3,4.6,30.1,6.2,8.7,6.7,3.1,5.8,11.7,6.4,101.0,4.0
2018,Q1,"50,000 - 59,999",11.6,2.4,35.1,4.8,50.1,7.6,50.0,10.3,16.4,12.7,5.8,11.0,22.2,12.2,169.0,6.7
2018,Q1,"60,000 - 79,999",12.5,2.6,47.1,6.4,57.9,8.8,59.1,12.2,17.4,13.4,6.9,13.0,24.3,13.3,201.0,7.9
2018,Q1,"≥ 80,000",17.2,3.6,76.2,10.4,84.7,12.8,87.4,18.0,20.7,16.0,10.6,20.0,31.3,17.1,296.7,11.7
2018,Q1,"     80,000 - 99,999",7.3,1.5,30.3,4.1,32.0,4.9,30.7,6.3,7.3,5.6,3.4,6.4,10.7,5.8,110.9,4.4
2018,Q1,"     ≥ 100,000",10.0,2.1,45.9,6.3,52.6,8.0,56.7,11.7,13.4,10.3,7.2,13.6,20.6,11.3,185.8,7.3
2018,Q1,Total,480.0,100.0,732.2,100.0,660.4,100.0,485.5,100.0,129.6,100.0,53.1,100.0,182.7,100.0,2540.8,100.0
2018,Q2,"< 8,000",234.9,47.3,127.2,17.7,17.0,2.6,5.6,1.2,1.3,0.9,[*7],[*7],1.7,0.9,386.4,15.2
2018,Q2,"     < 4,000",91.2,18.4,54.3,7.5,7.4,1.1,2.5,0.5,0.6,0.4,[*7],[*7],0.7,0.4,156.1,6.1
2018,Q2,"     4,000 - 5,999",96.9,19.5,38.4,5.3,4.5,0.7,1.7,0.4,[*7],[*7],[*7],[*7],[*7],[*7],141.7,5.6
2018,Q2,"     6,000 - 7,999",46.7,9.4,34.5,4.8,5.2,0.8,1.4,0.3,[*7],[*7],[*7],[*7],0.8,0.4,88.6,3.5
2018,Q2,"8,000 - 9,999",37.3,7.5,47.7,6.6,14.5,2.2,3.9,0.8,0.6,0.5,[*7],[*7],1.0,0.5,104.4,4.1
2018,Q2,"10,000 - 14,999",61.4,12.4,93.9,13.0,51.3,7.8,21.7,4.5,3.1,2.3,0.8,1.4,3.8,2.0,232.2,9.1
2018,Q2,"15,000 - 19,999",38.5,7.8,78.1,10.8,69.7,10.6,27.9,5.7,9.7,7.3,3.1,5.7,12.8,6.8,227.0,8.9
2018,Q2,"20,000 - 24,999",29.0,5.8,63.4,8.8,70.3,10.7,43.2,8.9,9.7,7.3,4.7,8.5,14.4,7.7,220.3,8.6
2018,Q2,"25,000 - 29,999",15.6,3.1,42.4,5.9,61.0,9.3,39.6,8.1,11.4,8.5,4.9,8.8,16.2,8.6,174.7,6.9
2018,Q2,"30,000 - 34,999",13.6,2.7,39.8,5.5,66.8,10.2,48.5,9.9,11.9,8.9,4.3,7.8,16.2,8.6,184.9,7.3
2018,Q2,"35,000 - 39,999",10.4,2.1,29.1,4.0,51.1,7.8,40.0,8.2,11.6,8.7,4.6,8.3,16.2,8.6,146.7,5.8
2018,Q2,"40,000 - 44,999",7.6,1.5,29.8,4.1,38.2,5.8,34.4,7.1,8.4,6.3,4.7,8.5,13.1,7.0,123.1,4.8
2018,Q2,"45,000 - 49,999",8.4,1.7,19.6,2.7,31.0,4.7,30.2,6.2,9.5,7.1,3.0,5.5,12.5,6.6,101.7,4.0
2018,Q2,"50,000 - 59,999",11.3,2.3,36.6,5.1,47.1,7.2,50.8,10.4,14.5,10.9,6.4,11.5,20.9,11.1,166.7,6.5
2018,Q2,"60,000 - 79,999",12.3,2.5,45.1,6.3,62.0,9.4,59.6,12.2,19.7,14.8,8.2,14.8,27.9,14.8,206.8,8.1
2018,Q2,"≥ 80,000",16.7,3.4,67.6,9.4,76.0,11.6,82.5,16.9,21.9,16.5,10.0,18.0,31.9,16.9,274.6,10.8
2018,Q2,"     80,000 - 99,999",4.5,0.9,24.7,3.4,28.8,4.4,29.4,6.0,8.8,6.6,4.2,7.6,13.0,6.9,100.5,3.9
2018,Q2,"     ≥ 100,000",12.2,2.5,42.9,6.0,47.1,7.2,53.1,10.9,13.1,9.8,5.8,10.4,18.8,10.0,174.2,6.8
2018,Q2,Total,497.0,100.0,720.2,100.0,656.0,100.0,487.9,100.0,133.2,100.0,55.3,100.0,188.5,100.0,2549.6,100.0
2018,Q3,"< 8,000",189.7,38.7,101.2,13.9,14.8,2.2,5.6,1.2,1.3,0.9,[*7],[*7],1.7,0.9,313.0,12.2
2018,Q3,"     < 4,000",72.5,14.8,45.1,6.2,7.8,1.2,3.1,0.7,[*7],[*7],[*7],[*7],0.7,0.3,129.2,5.1
2018,Q3,"     4,000 - 5,999",77.6,15.8,21.1,2.9,2.1,0.3,1.1,0.2,[*7],[*7],[*7],[*7],0.6,0.3,102.5,4.0
2018,Q3,"     6,000 - 7,999",39.6,8.1,35.0,4.8,4.9,0.7,1.3,0.3,[*7],[*7],[*7],[*7],[*7],[*7],81.3,3.2
2018,Q3,"8,000 - 9,999",30.5,6.2,40.6,5.6,10.7,1.6,2.9,0.6,[*7],[*7],[*7],[*7],0.6,0.3,85.3,3.3
2018,Q3,"10,000 - 14,999",99.5,20.3,84.1,11.5,42.1,6.3,16.5,3.5,3.0,2.1,1.2,2.2,4.2,2.1,246.3,9.6
2018,Q3,"15,000 - 19,999",39.7,8.1,95.1,13.0,67.8,10.2,28.0,5.9,7.0,4.9,2.7,4.9,9.6,4.9,240.3,9.4
2018,Q3,"20,000 - 24,999",29.3,6.0,83.4,11.4,69.2,10.4,40.4,8.5,12.0,8.5,3.2,5.8,15.2,7.8,237.4,9.3
2018,Q3,"25,000 - 29,999",17.0,3.5,52.3,7.2,65.2,9.8,36.7,7.7,9.3,6.6,4.1,7.5,13.5,6.9,184.6,7.2
2018,Q3,"30,000 - 34,999",15.7,3.2,47.4,6.5,68.9,10.4,40.9,8.6,11.4,8.1,3.0,5.5,14.4,7.4,187.3,7.3
2018,Q3,"35,000 - 39,999",10.7,2.2,32.1,4.4,51.6,7.8,37.4,7.9,13.3,9.4,4.9,9.0,18.2,9.3,150.0,5.9
2018,Q3,"40,000 - 44,999",9.6,2.0,30.4,4.2,47.8,7.2,37.1,7.8,12.5,8.9,3.9,7.1,16.4,8.4,141.3,5.5
2018,Q3,"45,000 - 49,999",6.5,1.3,19.6,2.7,38.7,5.8,30.6,6.4,10.4,7.4,4.1,7.4,14.4,7.4,109.8,4.3
2018,Q3,"50,000 - 59,999",11.9,2.4,35.2,4.8,51.7,7.8,54.6,11.5,15.7,11.2,7.6,13.9,23.3,11.9,176.7,6.9
2018,Q3,"60,000 - 79,999",13.0,2.7,45.2,6.2,57.2,8.6,63.1,13.3,17.9,12.7,9.2,16.8,27.1,13.9,205.7,8.0
2018,Q3,"≥ 80,000",17.7,3.6,63.1,8.7,80.0,12.0,82.2,17.3,26.5,18.8,10.3,18.9,36.8,18.8,279.9,10.9
2018,Q3,"     80,000 - 99,999",5.6,1.1,24.2,3.3,30.6,4.6,30.6,6.4,11.0,7.8,3.9,7.0,14.8,7.6,105.8,4.1
2018,Q3,"     ≥ 100,000",12.1,2.5,38.9,5.3,49.4,7.4,51.7,10.9,15.5,11.0,6.5,11.8,22.0,11.2,174.1,6.8
2018,Q3,Total,490.7,100.0,729.7,100.0,665.7,100.0,476.0,100.0,140.6,100.0,54.8,100.0,195.5,100.0,2557.5,100.0
2018,Q4,"< 8,000",218.9,45.0,129.6,17.6,18.0,2.7,4.6,1.0,0.8,0.6,0.6,1.0,1.3,0.7,372.4,14.6
2018,Q4,"     < 4,000",94.9,19.5,57.0,7.7,8.2,1.2,2.2,0.5,[*7],[*7],[*7],[*7],[*7],[*7],162.7,6.4
2018,Q4,"     4,000 - 5,999",81.8,16.8,22.5,3.1,2.8,0.4,1.0,0.2,[*7],[*7],[*7],[*7],[*7],[*7],108.6,4.2
2018,Q4,"     6,000 - 7,999",42.3,8.7,50.0,6.8,7.0,1.0,1.4,0.3,[*7],[*7],[*7],[*7],[*7],[*7],101.1,4.0
2018,Q4,"8,000 - 9,999",31.1,6.4,48.7,6.6,11.3,1.7,2.8,0.6,[*7],[*7],0.8,1.4,1.1,0.6,95.0,3.7
2018,Q4,"10,000 - 14,999",59.3,12.2,94.7,12.9,45.9,6.9,16.0,3.4,3.3,2.4,0.9,1.6,4.2,2.2,220.0,8.6
2018,Q4,"15,000 - 19,999",41.9,8.6,80.7,11.0,62.9,9.5,28.0,5.9,7.3,5.3,2.4,4.2,9.7,5.0,223.1,8.7
2018,Q4,"20,000 - 24,999",28.6,5.9,68.8,9.4,73.6,11.1,36.8,7.7,12.3,8.9,4.6,8.2,16.9,8.7,224.7,8.8
2018,Q4,"25,000 - 29,999",16.5,3.4,48.6,6.6,67.9,10.2,34.0,7.1,10.8,7.9,3.5,6.3,14.4,7.4,181.3,7.1
2018,Q4,"30,000 - 34,999",16.7,3.4,43.9,6.0,63.5,9.6,41.7,8.8,11.5,8.4,5.2,9.3,16.8,8.7,182.6,7.1
2018,Q4,"35,000 - 39,999",9.4,1.9,29.6,4.0,52.5,7.9,41.0,8.6,11.3,8.3,5.2,9.2,16.5,8.5,149.0,5.8
2018,Q4,"40,000 - 44,999",10.9,2.2,28.1,3.8,46.6,7.0,40.9,8.6,10.8,7.9,4.5,8.1,15.3,7.9,141.9,5.6
2018,Q4,"45,000 - 49,999",6.3,1.3,21.3,2.9,35.3,5.3,28.7,6.0,9.4,6.9,3.1,5.6,12.5,6.5,104.2,4.1
2018,Q4,"50,000 - 59,999",15.1,3.1,35.4,4.8,50.6,7.6,50.4,10.6,17.5,12.7,8.3,14.7,25.7,13.3,177.2,6.9
2018,Q4,"60,000 - 79,999",13.4,2.7,41.3,5.6,57.3,8.6,65.5,13.8,18.3,13.3,7.1,12.6,25.4,13.1,202.8,7.9
2018,Q4,"≥ 80,000",18.8,3.9,64.8,8.8,79.6,12.0,85.0,17.9,23.6,17.2,9.9,17.6,33.5,17.3,281.7,11.0
2018,Q4,"     80,000 - 99,999",8.5,1.8,20.4,2.8,28.6,4.3,30.4,6.4,8.1,5.9,4.4,7.8,12.4,6.4,100.3,3.9
2018,Q4,"     ≥ 100,000",10.3,2.1,44.4,6.0,51.0,7.7,54.6,11.5,15.5,11.3,5.5,9.8,21.0,10.9,181.4,7.1
2018,Q4,Total,487.0,100.0,735.4,100.0,665.0,100.0,475.3,100.0,137.1,100.0,56.1,100.0,193.2,100.0,2555.9,100.0
2019,Q1,"< 8,000",210.7,43.9,125.7,16.8,19.8,2.9,6.3,1.3,0.6,0.4,[*7],[*7],0.6,0.3,363.1,14.1
2019,Q1,"     < 4,000",92.9,19.3,57.3,7.6,9.6,1.4,3.6,0.7,[*7],[*7],[*7],[*7],[*7],[*7],163.6,6.4
2019,Q1,"     4,000 - 5,999",79.3,16.5,18.7,2.5,3.7,0.5,0.5,0.1,[*7],[*7],[*7],[*7],[*7],[*7],102.2,4.0
2019,Q1,"     6,000 - 7,999",38.5,8.0,49.7,6.6,6.6,1.0,2.2,0.5,[*7],[*7],[*7],[*7],[*7],[*7],97.2,3.8
2019,Q1,"8,000 - 9,999",31.6,6.6,48.9,6.5,11.5,1.7,2.3,0.5,1.0,0.8,[*7],[*7],1.3,0.7,95.6,3.7
2019,Q1,"10,000 - 14,999",56.1,11.7,95.1,12.7,43.5,6.5,17.8,3.7,4.4,3.3,1.1,2.1,5.5,2.9,218.0,8.5
2019,Q1,"15,000 - 19,999",38.4,8.0,81.0,10.8,56.4,8.4,28.1,5.9,7.0,5.3,2.1,4.0,9.1,4.9,213.0,8.3
2019,Q1,"20,000 - 24,999",28.4,5.9,68.7,9.2,68.9,10.2,35.5,7.4,10.9,8.2,2.3,4.5,13.2,7.1,214.8,8.4
2019,Q1,"25,000 - 29,999",17.1,3.6,48.7,6.5,67.1,10.0,34.1,7.1,9.5,7.1,3.4,6.5,12.8,6.9,179.8,7.0
2019,Q1,"30,000 - 34,999",15.8,3.3,45.1,6.0,66.8,9.9,39.6,8.3,11.0,8.2,3.8,7.4,14.8,8.0,182.2,7.1
2019,Q1,"35,000 - 39,999",9.6,2.0,27.5,3.7,49.5,7.3,36.3,7.6,9.5,7.1,5.3,10.2,14.7,7.9,137.6,5.4
2019,Q1,"40,000 - 44,999",10.9,2.3,28.4,3.8,45.3,6.7,35.6,7.4,11.0,8.2,4.4,8.6,15.4,8.3,135.6,5.3
2019,Q1,"45,000 - 49,999",7.7,1.6,19.9,2.7,33.6,5.0,29.1,6.1,9.7,7.3,3.7,7.1,13.4,7.2,103.6,4.0
2019,Q1,"50,000 - 59,999",14.9,3.1,37.6,5.0,54.6,8.1,49.4,10.3,15.2,11.4,7.7,14.9,22.9,12.4,179.5,7.0
2019,Q1,"60,000 - 79,999",15.9,3.3,44.3,5.9,57.9,8.6,62.4,13.1,17.5,13.1,7.2,14.0,24.8,13.4,205.2,8.0
2019,Q1,"≥ 80,000",23.2,4.8,78.5,10.5,98.8,14.7,101.3,21.2,26.2,19.6,10.4,20.1,36.6,19.8,338.5,13.2
2019,Q1,"     80,000 - 99,999",6.6,1.4,27.7,3.7,36.2,5.4,36.1,7.6,8.1,6.1,3.9,7.5,12.0,6.5,118.6,4.6
2019,Q1,"     ≥ 100,000",16.7,3.5,50.8,6.8,62.6,9.3,65.2,13.6,18.2,13.6,6.5,12.6,24.7,13.3,219.9,8.6
2019,Q1,Total,480.4,100.0,749.4,100.0,673.8,100.0,477.7,100.0,133.6,100.0,51.7,100.0,185.2,100.0,2566.5,100.0
2019,Q2,"< 8,000",223.4,44.9,126.0,16.7,17.8,2.7,4.0,0.8,2.1,1.5,[*7],[*7],2.5,1.3,373.7,14.5
2019,Q2,"     < 4,000",100.4,20.2,56.3,7.5,8.4,1.3,2.3,0.5,1.4,1.0,[*7],[*7],1.8,1.0,169.2,6.5
2019,Q2,"     4,000 - 5,999",80.6,16.2,19.4,2.6,2.5,0.4,0.6,0.1,[*7],[*7],[*7],[*7],[*7],[*7],103.4,4.0
2019,Q2,"     6,000 - 7,999",42.4,8.5,50.3,6.7,6.9,1.0,1.2,0.2,[*7],[*7],[*7],[*7],[*7],[*7],101.2,3.9
2019,Q2,"8,000 - 9,999",32.7,6.6,53.4,7.1,11.7,1.8,2.7,0.6,1.1,0.8,[*7],[*7],1.1,0.6,101.6,3.9
2019,Q2,"10,000 - 14,999",56.5,11.4,88.5,11.7,45.2,6.8,20.7,4.3,3.2,2.4,1.5,2.7,4.7,2.5,215.6,8.3
2019,Q2,"15,000 - 19,999",40.0,8.1,83.6,11.1,64.4,9.7,31.2,6.5,6.8,5.0,2.7,5.0,9.5,5.0,228.7,8.8
2019,Q2,"20,000 - 24,999",30.3,6.1,66.4,8.8,73.1,11.0,35.3,7.4,10.0,7.4,3.3,6.2,13.3,7.0,218.3,8.4
2019,Q2,"25,000 - 29,999",18.7,3.8,50.4,6.7,63.4,9.5,36.0,7.5,9.6,7.1,2.9,5.5,12.6,6.7,181.1,7.0
2019,Q2,"30,000 - 34,999",16.6,3.3,43.6,5.8,66.8,10.0,43.1,9.0,11.9,8.8,3.8,7.3,15.8,8.4,185.8,7.2
2019,Q2,"35,000 - 39,999",9.0,1.8,31.1,4.1,51.2,7.7,38.5,8.0,10.2,7.5,4.9,9.3,15.1,8.0,144.9,5.6
2019,Q2,"40,000 - 44,999",11.6,2.3,30.7,4.1,45.5,6.8,33.5,7.0,10.5,7.8,4.7,8.9,15.2,8.1,136.5,5.3
2019,Q2,"45,000 - 49,999",6.8,1.4,19.3,2.6,35.0,5.3,29.4,6.1,10.0,7.4,3.9,7.4,13.9,7.4,104.4,4.0
2019,Q2,"50,000 - 59,999",12.7,2.6,41.8,5.5,49.7,7.5,51.2,10.7,16.2,12.0,7.8,14.7,24.0,12.7,179.5,6.9
2019,Q2,"60,000 - 79,999",16.5,3.3,43.1,5.7,55.1,8.3,64.7,13.5,18.2,13.5,8.9,16.9,27.1,14.4,206.5,8.0
2019,Q2,"≥ 80,000",22.3,4.5,76.6,10.2,87.6,13.1,89.2,18.6,25.6,18.9,8.0,15.1,33.6,17.9,309.4,12.0
2019,Q2,"     80,000 - 99,999",8.3,1.7,28.3,3.8,32.7,4.9,31.4,6.5,11.0,8.1,3.4,6.5,14.4,7.6,115.1,4.4
2019,Q2,"     ≥ 100,000",14.0,2.8,48.3,6.4,54.9,8.2,57.8,12.1,14.7,10.8,4.6,8.6,19.2,10.2,194.3,7.5
2019,Q2,Total,497.1,100.0,754.5,100.0,666.5,100.0,479.5,100.0,135.5,100.0,52.8,100.0,188.4,100.0,2586.0,100.0
2019,Q3,"< 8,000",200.6,39.3,117.8,15.6,15.8,2.4,6.4,1.3,1.6,1.3,[*7],[*7],2.0,1.1,342.5,13.2
2019,Q3,"     < 4,000",83.4,16.3,50.7,6.7,8.2,1.2,3.2,0.7,1.0,0.8,[*7],[*7],1.2,0.6,146.7,5.6
2019,Q3,"     4,000 - 5,999",68.0,13.3,25.4,3.4,3.1,0.5,1.7,0.4,[*7],[*7],[*7],[*7],[*7],[*7],98.3,3.8
2019,Q3,"     6,000 - 7,999",49.1,9.6,41.6,5.5,4.5,0.7,1.5,0.3,0.6,0.5,[*7],[*7],0.8,0.4,97.5,3.7
2019,Q3,"8,000 - 9,999",50.7,9.9,43.8,5.8,10.0,1.5,3.0,0.6,[*7],[*7],[*7],[*7],[*7],[*7],108.0,4.2
2019,Q3,"10,000 - 14,999",65.2,12.8,95.0,12.6,37.8,5.6,15.6,3.2,3.1,2.4,1.3,2.4,4.4,2.4,218.0,8.4
2019,Q3,"15,000 - 19,999",42.2,8.3,97.1,12.9,66.1,9.9,28.8,6.0,6.7,5.1,1.8,3.2,8.5,4.5,242.8,9.3
2019,Q3,"20,000 - 24,999",30.3,5.9,66.7,8.8,74.6,11.1,38.2,7.9,8.6,6.6,3.1,5.6,11.7,6.3,221.5,8.5
2019,Q3,"25,000 - 29,999",20.6,4.0,52.1,6.9,65.8,9.8,41.1,8.5,8.8,6.8,4.5,8.1,13.4,7.2,193.1,7.4
2019,Q3,"30,000 - 34,999",17.1,3.4,46.6,6.2,63.6,9.5,43.8,9.1,9.9,7.6,4.2,7.5,14.1,7.6,185.2,7.1
2019,Q3,"35,000 - 39,999",10.8,2.1,35.5,4.7,51.8,7.7,30.3,6.3,9.7,7.5,3.7,6.6,13.4,7.2,141.9,5.5
2019,Q3,"40,000 - 44,999",11.1,2.2,28.6,3.8,49.8,7.5,40.7,8.4,10.4,8.0,4.4,7.9,14.8,8.0,145.1,5.6
2019,Q3,"45,000 - 49,999",8.7,1.7,19.2,2.5,34.7,5.2,31.2,6.5,9.1,7.0,4.1,7.4,13.2,7.1,107.1,4.1
2019,Q3,"50,000 - 59,999",13.7,2.7,36.2,4.8,54.2,8.1,48.7,10.1,15.7,12.0,6.7,12.1,22.4,12.0,175.3,6.7
2019,Q3,"60,000 - 79,999",15.8,3.1,41.7,5.5,61.0,9.1,57.7,12.0,20.2,15.5,9.8,17.6,30.0,16.1,206.2,7.9
2019,Q3,"≥ 80,000",23.6,4.6,73.9,9.8,83.5,12.5,96.7,20.1,26.1,20.0,11.7,20.9,37.8,20.3,315.4,12.1
2019,Q3,"     80,000 - 99,999",7.3,1.4,27.3,3.6,30.2,4.5,31.4,6.5,11.0,8.4,5.2,9.3,16.1,8.7,112.3,4.3
2019,Q3,"     ≥ 100,000",16.3,3.2,46.6,6.2,53.3,8.0,65.3,13.6,15.1,11.6,6.5,11.7,21.6,11.6,203.1,7.8
2019,Q3,Total,510.6,100.0,754.3,100.0,668.9,100.0,482.2,100.0,130.4,100.0,55.8,100.0,186.2,100.0,2602.2,100.0
2019,Q4,"< 8,000",232.9,45.6,138.2,17.9,21.8,3.3,7.5,1.6,1.3,1.0,[*7],[*7],1.7,0.9,402.2,15.4
2019,Q4,"     < 4,000",109.2,21.4,59.9,7.8,11.6,1.8,4.2,0.9,[*7],[*7],[*7],[*7],0.5,0.3,185.4,7.1
2019,Q4,"     4,000 - 5,999",81.0,15.9,24.6,3.2,3.0,0.5,1.6,0.3,0.6,0.4,[*7],[*7],0.8,0.4,111.1,4.3
2019,Q4,"     6,000 - 7,999",42.7,8.4,53.7,6.9,7.2,1.1,1.7,0.3,[*7],[*7],[*7],[*7],[*7],[*7],105.7,4.0
2019,Q4,"8,000 - 9,999",34.3,6.7,54.5,7.1,12.1,1.8,3.6,0.7,0.6,0.5,[*7],[*7],0.6,0.3,105.1,4.0
2019,Q4,"10,000 - 14,999",58.5,11.5,88.5,11.5,47.3,7.2,16.8,3.5,3.4,2.6,1.3,2.4,4.7,2.5,215.8,8.3
2019,Q4,"15,000 - 19,999",39.2,7.7,87.9,11.4,64.1,9.7,34.9,7.2,8.6,6.5,2.1,3.9,10.7,5.8,236.8,9.1
2019,Q4,"20,000 - 24,999",29.7,5.8,69.9,9.1,69.5,10.5,37.6,7.8,13.0,9.8,5.1,9.6,18.1,9.8,224.8,8.6
2019,Q4,"25,000 - 29,999",18.0,3.5,47.7,6.2,59.0,9.0,35.5,7.3,8.6,6.5,4.6,8.6,13.2,7.1,173.4,6.6
2019,Q4,"30,000 - 34,999",18.5,3.6,46.0,6.0,62.6,9.5,41.6,8.6,11.4,8.6,4.7,8.8,16.0,8.6,184.7,7.1
2019,Q4,"35,000 - 39,999",12.9,2.5,32.3,4.2,45.8,7.0,35.1,7.3,7.1,5.3,3.5,6.7,10.6,5.7,136.8,5.2
2019,Q4,"40,000 - 44,999",11.5,2.2,30.9,4.0,47.8,7.3,33.9,7.0,9.5,7.1,3.8,7.1,13.2,7.1,137.3,5.3
2019,Q4,"45,000 - 49,999",5.3,1.0,20.6,2.7,32.4,4.9,29.3,6.0,9.6,7.2,3.9,7.4,13.5,7.3,101.1,3.9
2019,Q4,"50,000 - 59,999",12.9,2.5,37.5,4.9,55.2,8.4,48.5,10.0,14.9,11.3,5.2,9.8,20.1,10.8,174.2,6.7
2019,Q4,"60,000 - 79,999",16.2,3.2,45.5,5.9,64.4,9.8,65.4,13.5,18.7,14.1,8.3,15.6,26.9,14.5,218.4,8.4
2019,Q4,"≥ 80,000",20.8,4.1,72.9,9.4,76.7,11.6,94.1,19.5,25.9,19.6,10.3,19.4,36.2,19.5,300.8,11.5
2019,Q4,"     80,000 - 99,999",8.0,1.6,27.2,3.5,26.1,4.0,30.2,6.2,8.1,6.1,4.3,8.1,12.4,6.7,103.9,4.0
2019,Q4,"     ≥ 100,000",12.9,2.5,45.7,5.9,50.6,7.7,63.9,13.2,17.8,13.4,6.0,11.3,23.8,12.8,196.9,7.5
2019,Q4,Total,510.8,100.0,772.4,100.0,658.8,100.0,483.8,100.0,132.5,100.0,53.1,100.0,185.6,100.0,2611.4,100.0
2020,Q1,"< 8,000",209.6,39.5,132.1,17.3,23.6,3.6,9.8,2.0,1.9,1.4,0.8,1.4,2.6,1.4,377.7,14.4
2020,Q1,"     < 4,000",100.1,18.9,55.3,7.2,11.6,1.8,4.6,0.9,1.0,0.7,0.6,1.1,1.6,0.8,173.2,6.6
2020,Q1,"     4,000 - 5,999",58.9,11.1,27.0,3.5,4.3,0.7,2.0,0.4,[*7],[*7],[*7],[*7],[*7],[*7],92.5,3.5
2020,Q1,"     6,000 - 7,999",50.6,9.6,49.7,6.5,7.7,1.2,3.2,0.7,0.8,0.6,[*7],[*7],0.8,0.4,112.0,4.3
2020,Q1,"8,000 - 9,999",46.6,8.8,45.5,5.9,15.2,2.3,4.8,1.0,1.1,0.8,[*7],[*7],1.4,0.7,113.4,4.3
2020,Q1,"10,000 - 14,999",62.2,11.7,92.9,12.1,44.1,6.7,21.4,4.4,3.8,2.8,1.1,2.0,4.9,2.6,225.5,8.6
2020,Q1,"15,000 - 19,999",42.0,7.9,85.2,11.1,61.9,9.4,28.6,5.9,8.5,6.4,2.1,3.9,10.6,5.7,228.4,8.7
2020,Q1,"20,000 - 24,999",34.4,6.5,68.6,9.0,65.0,9.9,35.9,7.4,10.8,8.0,5.1,9.6,15.9,8.5,219.8,8.4
2020,Q1,"25,000 - 29,999",20.2,3.8,48.2,6.3,59.0,9.0,32.0,6.6,11.9,8.9,3.7,7.0,15.6,8.4,175.1,6.7
2020,Q1,"30,000 - 34,999",15.8,3.0,43.4,5.7,61.8,9.4,39.8,8.2,8.5,6.4,3.8,7.1,12.3,6.6,173.1,6.6
2020,Q1,"35,000 - 39,999",12.2,2.3,29.0,3.8,49.4,7.5,32.2,6.7,9.0,6.7,4.1,7.7,13.1,7.0,136.0,5.2
2020,Q1,"40,000 - 44,999",12.9,2.4,29.1,3.8,39.1,6.0,35.4,7.3,9.0,6.7,3.8,7.1,12.8,6.8,129.3,4.9
2020,Q1,"45,000 - 49,999",10.5,2.0,19.6,2.6,30.4,4.6,26.7,5.5,10.2,7.6,3.3,6.1,13.5,7.2,100.7,3.8
2020,Q1,"50,000 - 59,999",17.1,3.2,34.3,4.5,54.0,8.2,52.5,10.8,14.0,10.4,4.6,8.6,18.6,9.9,176.4,6.7
2020,Q1,"60,000 - 79,999",19.1,3.6,49.5,6.5,58.6,8.9,59.6,12.3,17.6,13.1,10.6,19.9,28.2,15.1,214.9,8.2
2020,Q1,"≥ 80,000",27.4,5.2,88.3,11.5,94.0,14.3,105.9,21.9,27.8,20.7,10.0,18.9,37.8,20.2,353.6,13.5
2020,Q1,"     80,000 - 99,999",11.3,2.1,32.4,4.2,30.9,4.7,36.6,7.6,9.0,6.7,3.4,6.3,12.4,6.6,123.5,4.7
2020,Q1,"     ≥ 100,000",16.1,3.0,56.0,7.3,63.2,9.6,69.3,14.3,18.8,14.0,6.7,12.5,25.5,13.6,230.0,8.8
2020,Q1,Total,530.0,100.0,765.7,100.0,656.2,100.0,484.6,100.0,134.0,100.0,53.3,100.0,187.3,100.0,2623.8,100.0
2020,Q2,"< 8,000",236.9,44.5,162.4,20.9,32.9,5.0,11.2,2.3,3.0,2.3,1.4,2.6,4.4,2.4,447.9,17.0
2020,Q2,"     < 4,000",109.8,20.6,75.5,9.7,17.4,2.7,6.1,1.3,1.9,1.4,1.0,2.0,2.9,1.6,211.7,8.0
2020,Q2,"     4,000 - 5,999",81.7,15.3,28.5,3.7,5.9,0.9,1.7,0.4,[*7],[*7],[*7],[*7],[*7],[*7],118.2,4.5
2020,Q2,"     6,000 - 7,999",45.5,8.5,58.4,7.5,9.6,1.5,3.3,0.7,1.0,0.7,[*7],[*7],1.1,0.6,117.9,4.5
2020,Q2,"8,000 - 9,999",35.8,6.7,52.6,6.8,17.1,2.6,6.9,1.4,1.5,1.1,[*7],[*7],2.0,1.1,114.4,4.3
2020,Q2,"10,000 - 14,999",56.9,10.7,93.8,12.1,50.3,7.7,25.9,5.4,6.6,4.9,2.0,3.7,8.5,4.6,235.5,8.9
2020,Q2,"15,000 - 19,999",43.9,8.2,88.0,11.3,63.2,9.6,35.0,7.3,7.0,5.3,4.0,7.6,11.0,5.9,241.1,9.2
2020,Q2,"20,000 - 24,999",30.6,5.7,62.7,8.1,71.7,10.9,39.3,8.2,12.2,9.2,5.1,9.7,17.3,9.3,221.5,8.4
2020,Q2,"25,000 - 29,999",14.9,2.8,46.4,6.0,58.3,8.9,34.5,7.2,9.5,7.2,3.4,6.5,13.0,7.0,167.0,6.3
2020,Q2,"30,000 - 34,999",20.3,3.8,39.9,5.1,56.8,8.7,37.1,7.7,12.2,9.2,3.8,7.3,16.0,8.6,170.1,6.5
2020,Q2,"35,000 - 39,999",12.3,2.3,28.2,3.6,50.7,7.7,34.8,7.2,10.7,8.0,3.5,6.7,14.2,7.6,140.2,5.3
2020,Q2,"40,000 - 44,999",12.6,2.4,29.1,3.7,41.1,6.3,38.4,8.0,8.2,6.2,3.8,7.3,12.0,6.5,133.2,5.1
2020,Q2,"45,000 - 49,999",9.2,1.7,18.8,2.4,28.9,4.4,24.8,5.2,6.9,5.2,3.2,6.1,10.2,5.5,91.9,3.5
2020,Q2,"50,000 - 59,999",17.9,3.4,36.2,4.7,40.5,6.2,46.4,9.7,13.7,10.3,5.3,10.0,19.0,10.2,160.0,6.1
2020,Q2,"60,000 - 79,999",16.3,3.1,46.4,6.0,57.7,8.8,59.7,12.4,17.0,12.7,7.9,15.0,24.8,13.4,205.0,7.8
2020,Q2,"≥ 80,000",25.1,4.7,73.8,9.5,86.3,13.2,86.1,17.9,24.5,18.4,8.6,16.4,33.1,17.9,304.5,11.6
2020,Q2,"     80,000 - 99,999",7.8,1.5,26.9,3.5,29.6,4.5,29.2,6.1,7.5,5.6,3.4,6.5,10.9,5.9,104.5,4.0
2020,Q2,"     ≥ 100,000",17.3,3.2,46.9,6.0,56.7,8.7,56.9,11.9,17.0,12.8,5.2,9.9,22.2,12.0,200.0,7.6
2020,Q2,Total,532.6,100.0,778.5,100.0,655.5,100.0,480.2,100.0,133.0,100.0,52.4,100.0,185.5,100.0,2632.2,100.0
2020,Q3,"< 8,000",223.7,41.9,139.9,17.9,30.1,4.5,12.1,2.5,2.6,2.1,0.9,1.9,3.5,2.1,409.3,15.5
2020,Q3,"     < 4,000",104.7,19.6,67.1,8.6,14.5,2.2,5.8,1.2,1.8,1.5,0.6,1.3,2.5,1.5,194.6,7.4
2020,Q3,"     4,000 - 5,999",62.5,11.7,23.0,2.9,6.2,0.9,2.4,0.5,[*7],[*7],[*7],[*7],[*7],[*7],94.2,3.6
2020,Q3,"     6,000 - 7,999",56.6,10.6,49.8,6.4,9.3,1.4,3.9,0.8,0.7,0.6,[*7],[*7],0.9,0.5,120.5,4.6
2020,Q3,"8,000 - 9,999",46.5,8.7,44.4,5.7,15.3,2.3,5.8,1.2,2.0,1.6,[*7],[*7],2.1,1.2,114.2,4.3
2020,Q3,"10,000 - 14,999",61.9,11.6,96.5,12.4,50.1,7.5,21.3,4.4,6.0,5.0,0.8,1.5,6.8,4.0,236.6,8.9
2020,Q3,"15,000 - 19,999",46.5,8.7,99.6,12.7,60.8,9.1,33.0,6.8,10.8,8.9,3.2,6.5,13.9,8.2,253.8,9.6
2020,Q3,"20,000 - 24,999",30.3,5.7,72.4,9.3,73.5,11.0,39.7,8.1,10.5,8.6,3.2,6.6,13.7,8.0,229.5,8.7
2020,Q3,"25,000 - 29,999",16.3,3.0,50.3,6.4,65.7,9.8,38.4,7.9,8.9,7.4,3.2,6.6,12.1,7.1,182.8,6.9
2020,Q3,"30,000 - 34,999",19.0,3.6,41.6,5.3,61.7,9.2,38.9,8.0,8.4,6.9,3.5,7.1,11.9,7.0,173.0,6.5
2020,Q3,"35,000 - 39,999",11.9,2.2,30.4,3.9,48.7,7.3,36.4,7.4,7.7,6.3,3.1,6.4,10.8,6.3,138.2,5.2
2020,Q3,"40,000 - 44,999",14.9,2.8,29.4,3.8,38.9,5.8,34.5,7.1,9.5,7.8,2.7,5.6,12.2,7.2,129.9,4.9
2020,Q3,"45,000 - 49,999",6.2,1.2,20.0,2.6,35.0,5.2,28.2,5.8,7.4,6.1,2.6,5.3,10.0,5.9,99.4,3.8
2020,Q3,"50,000 - 59,999",15.6,2.9,34.5,4.4,53.3,8.0,46.4,9.5,12.0,9.9,5.8,11.8,17.7,10.4,167.6,6.3
2020,Q3,"60,000 - 79,999",16.9,3.2,47.6,6.1,55.8,8.3,56.6,11.6,14.0,11.5,10.0,20.6,24.0,14.1,200.9,7.6
2020,Q3,"≥ 80,000",24.6,4.6,75.0,9.6,80.6,12.0,97.3,19.9,21.6,17.8,9.7,19.8,31.3,18.4,308.7,11.7
2020,Q3,"     80,000 - 99,999",9.1,1.7,25.0,3.2,29.6,4.4,34.0,7.0,5.2,4.3,4.2,8.6,9.4,5.5,107.1,4.1
2020,Q3,"     ≥ 100,000",15.5,2.9,50.0,6.4,50.9,7.6,63.3,13.0,16.4,13.5,5.5,11.2,21.8,12.9,201.6,7.6
2020,Q3,Total,534.5,100.0,781.6,100.0,669.4,100.0,488.6,100.0,121.3,100.0,48.6,100.0,169.9,100.0,2644.0,100.0
2020,Q4,"< 8,000",245.6,44.8,152.9,19.8,30.1,4.5,12.4,2.6,1.9,1.6,0.9,1.8,2.8,1.6,443.9,16.7
2020,Q4,"     < 4,000",116.8,21.3,71.9,9.3,14.1,2.1,7.9,1.6,1.2,1.0,[*7],[*7],1.7,1.0,212.4,8.0
2020,Q4,"     4,000 - 5,999",77.6,14.1,22.0,2.8,5.6,0.8,1.6,0.3,[*7],[*7],[*7],[*7],[*7],[*7],107.1,4.0
2020,Q4,"     6,000 - 7,999",51.3,9.3,59.0,7.6,10.4,1.6,2.9,0.6,0.6,0.5,[*7],[*7],0.8,0.5,124.4,4.7
2020,Q4,"8,000 - 9,999",33.8,6.2,49.0,6.3,17.6,2.6,5.6,1.2,1.8,1.5,0.5,1.0,2.3,1.3,108.3,4.1
2020,Q4,"10,000 - 14,999",62.9,11.5,91.2,11.8,53.6,8.0,22.8,4.7,4.3,3.6,1.5,2.9,5.8,3.4,236.4,8.9
2020,Q4,"15,000 - 19,999",48.2,8.8,87.3,11.3,67.7,10.1,35.1,7.2,8.5,7.1,3.9,7.6,12.5,7.3,250.8,9.5
2020,Q4,"20,000 - 24,999",36.4,6.6,66.7,8.6,75.2,11.2,36.8,7.6,10.4,8.7,3.4,6.6,13.8,8.1,228.8,8.6
2020,Q4,"25,000 - 29,999",16.9,3.1,50.1,6.5,62.5,9.3,36.8,7.6,9.8,8.2,3.6,7.0,13.4,7.8,179.8,6.8
2020,Q4,"30,000 - 34,999",18.6,3.4,44.0,5.7,60.7,9.0,42.8,8.8,9.1,7.7,4.0,7.8,13.2,7.7,179.3,6.8
2020,Q4,"35,000 - 39,999",13.9,2.5,30.3,3.9,45.2,6.7,33.0,6.8,8.9,7.5,2.4,4.6,11.3,6.6,133.6,5.0
2020,Q4,"40,000 - 44,999",12.3,2.2,29.1,3.8,40.3,6.0,34.6,7.1,7.2,6.1,3.1,6.0,10.4,6.1,126.7,4.8
2020,Q4,"45,000 - 49,999",6.9,1.3,21.8,2.8,31.9,4.7,27.8,5.7,8.9,7.4,4.1,7.9,13.0,7.6,101.4,3.8
2020,Q4,"50,000 - 59,999",13.3,2.4,33.3,4.3,49.7,7.4,43.1,8.9,11.9,10.0,5.4,10.3,17.2,10.1,156.6,5.9
2020,Q4,"60,000 - 79,999",18.3,3.3,45.0,5.8,55.4,8.2,58.1,12.0,13.0,10.9,9.4,18.2,22.5,13.1,199.4,7.5
2020,Q4,"≥ 80,000",21.7,3.9,72.9,9.4,83.4,12.4,95.6,19.7,23.6,19.8,9.5,18.3,33.1,19.3,306.7,11.6
2020,Q4,"     80,000 - 99,999",7.2,1.3,27.4,3.5,31.0,4.6,33.7,7.0,8.7,7.3,3.6,6.9,12.4,7.2,111.7,4.2
2020,Q4,"     ≥ 100,000",14.4,2.6,45.5,5.9,52.5,7.8,61.9,12.8,14.9,12.5,5.9,11.3,20.8,12.1,195.0,7.4
2020,Q4,Total,548.9,100.0,773.7,100.0,673.3,100.0,484.5,100.0,119.3,100.0,52.0,100.0,171.3,100.0,2651.7,100.0
2021,Q1,"< 8,000",239.2,44.5,165.5,20.8,35.6,5.3,12.4,2.6,2.2,1.9,0.8,1.8,3.1,1.9,455.8,17.2
2021,Q1,"     < 4,000",124.5,23.2,84.9,10.6,18.8,2.8,6.8,1.4,1.1,1.0,[*7],[*7],1.4,0.9,236.4,8.9
2021,Q1,"     4,000 - 5,999",70.5,13.1,24.3,3.0,7.2,1.1,2.0,0.4,[*7],[*7],[*7],[*7],0.8,0.5,104.8,4.0
2021,Q1,"     6,000 - 7,999",44.2,8.2,56.4,7.1,9.5,1.4,3.7,0.8,0.8,0.6,[*7],[*7],0.9,0.5,114.6,4.3
2021,Q1,"8,000 - 9,999",37.8,7.0,51.9,6.5,17.5,2.6,6.2,1.3,0.8,0.7,[*7],[*7],1.0,0.6,114.4,4.3
2021,Q1,"10,000 - 14,999",57.3,10.7,92.5,11.6,51.3,7.6,23.4,4.9,3.3,2.9,0.9,2.0,4.3,2.6,228.8,8.6
2021,Q1,"15,000 - 19,999",42.6,7.9,82.4,10.3,62.8,9.3,35.3,7.4,8.1,7.0,3.5,7.5,11.6,7.1,234.6,8.9
2021,Q1,"20,000 - 24,999",31.7,5.9,69.3,8.7,68.9,10.2,37.3,7.8,10.0,8.5,4.0,8.5,13.9,8.5,221.2,8.3
2021,Q1,"25,000 - 29,999",17.9,3.3,48.7,6.1,56.6,8.4,35.8,7.5,9.1,7.8,2.9,6.3,12.0,7.4,171.0,6.5
2021,Q1,"30,000 - 34,999",19.8,3.7,44.1,5.5,59.3,8.8,38.1,7.9,10.1,8.7,2.0,4.3,12.1,7.4,173.3,6.5
2021,Q1,"35,000 - 39,999",14.0,2.6,30.2,3.8,40.8,6.1,31.4,6.5,7.2,6.2,2.4,5.2,9.6,5.9,126.0,4.8
2021,Q1,"40,000 - 44,999",11.7,2.2,27.0,3.4,42.4,6.3,32.8,6.8,7.7,6.6,3.5,7.5,11.1,6.8,125.1,4.7
2021,Q1,"45,000 - 49,999",8.1,1.5,20.3,2.6,31.8,4.7,25.6,5.3,6.1,5.2,3.6,7.7,9.6,5.9,95.5,3.6
2021,Q1,"50,000 - 59,999",12.3,2.3,38.4,4.8,50.1,7.4,46.7,9.7,13.6,11.6,6.2,13.4,19.8,12.1,167.2,6.3
2021,Q1,"60,000 - 79,999",20.4,3.8,48.3,6.1,57.0,8.5,54.8,11.4,14.2,12.2,6.0,12.9,20.2,12.4,200.7,7.6
2021,Q1,"≥ 80,000",23.9,4.5,78.3,9.8,100.0,14.8,99.6,20.8,24.3,20.8,10.4,22.5,34.8,21.3,336.6,12.7
2021,Q1,"     80,000 - 99,999",8.0,1.5,28.8,3.6,35.6,5.3,33.7,7.0,8.3,7.1,4.1,8.8,12.4,7.6,118.4,4.5
2021,Q1,"     ≥ 100,000",15.9,3.0,49.6,6.2,64.4,9.6,65.9,13.7,16.1,13.8,6.3,13.7,22.4,13.7,218.2,8.2
2021,Q1,Total,536.9,100.0,796.8,100.0,674.2,100.0,479.4,100.0,116.8,100.0,46.3,100.0,163.1,100.0,2650.3,100.0
2021,Q2,"< 8,000",243.6,44.1,138.6,17.8,26.7,3.9,9.3,1.9,1.3,1.1,0.8,1.8,2.1,1.3,420.2,15.8
2021,Q2,"     < 4,000",110.3,19.9,67.3,8.6,13.4,2.0,5.1,1.1,1.1,0.9,0.7,1.4,1.7,1.1,197.9,7.4
2021,Q2,"     4,000 - 5,999",78.6,14.2,30.6,3.9,5.4,0.8,1.6,0.3,[*7],[*7],[*7],[*7],[*7],[*7],116.5,4.4
2021,Q2,"     6,000 - 7,999",54.7,9.9,40.7,5.2,7.8,1.2,2.5,0.5,[*7],[*7],[*7],[*7],[*7],[*7],105.8,4.0
2021,Q2,"8,000 - 9,999",45.0,8.1,47.9,6.1,13.4,2.0,5.3,1.1,0.8,0.7,[*7],[*7],1.1,0.7,112.7,4.2
2021,Q2,"10,000 - 14,999",60.1,10.9,98.8,12.7,49.7,7.3,22.7,4.7,3.2,2.8,1.0,2.2,4.3,2.6,235.7,8.9
2021,Q2,"15,000 - 19,999",47.7,8.6,88.6,11.4,64.2,9.5,32.2,6.7,6.5,5.7,1.5,3.2,8.0,4.9,240.8,9.1
2021,Q2,"20,000 - 24,999",31.7,5.7,74.9,9.6,70.7,10.4,37.4,7.7,10.5,9.1,3.0,6.4,13.5,8.3,228.4,8.6
2021,Q2,"25,000 - 29,999",18.3,3.3,53.2,6.8,61.8,9.1,37.1,7.7,6.8,5.9,4.1,8.7,10.9,6.7,181.3,6.8
2021,Q2,"30,000 - 34,999",20.1,3.6,46.0,5.9,65.4,9.7,34.2,7.1,9.9,8.6,3.9,8.2,13.8,8.5,179.5,6.8
2021,Q2,"35,000 - 39,999",10.5,1.9,30.2,3.9,50.7,7.5,34.6,7.1,8.7,7.5,4.6,9.6,13.3,8.1,139.3,5.2
2021,Q2,"40,000 - 44,999",13.8,2.5,29.9,3.8,44.3,6.5,35.1,7.3,8.4,7.3,4.6,9.6,12.9,7.9,136.1,5.1
2021,Q2,"45,000 - 49,999",5.5,1.0,20.0,2.6,33.1,4.9,30.8,6.4,7.1,6.1,3.9,8.2,11.0,6.7,100.5,3.8
2021,Q2,"50,000 - 59,999",15.3,2.8,36.8,4.7,48.6,7.2,50.6,10.5,11.5,9.9,6.4,13.5,17.9,11.0,169.1,6.4
2021,Q2,"60,000 - 79,999",18.7,3.4,44.9,5.8,59.4,8.8,63.6,13.1,17.5,15.1,5.4,11.3,22.9,14.0,209.5,7.9
2021,Q2,"≥ 80,000",22.3,4.0,70.4,9.0,89.3,13.2,90.5,18.7,23.3,20.2,8.1,17.0,31.4,19.2,303.7,11.4
2021,Q2,"     80,000 - 99,999",7.1,1.3,24.4,3.1,32.6,4.8,28.7,5.9,8.8,7.7,3.4,7.2,12.3,7.5,105.0,4.0
2021,Q2,"     ≥ 100,000",15.2,2.7,46.0,5.9,56.7,8.4,61.8,12.8,14.5,12.5,4.6,9.7,19.1,11.7,198.8,7.5
2021,Q2,Total,552.7,100.0,780.3,100.0,677.2,100.0,483.5,100.0,115.5,100.0,47.6,100.0,163.2,100.0,2656.8,100.0
2021,Q3,"< 8,000",251.6,44.8,149.1,18.8,27.1,4.1,7.4,1.6,1.5,1.3,[*7],[*7],1.9,1.1,437.1,16.4
2021,Q3,"     < 4,000",127.7,22.8,73.5,9.3,15.6,2.4,3.6,0.8,0.8,0.7,[*7],[*7],1.0,0.6,221.4,8.3
2021,Q3,"     4,000 - 5,999",76.7,13.7,22.7,2.9,4.9,0.7,1.1,0.2,[*7],[*7],[*7],[*7],[*7],[*7],105.7,4.0
2021,Q3,"     6,000 - 7,999",47.1,8.4,52.9,6.7,6.6,1.0,2.8,0.6,[*7],[*7],[*7],[*7],0.5,0.3,110.0,4.1
2021,Q3,"8,000 - 9,999",38.9,6.9,47.2,5.9,13.1,2.0,4.2,0.9,0.6,0.5,[*7],[*7],0.9,0.5,104.2,3.9
2021,Q3,"10,000 - 14,999",62.3,11.1,88.2,11.1,45.4,6.8,16.2,3.4,2.6,2.2,1.2,2.4,3.8,2.3,215.9,8.1
2021,Q3,"15,000 - 19,999",44.6,7.9,92.2,11.6,59.9,9.0,27.7,5.8,9.0,7.6,1.5,2.9,10.4,6.2,234.8,8.8
2021,Q3,"20,000 - 24,999",37.4,6.7,75.8,9.5,78.6,11.8,39.6,8.3,10.9,9.3,3.7,7.4,14.6,8.7,246.0,9.2
2021,Q3,"25,000 - 29,999",18.4,3.3,53.9,6.8,60.4,9.1,35.5,7.5,8.8,7.5,5.3,10.5,14.1,8.4,182.2,6.8
2021,Q3,"30,000 - 34,999",21.4,3.8,47.2,5.9,56.9,8.6,38.8,8.2,9.0,7.7,3.6,7.2,12.6,7.5,176.9,6.6
2021,Q3,"35,000 - 39,999",11.5,2.1,34.6,4.4,46.6,7.0,33.3,7.0,8.4,7.2,4.1,8.1,12.5,7.5,138.5,5.2
2021,Q3,"40,000 - 44,999",11.6,2.1,32.3,4.1,46.3,7.0,36.6,7.7,6.7,5.7,4.1,8.1,10.8,6.5,137.6,5.2
2021,Q3,"45,000 - 49,999",7.6,1.4,22.7,2.9,34.3,5.2,29.2,6.1,5.1,4.4,3.5,7.0,8.6,5.2,102.4,3.8
2021,Q3,"50,000 - 59,999",13.2,2.3,38.2,4.8,52.7,7.9,47.9,10.1,12.6,10.7,5.7,11.4,18.3,10.9,170.2,6.4
2021,Q3,"60,000 - 79,999",21.5,3.8,40.4,5.1,63.3,9.5,66.0,13.9,17.1,14.6,8.0,16.1,25.1,15.0,216.3,8.1
2021,Q3,"≥ 80,000",21.6,3.8,72.7,9.1,80.4,12.1,92.7,19.5,24.8,21.2,8.8,17.6,33.6,20.1,301.0,11.3
2021,Q3,"     80,000 - 99,999",7.5,1.3,24.7,3.1,29.0,4.4,32.5,6.8,9.4,8.0,3.1,6.2,12.5,7.5,106.2,4.0
2021,Q3,"     ≥ 100,000",14.1,2.5,47.9,6.0,51.4,7.7,60.2,12.7,15.5,13.2,5.7,11.4,21.2,12.6,194.8,7.3
2021,Q3,Total,561.4,100.0,794.4,100.0,665.0,100.0,475.2,100.0,117.2,100.0,50.1,100.0,167.3,100.0,2663.3,100.0
2021,Q4,"< 8,000",246.6,44.5,156.7,19.2,24.1,3.6,7.5,1.6,1.1,1.0,[*7],[*7],1.2,0.7,436.1,16.4
2021,Q4,"     < 4,000",127.0,22.9,76.5,9.3,13.9,2.1,4.1,0.9,0.9,0.8,[*7],[*7],1.1,0.7,222.5,8.3
2021,Q4,"     4,000 - 5,999",74.5,13.4,21.9,2.7,2.6,0.4,1.1,0.2,[*7],[*7],[*7],[*7],[*7],[*7],100.2,3.8
2021,Q4,"     6,000 - 7,999",45.1,8.1,58.3,7.1,7.5,1.1,2.4,0.5,[*7],[*7],[*7],[*7],[*7],[*7],113.4,4.3
2021,Q4,"8,000 - 9,999",35.4,6.4,50.6,6.2,10.1,1.5,3.6,0.8,1.3,1.1,[*7],[*7],1.3,0.8,101.0,3.8
2021,Q4,"10,000 - 14,999",58.5,10.5,91.7,11.2,40.7,6.1,14.5,3.1,3.1,2.7,1.2,2.4,4.4,2.6,209.8,7.9
2021,Q4,"15,000 - 19,999",45.5,8.2,88.6,10.8,57.5,8.7,24.3,5.2,6.5,5.7,2.4,4.7,9.0,5.4,224.9,8.4
2021,Q4,"20,000 - 24,999",38.6,7.0,79.5,9.7,70.4,10.6,36.0,7.8,10.1,8.9,2.9,5.6,13.0,7.9,237.5,8.9
2021,Q4,"25,000 - 29,999",20.3,3.7,52.7,6.4,64.5,9.7,36.2,7.8,7.4,6.5,4.1,8.0,11.5,7.0,185.3,6.9
2021,Q4,"30,000 - 34,999",21.2,3.8,51.9,6.3,62.1,9.4,39.1,8.4,9.9,8.7,3.1,6.1,13.1,7.9,187.4,7.0
2021,Q4,"35,000 - 39,999",10.5,1.9,34.0,4.2,52.4,7.9,33.7,7.3,8.3,7.3,4.5,8.7,12.7,7.7,143.3,5.4
2021,Q4,"40,000 - 44,999",13.2,2.4,29.9,3.7,44.2,6.7,38.2,8.2,7.7,6.8,3.8,7.4,11.5,7.0,137.0,5.1
2021,Q4,"45,000 - 49,999",6.4,1.1,21.3,2.6,36.1,5.4,28.4,6.1,7.0,6.1,3.5,6.7,10.4,6.3,102.5,3.8
2021,Q4,"50,000 - 59,999",15.9,2.9,38.3,4.7,53.7,8.1,50.7,10.9,12.3,10.8,6.4,12.5,18.7,11.3,177.4,6.7
2021,Q4,"60,000 - 79,999",16.7,3.0,43.8,5.4,60.6,9.1,57.7,12.4,15.4,13.5,8.3,16.2,23.8,14.4,202.6,7.6
2021,Q4,"≥ 80,000",25.8,4.7,78.8,9.6,87.9,13.2,93.6,20.2,23.8,20.9,10.9,21.3,34.7,21.0,321.0,12.0
2021,Q4,"     80,000 - 99,999",9.0,1.6,26.1,3.2,33.8,5.1,33.9,7.3,9.3,8.2,3.7,7.3,13.1,7.9,115.8,4.3
2021,Q4,"     ≥ 100,000",16.9,3.0,52.7,6.4,54.2,8.2,59.8,12.9,14.4,12.6,7.2,14.0,21.6,13.1,205.2,7.7
2021,Q4,Total,554.8,100.0,817.9,100.0,664.4,100.0,463.6,100.0,113.9,100.0,51.3,100.0,165.2,100.0,2665.9,100.0
2022,Q1,"< 8,000",252.0,44.2,149.6,18.8,30.3,4.5,9.6,2.1,2.7,2.4,0.8,1.6,3.5,2.1,445.1,16.7
2022,Q1,"     < 4,000",126.0,22.1,80.1,10.1,13.4,2.0,4.3,1.0,1.8,1.6,[*7],[*7],2.1,1.3,226.0,8.5
2022,Q1,"     4,000 - 5,999",75.2,13.2,20.2,2.5,7.6,1.1,2.0,0.5,[*7],[*7],[*7],[*7],[*7],[*7],105.5,4.0
2022,Q1,"     6,000 - 7,999",50.8,8.9,49.3,6.2,9.2,1.4,3.3,0.7,0.6,0.5,[*7],[*7],0.9,0.6,113.6,4.3
2022,Q1,"8,000 - 9,999",34.3,6.0,48.5,6.1,16.1,2.4,6.7,1.5,1.2,1.0,[*7],[*7],1.6,0.9,107.3,4.0
2022,Q1,"10,000 - 14,999",55.6,9.8,89.1,11.2,41.6,6.1,16.1,3.6,3.7,3.2,1.0,2.0,4.7,2.8,207.2,7.8
2022,Q1,"15,000 - 19,999",49.1,8.6,91.6,11.5,61.4,9.1,26.1,5.8,6.0,5.1,2.1,4.3,8.1,4.9,236.3,8.9
2022,Q1,"20,000 - 24,999",36.0,6.3,61.3,7.7,67.0,9.9,32.5,7.2,9.7,8.3,4.1,8.2,13.8,8.2,210.5,7.9
2022,Q1,"25,000 - 29,999",21.4,3.8,49.5,6.2,59.4,8.8,32.8,7.3,7.4,6.3,3.1,6.3,10.5,6.3,173.6,6.5
2022,Q1,"30,000 - 34,999",20.1,3.5,51.3,6.4,61.9,9.1,36.3,8.1,9.0,7.7,3.3,6.6,12.3,7.3,181.9,6.8
2022,Q1,"35,000 - 39,999",13.2,2.3,29.2,3.7,48.6,7.2,31.8,7.1,8.0,6.8,4.2,8.4,12.2,7.3,135.1,5.1
2022,Q1,"40,000 - 44,999",13.6,2.4,30.7,3.9,45.1,6.7,32.4,7.2,8.2,7.0,3.1,6.2,11.3,6.8,133.0,5.0
2022,Q1,"45,000 - 49,999",7.1,1.3,21.2,2.7,31.2,4.6,22.6,5.0,7.4,6.4,2.8,5.6,10.2,6.1,92.4,3.5
2022,Q1,"50,000 - 59,999",18.2,3.2,40.6,5.1,51.3,7.6,47.2,10.5,15.2,13.0,6.2,12.4,21.4,12.8,178.7,6.7
2022,Q1,"60,000 - 79,999",19.2,3.4,48.6,6.1,66.3,9.8,59.6,13.3,14.8,12.7,8.1,16.2,23.0,13.8,216.7,8.1
2022,Q1,"≥ 80,000",30.1,5.3,84.7,10.6,97.6,14.4,96.0,21.3,23.4,20.0,10.8,21.6,34.2,20.5,342.6,12.9
2022,Q1,"     80,000 - 99,999",9.8,1.7,29.4,3.7,33.0,4.9,33.5,7.5,8.1,6.9,3.9,7.8,12.0,7.2,117.8,4.4
2022,Q1,"     ≥ 100,000",20.3,3.6,55.3,6.9,64.6,9.5,62.4,13.9,15.3,13.1,7.0,13.9,22.3,13.3,224.9,8.5
2022,Q1,Total,570.0,100.0,795.9,100.0,677.9,100.0,449.6,100.0,116.8,100.0,50.2,100.0,166.9,100.0,2660.4,100.0
2022,Q2,"< 8,000",256.1,44.9,157.0,19.6,35.5,5.3,10.5,2.3,1.5,1.3,0.9,2.0,2.4,1.5,461.5,17.4
2022,Q2,"     < 4,000",126.9,22.3,80.5,10.0,20.4,3.0,7.4,1.6,0.9,0.8,[*7],[*7],1.1,0.7,236.3,8.9
2022,Q2,"     4,000 - 5,999",78.0,13.7,22.9,2.9,6.7,1.0,1.4,0.3,[*7],[*7],[*7],[*7],[*7],[*7],109.4,4.1
2022,Q2,"     6,000 - 7,999",51.2,9.0,53.6,6.7,8.4,1.2,1.7,0.4,[*7],[*7],0.7,1.5,1.0,0.6,115.8,4.4
2022,Q2,"8,000 - 9,999",37.2,6.5,52.7,6.6,17.8,2.6,5.1,1.1,0.9,0.8,[*7],[*7],1.1,0.7,113.9,4.3
2022,Q2,"10,000 - 14,999",58.4,10.2,89.7,11.2,41.0,6.1,15.9,3.5,2.4,2.1,0.8,1.8,3.2,2.0,208.1,7.8
2022,Q2,"15,000 - 19,999",45.5,8.0,89.6,11.2,62.9,9.3,27.4,6.1,6.8,6.1,3.1,6.6,9.9,6.2,235.3,8.9
2022,Q2,"20,000 - 24,999",33.7,5.9,71.9,9.0,69.5,10.3,36.5,8.1,9.0,8.0,3.4,7.3,12.3,7.8,223.9,8.4
2022,Q2,"25,000 - 29,999",22.6,4.0,45.9,5.7,54.3,8.1,34.1,7.6,10.1,9.0,4.4,9.7,14.5,9.2,171.5,6.5
2022,Q2,"30,000 - 34,999",20.5,3.6,46.0,5.7,60.4,9.0,34.9,7.8,7.5,6.6,3.9,8.5,11.4,7.2,173.3,6.5
2022,Q2,"35,000 - 39,999",12.0,2.1,31.8,4.0,49.2,7.3,33.5,7.5,8.6,7.6,3.2,7.0,11.8,7.4,138.3,5.2
2022,Q2,"40,000 - 44,999",14.0,2.5,34.2,4.3,46.4,6.9,32.7,7.3,7.6,6.7,2.7,5.9,10.3,6.5,137.6,5.2
2022,Q2,"45,000 - 49,999",6.8,1.2,19.9,2.5,34.0,5.1,27.0,6.0,7.5,6.6,2.8,6.1,10.3,6.5,98.1,3.7
2022,Q2,"50,000 - 59,999",15.4,2.7,32.8,4.1,56.6,8.4,47.9,10.7,15.0,13.3,4.7,10.2,19.7,12.4,172.5,6.5
2022,Q2,"60,000 - 79,999",20.6,3.6,50.4,6.3,57.9,8.6,57.8,12.9,16.3,14.5,7.2,15.6,23.5,14.8,210.2,7.9
2022,Q2,"≥ 80,000",27.3,4.8,79.9,10.0,88.0,13.1,85.8,19.1,19.5,17.3,8.7,19.0,28.2,17.8,309.2,11.7
2022,Q2,"     80,000 - 99,999",9.0,1.6,30.1,3.8,32.7,4.9,27.9,6.2,8.9,7.9,3.5,7.5,12.4,7.8,112.0,4.2
2022,Q2,"     ≥ 100,000",18.3,3.2,49.8,6.2,55.3,8.2,57.9,12.9,10.6,9.4,5.3,11.5,15.9,10.0,197.2,7.4
2022,Q2,Total,570.1,100.0,801.9,100.0,673.4,100.0,449.2,100.0,112.7,100.0,46.0,100.0,158.7,100.0,2653.4,100.0
2022,Q3,"< 8,000",243.8,42.0,138.1,16.8,26.8,4.1,8.7,1.9,2.3,2.0,[*7],[*7],2.4,1.6,419.8,15.7
2022,Q3,"     < 4,000",110.2,19.0,67.9,8.3,16.3,2.5,5.0,1.1,1.7,1.5,[*7],[*7],1.8,1.2,201.3,7.5
2022,Q3,"     4,000 - 5,999",73.8,12.7,29.5,3.6,5.3,0.8,1.5,0.3,[*7],[*7],[*7],[*7],[*7],[*7],110.0,4.1
2022,Q3,"     6,000 - 7,999",59.7,10.3,40.7,5.0,5.2,0.8,2.1,0.5,0.6,0.5,[*7],[*7],0.6,0.4,108.4,4.1
2022,Q3,"8,000 - 9,999",41.8,7.2,47.0,5.7,14.9,2.2,4.1,0.9,1.1,1.0,0.6,1.4,1.7,1.1,109.5,4.1
2022,Q3,"10,000 - 14,999",68.5,11.8,101.7,12.4,40.4,6.1,10.5,2.3,1.9,1.7,0.7,1.7,2.6,1.7,223.7,8.4
2022,Q3,"15,000 - 19,999",47.7,8.2,92.4,11.2,51.8,7.8,24.8,5.4,5.8,5.2,1.4,3.3,7.2,4.7,223.9,8.4
2022,Q3,"20,000 - 24,999",35.3,6.1,75.6,9.2,64.9,9.8,34.5,7.6,8.0,7.2,1.7,4.0,9.7,6.3,220.0,8.2
2022,Q3,"25,000 - 29,999",20.2,3.5,58.9,7.2,60.7,9.2,36.2,7.9,10.4,9.4,2.8,6.5,13.2,8.6,189.1,7.1
2022,Q3,"30,000 - 34,999",21.6,3.7,49.8,6.1,63.3,9.6,38.2,8.4,9.0,8.1,2.8,6.6,11.8,7.7,184.7,6.9
2022,Q3,"35,000 - 39,999",13.1,2.3,34.5,4.2,50.3,7.6,28.1,6.1,7.6,6.9,3.7,8.8,11.3,7.4,137.3,5.1
2022,Q3,"40,000 - 44,999",14.9,2.6,36.5,4.4,44.2,6.7,37.3,8.2,7.7,7.0,4.6,10.8,12.3,8.0,145.3,5.4
2022,Q3,"45,000 - 49,999",8.3,1.4,22.6,2.7,35.5,5.4,24.0,5.2,8.2,7.4,2.6,6.1,10.8,7.0,101.2,3.8
2022,Q3,"50,000 - 59,999",17.0,2.9,34.8,4.2,58.2,8.8,45.9,10.0,12.0,10.9,6.8,16.0,18.8,12.3,174.7,6.5
2022,Q3,"60,000 - 79,999",20.8,3.6,49.3,6.0,62.2,9.4,66.0,14.4,15.5,14.0,5.2,12.4,20.8,13.5,219.1,8.2
2022,Q3,"≥ 80,000",27.3,4.7,81.3,9.9,88.4,13.4,99.1,21.7,21.4,19.3,9.4,22.2,30.7,20.1,326.8,12.2
2022,Q3,"     80,000 - 99,999",9.0,1.5,28.8,3.5,30.1,4.5,35.9,7.8,9.0,8.1,2.1,5.0,11.1,7.2,114.8,4.3
2022,Q3,"     ≥ 100,000",18.4,3.2,52.5,6.4,58.3,8.8,63.2,13.8,12.4,11.2,7.3,17.2,19.6,12.8,212.0,7.9
2022,Q3,Total,580.3,100.0,822.5,100.0,661.7,100.0,457.3,100.0,110.8,100.0,42.3,100.0,153.2,100.0,2675.1,100.0
2022,Q4,"< 8,000",252.3,44.0,163.5,19.1,28.4,4.2,6.6,1.5,2.1,1.9,[*7],[*7],2.3,1.5,453.2,16.8
2022,Q4,"     < 4,000",136.0,23.7,79.6,9.3,15.3,2.3,4.9,1.1,1.3,1.2,[*7],[*7],1.6,1.0,237.5,8.8
2022,Q4,"     4,000 - 5,999",69.7,12.2,22.3,2.6,5.4,0.8,0.6,0.1,[*7],[*7],[*7],[*7],[*7],[*7],98.6,3.6
2022,Q4,"     6,000 - 7,999",46.6,8.1,61.6,7.2,7.6,1.1,1.1,0.3,[*7],[*7],[*7],[*7],[*7],[*7],117.1,4.3
2022,Q4,"8,000 - 9,999",34.3,6.0,51.5,6.0,10.5,1.5,4.5,1.0,0.8,0.7,0.5,1.1,1.3,0.8,102.1,3.8
2022,Q4,"10,000 - 14,999",60.6,10.6,90.3,10.5,36.0,5.3,12.5,2.9,2.2,2.0,[*7],[*7],2.5,1.6,201.9,7.5
2022,Q4,"15,000 - 19,999",47.4,8.3,97.5,11.4,55.7,8.2,22.7,5.2,6.0,5.4,1.7,3.8,7.7,4.9,231.0,8.5
2022,Q4,"20,000 - 24,999",37.1,6.5,73.9,8.6,62.9,9.2,31.8,7.3,8.7,7.9,1.7,3.8,10.4,6.7,216.2,8.0
2022,Q4,"25,000 - 29,999",23.0,4.0,52.4,6.1,62.5,9.2,28.3,6.5,8.8,8.0,2.9,6.6,11.7,7.6,178.0,6.6
2022,Q4,"30,000 - 34,999",20.8,3.6,54.0,6.3,63.1,9.3,37.6,8.6,7.4,6.6,3.1,7.1,10.5,6.8,186.1,6.9
2022,Q4,"35,000 - 39,999",11.4,2.0,36.7,4.3,52.4,7.7,27.0,6.2,7.8,7.0,4.2,9.5,12.0,7.7,139.5,5.2
2022,Q4,"40,000 - 44,999",15.0,2.6,35.3,4.1,52.3,7.7,33.3,7.6,7.9,7.2,4.4,9.9,12.3,7.9,148.3,5.5
2022,Q4,"45,000 - 49,999",10.3,1.8,25.3,3.0,37.7,5.5,24.8,5.7,9.5,8.6,3.3,7.4,12.8,8.2,110.9,4.1
2022,Q4,"50,000 - 59,999",16.3,2.8,43.8,5.1,63.3,9.3,50.3,11.5,12.5,11.2,5.0,11.3,17.5,11.3,191.2,7.1
2022,Q4,"60,000 - 79,999",17.0,3.0,48.1,5.6,62.4,9.2,62.3,14.2,14.7,13.3,6.5,14.6,21.2,13.6,210.8,7.8
2022,Q4,"≥ 80,000",27.7,4.8,84.5,9.9,92.9,13.7,95.6,21.9,22.5,20.3,10.5,23.7,33.0,21.3,333.8,12.3
2022,Q4,"     80,000 - 99,999",11.4,2.0,31.2,3.6,31.7,4.7,30.4,7.0,7.7,6.9,3.2,7.2,10.8,7.0,115.6,4.3
2022,Q4,"     ≥ 100,000",16.2,2.8,53.3,6.2,61.2,9.0,65.2,14.9,14.8,13.4,7.4,16.5,22.2,14.3,218.1,8.1
2022,Q4,Total,573.1,100.0,857.0,100.0,680.2,100.0,437.4,100.0,110.8,100.0,44.4,100.0,155.3,100.0,2702.9,100.0
2023,Q1,"< 8,000",250.5,42.9,150.3,17.4,27.2,4.0,6.9,1.6,1.4,1.3,[*7],[*7],1.7,1.1,436.6,16.1
2023,Q1,"     < 4,000",116.6,19.9,78.8,9.1,13.7,2.0,3.9,0.9,0.7,0.6,[*7],[*7],0.8,0.5,213.8,7.9
2023,Q1,"     4,000 - 5,999",84.5,14.4,22.3,2.6,4.1,0.6,1.5,0.3,0.6,0.5,[*7],[*7],0.6,0.4,112.9,4.2
2023,Q1,"     6,000 - 7,999",49.5,8.5,49.2,5.7,9.4,1.4,1.5,0.4,[*7],[*7],[*7],[*7],[*7],[*7],109.9,4.1
2023,Q1,"8,000 - 9,999",37.3,6.4,59.6,6.9,12.3,1.8,3.2,0.7,[*7],[*7],[*7],[*7],0.6,0.4,113.0,4.2
2023,Q1,"10,000 - 14,999",58.0,9.9,85.8,9.9,38.4,5.7,11.9,2.8,2.1,1.9,[*7],[*7],2.4,1.5,196.5,7.2
2023,Q1,"15,000 - 19,999",49.7,8.5,97.0,11.2,53.2,7.9,24.0,5.5,7.0,6.3,0.7,1.5,7.7,5.0,231.5,8.5
2023,Q1,"20,000 - 24,999",38.8,6.6,73.9,8.5,59.9,8.9,32.0,7.4,8.2,7.4,2.7,6.0,10.9,7.0,215.5,7.9
2023,Q1,"25,000 - 29,999",22.9,3.9,53.1,6.1,60.3,9.0,27.5,6.3,9.1,8.2,2.1,4.8,11.2,7.2,175.1,6.5
2023,Q1,"30,000 - 34,999",19.5,3.3,48.9,5.7,56.4,8.4,33.3,7.7,7.5,6.8,3.0,6.7,10.5,6.7,168.6,6.2
2023,Q1,"35,000 - 39,999",15.6,2.7,36.9,4.3,54.5,8.1,31.0,7.1,8.4,7.6,2.9,6.6,11.3,7.3,149.3,5.5
2023,Q1,"40,000 - 44,999",15.4,2.6,34.9,4.0,42.3,6.3,30.9,7.1,7.1,6.5,3.3,7.5,10.5,6.8,134.0,4.9
2023,Q1,"45,000 - 49,999",7.6,1.3,25.3,2.9,38.3,5.7,23.3,5.4,7.3,6.6,2.9,6.6,10.3,6.6,104.7,3.9
2023,Q1,"50,000 - 59,999",16.6,2.8,45.4,5.3,55.5,8.3,45.7,10.5,10.4,9.4,6.3,14.2,16.7,10.8,179.9,6.6
2023,Q1,"60,000 - 79,999",24.3,4.2,54.8,6.3,63.1,9.4,57.6,13.3,16.2,14.6,7.4,16.6,23.5,15.2,223.4,8.2
2023,Q1,"≥ 80,000",28.3,4.8,99.1,11.5,110.3,16.4,106.9,24.6,25.4,22.9,12.4,27.9,37.8,24.4,382.4,14.1
2023,Q1,"     80,000 - 99,999",8.8,1.5,35.3,4.1,36.5,5.4,33.8,7.8,9.0,8.2,4.9,11.0,13.9,9.0,128.3,4.7
2023,Q1,"     ≥ 100,000",19.5,3.3,63.9,7.4,73.8,11.0,73.1,16.8,16.3,14.8,7.5,16.8,23.8,15.4,254.1,9.4
2023,Q1,Total,584.5,100.0,865.0,100.0,671.7,100.0,434.4,100.0,110.5,100.0,44.5,100.0,155.0,100.0,2710.6,100.0
2023,Q2,"< 8,000",254.3,43.0,125.2,14.6,23.8,3.5,6.7,1.5,2.0,1.8,[*7],[*7],2.2,1.4,412.3,15.2
2023,Q2,"     < 4,000",87.1,14.7,69.9,8.2,14.1,2.1,4.2,1.0,0.6,0.6,[*7],[*7],0.8,0.5,176.1,6.5
2023,Q2,"     4,000 - 5,999",113.0,19.1,29.4,3.4,6.4,1.0,1.8,0.4,[*7],[*7],[*7],[*7],[*7],[*7],151.0,5.6
2023,Q2,"     6,000 - 7,999",54.2,9.2,25.9,3.0,3.3,0.5,0.7,0.2,1.0,0.9,[*7],[*7],1.0,0.6,85.2,3.1
2023,Q2,"8,000 - 9,999",35.1,5.9,82.7,9.7,15.1,2.2,3.5,0.8,[*7],[*7],[*7],[*7],0.7,0.5,137.0,5.0
2023,Q2,"10,000 - 14,999",63.0,10.6,89.2,10.4,35.3,5.2,9.6,2.2,2.7,2.5,[*7],[*7],3.1,2.0,200.3,7.4
2023,Q2,"15,000 - 19,999",48.8,8.3,89.4,10.4,54.3,8.0,23.7,5.5,6.7,6.1,1.5,3.2,8.3,5.2,224.6,8.3
2023,Q2,"20,000 - 24,999",44.2,7.5,81.9,9.6,62.5,9.2,33.3,7.7,8.9,8.1,2.2,4.7,11.2,7.1,233.1,8.6
2023,Q2,"25,000 - 29,999",26.0,4.4,55.4,6.5,57.7,8.5,27.6,6.4,8.4,7.6,2.5,5.4,10.9,6.9,177.7,6.5
2023,Q2,"30,000 - 34,999",24.3,4.1,54.8,6.4,59.0,8.7,33.4,7.7,7.5,6.8,3.2,6.7,10.6,6.7,182.2,6.7
2023,Q2,"35,000 - 39,999",14.2,2.4,39.1,4.6,50.0,7.4,29.5,6.8,7.8,7.1,4.0,8.5,11.8,7.5,144.6,5.3
2023,Q2,"40,000 - 44,999",12.2,2.1,36.5,4.3,48.7,7.2,30.3,7.0,6.9,6.2,3.5,7.5,10.4,6.6,138.2,5.1
2023,Q2,"45,000 - 49,999",8.6,1.5,24.6,2.9,40.1,5.9,29.6,6.8,6.2,5.6,3.0,6.4,9.2,5.9,112.2,4.1
2023,Q2,"50,000 - 59,999",16.5,2.8,40.8,4.8,59.9,8.8,42.3,9.8,13.1,11.9,5.5,11.5,18.6,11.8,178.1,6.6
2023,Q2,"60,000 - 79,999",18.5,3.1,52.0,6.1,66.9,9.9,60.2,13.9,17.4,15.8,9.3,19.5,26.7,16.9,224.4,8.3
2023,Q2,"≥ 80,000",25.8,4.4,84.2,9.8,103.8,15.3,103.7,23.9,22.2,20.2,11.9,25.0,34.1,21.6,351.6,12.9
2023,Q2,"     80,000 - 99,999",9.0,1.5,30.7,3.6,34.8,5.1,37.9,8.7,6.6,5.9,4.1,8.6,10.6,6.7,123.1,4.5
2023,Q2,"     ≥ 100,000",16.7,2.8,53.5,6.3,68.9,10.2,65.8,15.2,15.7,14.2,7.8,16.4,23.5,14.9,228.5,8.4
2023,Q2,Total,591.4,100.0,856.0,100.0,677.3,100.0,433.5,100.0,110.4,100.0,47.6,100.0,158.0,100.0,2716.1,100.0
2023,Q3,"< 8,000",243.4,40.4,116.4,13.6,23.3,3.5,5.7,1.3,1.3,1.1,[*7],[*7],1.8,1.1,390.5,14.3
2023,Q3,"     < 4,000",83.9,13.9,60.1,7.0,12.8,1.9,3.9,0.9,0.7,0.6,[*7],[*7],1.0,0.6,161.7,5.9
2023,Q3,"     4,000 - 5,999",83.7,13.9,29.0,3.4,5.2,0.8,0.9,0.2,[*7],[*7],[*7],[*7],[*7],[*7],119.1,4.4
2023,Q3,"     6,000 - 7,999",75.7,12.6,27.3,3.2,5.3,0.8,0.9,0.2,[*7],[*7],[*7],[*7],[*7],[*7],109.6,4.0
2023,Q3,"8,000 - 9,999",39.0,6.5,60.7,7.1,12.7,1.9,4.2,1.0,0.8,0.7,[*7],[*7],1.0,0.6,117.7,4.3
2023,Q3,"10,000 - 14,999",68.8,11.4,98.5,11.5,30.2,4.5,8.4,1.9,2.5,2.1,[*7],[*7],2.7,1.7,208.7,7.7
2023,Q3,"15,000 - 19,999",51.9,8.6,102.1,11.9,48.5,7.2,21.3,4.8,6.7,5.8,1.2,2.7,7.9,4.9,231.7,8.5
2023,Q3,"20,000 - 24,999",42.3,7.0,89.2,10.4,65.0,9.7,29.9,6.8,7.9,6.8,2.2,5.3,10.2,6.4,236.6,8.7
2023,Q3,"25,000 - 29,999",26.2,4.3,54.4,6.4,57.9,8.6,32.8,7.5,7.4,6.4,2.0,4.7,9.4,5.9,180.7,6.6
2023,Q3,"30,000 - 34,999",24.9,4.1,52.7,6.2,64.3,9.6,31.7,7.2,8.9,7.7,3.6,8.3,12.4,7.8,186.0,6.8
2023,Q3,"35,000 - 39,999",15.2,2.5,37.0,4.3,55.2,8.3,27.4,6.2,8.4,7.2,3.5,8.1,11.9,7.5,146.8,5.4
2023,Q3,"40,000 - 44,999",15.1,2.5,33.4,3.9,48.2,7.2,29.4,6.7,6.7,5.8,3.4,8.1,10.2,6.4,136.2,5.0
2023,Q3,"45,000 - 49,999",11.5,1.9,24.9,2.9,36.5,5.5,27.3,6.2,6.9,6.0,3.0,6.9,9.9,6.2,110.1,4.0
2023,Q3,"50,000 - 59,999",15.8,2.6,41.7,4.9,62.2,9.3,51.6,11.7,14.3,12.3,4.7,11.0,19.0,12.0,190.2,7.0
2023,Q3,"60,000 - 79,999",22.1,3.7,56.4,6.6,67.9,10.1,66.5,15.1,18.2,15.6,6.8,15.8,24.9,15.7,237.8,8.7
2023,Q3,"≥ 80,000",26.0,4.3,88.0,10.3,97.4,14.6,103.6,23.6,26.1,22.4,11.5,26.9,37.6,23.7,352.6,12.9
2023,Q3,"     80,000 - 99,999",10.8,1.8,32.5,3.8,40.7,6.1,34.9,7.9,8.6,7.4,5.0,11.7,13.6,8.6,132.5,4.9
2023,Q3,"     ≥ 100,000",15.2,2.5,55.5,6.5,56.7,8.5,68.7,15.6,17.5,15.0,6.5,15.3,24.0,15.1,220.2,8.1
2023,Q3,Total,602.0,100.0,855.5,100.0,669.4,100.0,439.8,100.0,116.1,100.0,42.7,100.0,158.8,100.0,2725.5,100.0
2023,Q4,"< 8,000",259.7,43.0,128.6,14.8,21.9,3.3,6.0,1.4,1.6,1.4,[*7],[*7],1.9,1.2,418.2,15.4
2023,Q4,"     < 4,000",88.8,14.7,78.9,9.1,12.1,1.8,3.7,0.9,0.8,0.7,[*7],[*7],0.9,0.6,184.6,6.8
2023,Q4,"     4,000 - 5,999",114.6,19.0,26.8,3.1,4.8,0.7,1.0,0.2,[*7],[*7],[*7],[*7],0.5,0.3,147.8,5.4
2023,Q4,"     6,000 - 7,999",56.3,9.3,22.9,2.6,4.9,0.7,1.3,0.3,[*7],[*7],[*7],[*7],[*7],[*7],85.8,3.2
2023,Q4,"8,000 - 9,999",36.2,6.0,83.0,9.5,14.6,2.2,4.0,0.9,0.8,0.7,0.5,1.1,1.3,0.8,139.1,5.1
2023,Q4,"10,000 - 14,999",61.7,10.2,84.8,9.7,28.0,4.2,10.2,2.4,2.0,1.8,[*7],[*7],2.3,1.5,186.9,6.9
2023,Q4,"15,000 - 19,999",52.8,8.7,84.8,9.7,47.3,7.2,21.1,4.9,6.8,6.1,1.4,3.0,8.1,5.2,214.1,7.9
2023,Q4,"20,000 - 24,999",39.3,6.5,86.2,9.9,63.6,9.6,27.6,6.4,7.6,6.8,2.4,5.3,10.0,6.4,226.8,8.3
2023,Q4,"25,000 - 29,999",24.6,4.1,53.2,6.1,56.4,8.5,32.8,7.6,7.3,6.5,3.9,8.5,11.2,7.1,178.3,6.5
2023,Q4,"30,000 - 34,999",24.1,4.0,52.2,6.0,63.1,9.6,30.4,7.0,6.9,6.2,4.2,9.2,11.1,7.1,180.9,6.6
2023,Q4,"35,000 - 39,999",13.4,2.2,40.4,4.6,49.2,7.5,26.6,6.2,7.7,6.9,2.8,6.0,10.5,6.7,140.0,5.1
2023,Q4,"40,000 - 44,999",16.6,2.8,31.7,3.6,51.3,7.8,28.4,6.6,6.8,6.2,2.2,4.7,9.0,5.7,137.1,5.0
2023,Q4,"45,000 - 49,999",11.0,1.8,28.6,3.3,42.5,6.4,28.9,6.7,8.6,7.7,2.7,5.9,11.3,7.2,122.2,4.5
2023,Q4,"50,000 - 59,999",15.0,2.5,46.3,5.3,59.8,9.1,50.9,11.8,11.6,10.5,4.2,9.2,15.9,10.1,187.8,6.9
2023,Q4,"60,000 - 79,999",22.8,3.8,56.5,6.5,68.8,10.4,62.2,14.4,18.2,16.4,8.9,19.5,27.1,17.3,237.5,8.7
2023,Q4,"≥ 80,000",27.0,4.5,93.6,10.8,93.5,14.2,102.1,23.7,25.3,22.7,12.1,26.5,37.4,23.8,353.6,13.0
2023,Q4,"     80,000 - 99,999",10.6,1.8,31.4,3.6,32.4,4.9,31.9,7.4,9.3,8.4,4.9,10.7,14.2,9.0,120.5,4.4
2023,Q4,"     ≥ 100,000",16.4,2.7,62.2,7.1,61.2,9.3,70.2,16.3,16.0,14.4,7.2,15.8,23.2,14.8,233.1,8.6
2023,Q4,Total,604.3,100.0,869.9,100.0,660.2,100.0,431.1,100.0,111.2,100.0,45.8,100.0,157.0,100.0,2722.6,100.0
2024,Q1,"< 8,000",263.3,42.8,129.6,14.9,21.0,3.1,5.8,1.3,1.8,1.7,[*7],[*7],1.9,1.3,421.5,15.4
2024,Q1,"     < 4,000",95.1,15.5,79.0,9.1,12.0,1.8,2.5,0.6,[*7],[*7],[*7],[*7],[*7],[*7],189.2,6.9
2024,Q1,"     4,000 - 5,999",108.4,17.6,26.9,3.1,4.6,0.7,1.6,0.4,0.6,0.6,[*7],[*7],0.6,0.4,142.2,5.2
2024,Q1,"     6,000 - 7,999",59.7,9.7,23.6,2.7,4.4,0.7,1.6,0.4,0.7,0.6,[*7],[*7],0.8,0.5,90.2,3.3
2024,Q1,"8,000 - 9,999",39.5,6.4,83.3,9.6,17.4,2.6,3.6,0.8,1.0,1.0,[*7],[*7],1.5,1.0,145.3,5.3
2024,Q1,"10,000 - 14,999",59.9,9.7,81.7,9.4,30.7,4.6,10.9,2.5,1.4,1.4,[*7],[*7],1.7,1.1,184.9,6.8
2024,Q1,"15,000 - 19,999",48.7,7.9,92.6,10.6,47.6,7.1,19.1,4.4,4.8,4.6,1.7,3.9,6.4,4.4,214.4,7.8
2024,Q1,"20,000 - 24,999",42.3,6.9,80.0,9.2,60.6,9.1,31.1,7.1,6.9,6.6,1.8,4.3,8.7,5.9,222.7,8.1
2024,Q1,"25,000 - 29,999",24.1,3.9,58.0,6.7,56.2,8.4,27.7,6.3,5.3,5.1,4.3,10.3,9.6,6.6,175.6,6.4
2024,Q1,"30,000 - 34,999",23.7,3.9,51.4,5.9,59.4,8.9,31.6,7.2,8.5,8.1,2.4,5.7,10.8,7.4,176.9,6.5
2024,Q1,"35,000 - 39,999",14.4,2.3,36.9,4.2,50.1,7.5,26.1,6.0,7.2,6.9,3.1,7.3,10.3,7.0,137.8,5.0
2024,Q1,"40,000 - 44,999",15.0,2.4,34.8,4.0,48.7,7.3,31.5,7.2,6.1,5.8,3.0,7.1,9.1,6.2,139.0,5.1
2024,Q1,"45,000 - 49,999",7.4,1.2,25.0,2.9,35.2,5.3,25.2,5.8,6.1,5.9,2.8,6.6,8.9,6.1,101.7,3.7
2024,Q1,"50,000 - 59,999",19.9,3.2,42.4,4.9,61.7,9.2,46.6,10.6,12.3,11.8,4.7,11.1,17.0,11.6,187.6,6.9
2024,Q1,"60,000 - 79,999",26.0,4.2,57.5,6.6,74.0,11.1,63.9,14.6,15.8,15.1,5.7,13.7,21.5,14.7,243.0,8.9
2024,Q1,"≥ 80,000",30.6,5.0,99.1,11.4,104.7,15.7,114.0,26.1,27.2,26.1,11.7,27.9,38.9,26.6,387.4,14.1
2024,Q1,"     80,000 - 99,999",12.3,2.0,31.2,3.6,38.6,5.8,37.8,8.7,9.6,9.2,4.6,10.8,14.2,9.7,134.1,4.9
2024,Q1,"     ≥ 100,000",18.3,3.0,68.0,7.8,66.1,9.9,76.2,17.4,17.6,16.8,7.1,17.0,24.7,16.9,253.3,9.3
2024,Q1,Total,614.8,100.0,872.3,100.0,667.3,100.0,437.2,100.0,104.4,100.0,42.0,100.0,146.4,100.0,2738.0,100.0
2024,Q2,"< 8,000",273.1,43.3,126.0,14.5,23.8,3.5,7.2,1.6,[*7],[*7],[*7],[*7],0.7,0.5,430.8,15.7
2024,Q2,"     < 4,000",98.8,15.7,73.9,8.5,12.1,1.8,4.5,1.0,[*7],[*7],[*7],[*7],0.6,0.4,189.8,6.9
2024,Q2,"     4,000 - 5,999",114.4,18.2,29.3,3.4,5.5,0.8,1.3,0.3,[*7],[*7],[*7],[*7],[*7],[*7],150.6,5.5
2024,Q2,"     6,000 - 7,999",59.8,9.5,22.8,2.6,6.3,0.9,1.4,0.3,[*7],[*7],[*7],[*7],[*7],[*7],90.4,3.3
2024,Q2,"8,000 - 9,999",40.6,6.4,83.8,9.6,14.6,2.2,4.6,1.0,0.9,0.9,[*7],[*7],1.1,0.8,144.8,5.3
2024,Q2,"10,000 - 14,999",63.2,10.0,89.8,10.3,35.7,5.3,10.6,2.4,1.2,1.2,[*7],[*7],1.5,1.1,200.8,7.3
2024,Q2,"15,000 - 19,999",53.1,8.4,85.3,9.8,48.5,7.2,21.3,4.8,4.4,4.3,0.8,2.2,5.2,3.8,213.4,7.8
2024,Q2,"20,000 - 24,999",36.5,5.8,88.0,10.1,64.7,9.6,29.0,6.6,6.6,6.5,2.2,5.9,8.7,6.3,226.9,8.2
2024,Q2,"25,000 - 29,999",28.0,4.4,54.6,6.3,53.6,8.0,27.8,6.3,8.2,8.0,1.8,4.8,9.9,7.2,173.9,6.3
2024,Q2,"30,000 - 34,999",26.6,4.2,52.4,6.0,57.0,8.5,32.3,7.3,7.5,7.4,2.4,6.5,10.0,7.2,178.3,6.5
2024,Q2,"35,000 - 39,999",14.0,2.2,39.6,4.6,50.8,7.6,24.4,5.5,7.6,7.5,3.6,9.6,11.2,8.1,140.0,5.1
2024,Q2,"40,000 - 44,999",17.9,2.8,34.4,4.0,45.3,6.7,27.7,6.3,9.1,9.0,3.5,9.3,12.6,9.1,137.9,5.0
2024,Q2,"45,000 - 49,999",9.0,1.4,25.2,2.9,38.2,5.7,25.8,5.9,5.0,4.9,2.0,5.3,6.9,5.0,105.2,3.8
2024,Q2,"50,000 - 59,999",17.4,2.8,39.9,4.6,58.4,8.7,48.2,10.9,13.6,13.4,5.2,13.9,18.8,13.6,182.8,6.6
2024,Q2,"60,000 - 79,999",23.7,3.8,59.7,6.9,72.8,10.8,70.0,15.9,15.2,15.0,5.0,13.5,20.3,14.6,246.5,9.0
2024,Q2,"≥ 80,000",27.0,4.3,90.0,10.4,108.8,16.2,112.1,25.4,21.8,21.5,9.9,26.7,31.7,22.9,369.6,13.4
2024,Q2,"     80,000 - 99,999",10.4,1.6,30.6,3.5,38.4,5.7,37.7,8.6,9.1,9.0,4.2,11.3,13.3,9.6,130.5,4.7
2024,Q2,"     ≥ 100,000",16.6,2.6,59.4,6.8,70.4,10.5,74.3,16.9,12.7,12.5,5.7,15.4,18.4,13.3,239.1,8.7
2024,Q2,Total,630.0,100.0,868.8,100.0,672.4,100.0,441.0,100.0,101.5,100.0,37.1,100.0,138.6,100.0,2750.8,100.0
2024,Q3,"< 8,000",265.0,41.5,124.6,14.1,21.6,3.2,7.7,1.8,1.5,1.5,[*7],[*7],1.8,1.3,420.6,15.2
2024,Q3,"     < 4,000",97.9,15.3,67.8,7.7,12.9,1.9,4.7,1.1,1.1,1.1,[*7],[*7],1.2,0.9,184.5,6.7
2024,Q3,"     4,000 - 5,999",87.3,13.7,31.6,3.6,4.7,0.7,1.5,0.4,[*7],[*7],[*7],[*7],[*7],[*7],125.5,4.5
2024,Q3,"     6,000 - 7,999",79.8,12.5,25.1,2.8,4.0,0.6,1.5,0.3,[*7],[*7],[*7],[*7],[*7],[*7],110.6,4.0
2024,Q3,"8,000 - 9,999",48.6,7.6,67.1,7.6,14.6,2.2,3.9,0.9,0.5,0.5,[*7],[*7],0.5,0.4,134.7,4.9
2024,Q3,"10,000 - 14,999",64.5,10.1,94.9,10.8,27.8,4.1,7.6,1.8,1.2,1.1,[*7],[*7],1.5,1.1,196.4,7.1
2024,Q3,"15,000 - 19,999",51.8,8.1,91.8,10.4,50.0,7.4,21.3,5.0,2.9,2.8,1.1,2.8,4.0,2.8,218.9,7.9
2024,Q3,"20,000 - 24,999",42.7,6.7,84.2,9.5,62.7,9.3,29.1,6.9,7.1,6.9,2.3,5.8,9.3,6.6,228.0,8.3
2024,Q3,"25,000 - 29,999",27.3,4.3,54.1,6.1,53.1,7.9,26.4,6.2,8.7,8.4,2.8,7.0,11.4,8.0,172.4,6.2
2024,Q3,"30,000 - 34,999",27.3,4.3,59.3,6.7,57.9,8.6,36.2,8.6,8.6,8.3,3.0,7.6,11.6,8.1,192.3,7.0
2024,Q3,"35,000 - 39,999",14.0,2.2,38.7,4.4,48.7,7.2,26.5,6.3,7.3,7.0,3.7,9.4,10.9,7.7,138.9,5.0
2024,Q3,"40,000 - 44,999",14.8,2.3,37.4,4.2,53.6,8.0,29.0,6.9,7.7,7.4,2.2,5.7,9.9,6.9,144.8,5.2
2024,Q3,"45,000 - 49,999",9.9,1.5,26.7,3.0,40.2,6.0,23.1,5.5,8.1,7.8,3.4,8.7,11.5,8.0,111.4,4.0
2024,Q3,"50,000 - 59,999",19.8,3.1,50.7,5.7,54.5,8.1,44.1,10.4,9.2,8.9,5.4,13.8,14.6,10.3,183.7,6.7
2024,Q3,"60,000 - 79,999",22.2,3.5,58.5,6.6,77.5,11.5,62.1,14.7,15.1,14.6,4.3,10.9,19.4,13.6,239.7,8.7
2024,Q3,"≥ 80,000",30.7,4.8,94.3,10.7,111.8,16.6,106.3,25.1,25.5,24.7,10.5,26.8,36.0,25.3,379.2,13.7
2024,Q3,"     80,000 - 99,999",12.5,2.0,35.7,4.0,36.8,5.5,37.2,8.8,12.0,11.6,3.9,10.0,15.9,11.2,138.2,5.0
2024,Q3,"     ≥ 100,000",18.2,2.8,58.6,6.6,75.0,11.1,69.1,16.3,13.5,13.1,6.6,16.8,20.1,14.1,240.9,8.7
2024,Q3,Total,638.6,100.0,882.4,100.0,674.1,100.0,423.3,100.0,103.2,100.0,39.3,100.0,142.5,100.0,2760.9,100.0
2024,Q4,"< 8,000",268.0,42.2,131.4,14.8,22.9,3.4,6.9,1.7,0.7,0.7,[*7],[*7],0.9,0.6,430.2,15.6
2024,Q4,"     < 4,000",92.8,14.6,78.4,8.8,13.2,1.9,4.2,1.0,[*7],[*7],[*7],[*7],[*7],[*7],189.0,6.9
2024,Q4,"     4,000 - 5,999",111.9,17.6,30.9,3.5,4.4,0.7,1.7,0.4,[*7],[*7],[*7],[*7],[*7],[*7],149.1,5.4
2024,Q4,"     6,000 - 7,999",63.3,10.0,22.1,2.5,5.3,0.8,1.0,0.2,[*7],[*7],[*7],[*7],[*7],[*7],92.1,3.3
2024,Q4,"8,000 - 9,999",42.7,6.7,85.3,9.6,15.7,2.3,4.0,1.0,1.2,1.3,[*7],[*7],1.5,1.1,149.2,5.4
2024,Q4,"10,000 - 14,999",59.3,9.3,81.6,9.2,27.6,4.1,9.8,2.4,1.4,1.5,[*7],[*7],1.8,1.3,180.0,6.5
2024,Q4,"15,000 - 19,999",58.8,9.3,89.4,10.0,48.8,7.2,18.0,4.4,3.1,3.2,1.3,3.3,4.5,3.2,219.5,8.0
2024,Q4,"20,000 - 24,999",46.5,7.3,92.1,10.3,61.9,9.1,26.7,6.5,5.5,5.5,1.8,4.4,7.2,5.2,234.5,8.5
2024,Q4,"25,000 - 29,999",26.6,4.2,57.4,6.5,60.1,8.8,26.3,6.4,7.1,7.1,2.4,5.9,9.5,6.8,179.8,6.5
2024,Q4,"30,000 - 34,999",24.6,3.9,53.6,6.0,55.8,8.2,30.0,7.3,7.6,7.6,2.2,5.4,9.8,7.0,173.8,6.3
2024,Q4,"35,000 - 39,999",16.7,2.6,41.2,4.6,49.1,7.2,26.5,6.5,7.0,7.0,3.1,7.5,10.0,7.2,143.5,5.2
2024,Q4,"40,000 - 44,999",13.9,2.2,37.3,4.2,48.2,7.1,28.7,7.0,7.9,8.0,2.7,6.6,10.6,7.6,138.7,5.0
2024,Q4,"45,000 - 49,999",7.9,1.2,23.0,2.6,37.7,5.6,25.5,6.2,5.6,5.6,3.3,8.2,8.9,6.4,103.0,3.7
2024,Q4,"50,000 - 59,999",20.7,3.2,45.8,5.1,65.0,9.6,43.3,10.6,10.2,10.3,4.7,11.6,14.9,10.7,189.7,6.9
2024,Q4,"60,000 - 79,999",21.8,3.4,59.4,6.7,76.6,11.3,61.4,15.0,17.2,17.3,7.1,17.6,24.3,17.4,243.6,8.8
2024,Q4,"≥ 80,000",28.3,4.5,92.9,10.4,109.4,16.1,102.6,25.0,24.8,25.0,11.1,27.4,35.9,25.7,369.1,13.4
2024,Q4,"     80,000 - 99,999",10.7,1.7,34.6,3.9,39.9,5.9,37.0,9.0,7.4,7.5,5.2,12.7,12.6,9.0,134.8,4.9
2024,Q4,"     ≥ 100,000",17.6,2.8,58.2,6.5,69.6,10.2,65.6,16.0,17.3,17.5,6.0,14.7,23.3,16.7,234.3,8.5
2024,Q4,Total,635.7,100.0,890.4,100.0,678.9,100.0,409.8,100.0,99.2,100.0,40.6,100.0,139.8,100.0,2754.6,100.0
2025,Q1,"< 8,000",271.4,42.7,137.7,15.1,23.1,3.4,5.6,1.4,1.1,1.1,[*7],[*7],1.1,0.8,438.9,15.8
2025,Q1,"     < 4,000",91.7,14.4,82.2,9.0,13.4,2.0,4.1,1.0,1.0,1.0,[*7],[*7],1.0,0.7,192.4,6.9
2025,Q1,"     4,000 - 5,999",114.3,18.0,29.9,3.3,5.5,0.8,0.8,0.2,[*7],[*7],[*7],[*7],[*7],[*7],150.8,5.4
2025,Q1,"     6,000 - 7,999",65.4,10.3,25.6,2.8,4.1,0.6,0.8,0.2,[*7],[*7],[*7],[*7],[*7],[*7],95.8,3.5
2025,Q1,"8,000 - 9,999",46.1,7.2,88.6,9.7,14.1,2.1,3.2,0.8,[*7],[*7],[*7],[*7],[*7],[*7],152.5,5.5
2025,Q1,"10,000 - 14,999",54.2,8.5,84.1,9.3,25.3,3.8,9.3,2.2,2.1,2.1,[*7],[*7],2.2,1.6,175.1,6.3
2025,Q1,"15,000 - 19,999",54.5,8.6,86.9,9.6,44.4,6.6,16.5,4.0,5.6,5.6,1.5,4.0,7.1,5.2,209.4,7.6
2025,Q1,"20,000 - 24,999",42.0,6.6,85.4,9.4,62.5,9.3,27.2,6.5,5.8,5.9,2.6,6.8,8.4,6.1,225.6,8.1
2025,Q1,"25,000 - 29,999",23.9,3.8,57.5,6.3,57.5,8.5,22.7,5.4,6.0,6.0,1.9,5.0,7.8,5.7,169.5,6.1
2025,Q1,"30,000 - 34,999",23.7,3.7,55.6,6.1,49.4,7.3,27.3,6.5,8.2,8.3,2.2,5.8,10.4,7.6,166.4,6.0
2025,Q1,"35,000 - 39,999",16.8,2.6,40.4,4.4,49.1,7.3,25.5,6.1,5.1,5.2,3.3,8.6,8.4,6.1,140.2,5.1
2025,Q1,"40,000 - 44,999",14.0,2.2,38.3,4.2,47.8,7.1,24.5,5.9,6.8,6.9,2.7,7.1,9.5,6.9,134.1,4.8
2025,Q1,"45,000 - 49,999",13.5,2.1,26.2,2.9,37.7,5.6,23.8,5.7,7.5,7.6,2.4,6.2,9.9,7.2,111.1,4.0
2025,Q1,"50,000 - 59,999",20.6,3.2,45.6,5.0,62.3,9.3,48.1,11.5,12.1,12.2,5.3,14.1,17.5,12.7,194.0,7.0
2025,Q1,"60,000 - 79,999",22.1,3.5,58.5,6.4,73.9,11.0,67.5,16.2,14.0,14.1,6.1,16.3,20.1,14.7,242.2,8.7
2025,Q1,"≥ 80,000",32.6,5.1,104.6,11.5,126.0,18.7,116.0,27.8,24.4,24.6,9.7,25.8,34.1,24.9,413.3,14.9
2025,Q1,"     80,000 - 99,999",12.6,2.0,31.4,3.5,44.1,6.5,40.5,9.7,6.9,6.9,2.7,7.0,9.5,7.0,138.0,5.0
2025,Q1,"     ≥ 100,000",20.0,3.1,73.2,8.0,81.9,12.2,75.5,18.1,17.6,17.7,7.1,18.7,24.6,18.0,275.2,9.9
2025,Q1,Total,635.4,100.0,909.4,100.0,673.2,100.0,417.3,100.0,99.3,100.0,37.7,100.0,137.0,100.0,2772.3,100.0
2025,Q2,"< 8,000",265.5,41.2,137.4,15.2,20.1,3.0,7.0,1.7,1.3,1.3,0.7,1.9,2.0,1.5,432.0,15.6
2025,Q2,"     < 4,000",100.9,15.7,75.7,8.3,10.5,1.6,3.8,0.9,0.8,0.8,[*7],[*7],1.0,0.7,191.9,6.9
2025,Q2,"     4,000 - 5,999",79.5,12.3,31.5,3.5,4.6,0.7,1.5,0.4,[*7],[*7],[*7],[*7],[*7],[*7],117.3,4.2
2025,Q2,"     6,000 - 7,999",85.1,13.2,30.2,3.3,4.9,0.7,1.8,0.4,[*7],[*7],[*7],[*7],0.7,0.6,122.8,4.4
2025,Q2,"8,000 - 9,999",53.2,8.3,70.7,7.8,15.5,2.3,4.3,1.0,1.2,1.2,[*7],[*7],1.4,1.0,145.0,5.2
2025,Q2,"10,000 - 14,999",59.8,9.3,97.8,10.8,24.5,3.7,7.1,1.7,1.6,1.6,[*7],[*7],2.0,1.4,191.2,6.9
2025,Q2,"15,000 - 19,999",50.7,7.9,88.3,9.7,44.3,6.7,18.5,4.4,3.1,3.2,1.0,2.8,4.2,3.1,206.0,7.4
2025,Q2,"20,000 - 24,999",40.7,6.3,86.2,9.5,59.2,8.9,28.3,6.7,5.9,6.0,2.0,5.5,7.9,5.8,222.3,8.0
2025,Q2,"25,000 - 29,999",27.2,4.2,58.5,6.5,57.5,8.6,26.2,6.3,4.9,4.9,2.8,7.5,7.7,5.7,177.1,6.4
2025,Q2,"30,000 - 34,999",27.3,4.2,61.1,6.7,55.8,8.4,28.4,6.8,6.9,7.0,3.1,8.4,10.0,7.4,182.6,6.6
2025,Q2,"35,000 - 39,999",16.6,2.6,45.3,5.0,50.0,7.5,25.2,6.0,6.5,6.6,3.0,8.0,9.5,7.0,146.7,5.3
2025,Q2,"40,000 - 44,999",15.6,2.4,38.9,4.3,47.0,7.1,29.1,6.9,7.1,7.2,3.4,9.0,10.5,7.7,141.1,5.1
2025,Q2,"45,000 - 49,999",10.6,1.7,22.3,2.5,38.6,5.8,24.6,5.9,4.7,4.7,2.0,5.4,6.7,4.9,102.8,3.7
2025,Q2,"50,000 - 59,999",21.1,3.3,44.5,4.9,60.1,9.0,49.6,11.8,11.9,12.1,3.8,10.2,15.7,11.6,191.0,6.9
2025,Q2,"60,000 - 79,999",20.7,3.2,55.3,6.1,74.3,11.2,59.6,14.2,17.0,17.3,5.7,15.2,22.7,16.7,232.6,8.4
2025,Q2,"≥ 80,000",35.6,5.5,100.5,11.1,117.9,17.7,111.0,26.5,26.4,26.9,9.2,24.6,35.6,26.2,400.7,14.5
2025,Q2,"     80,000 - 99,999",13.7,2.1,34.1,3.8,45.4,6.8,37.1,8.9,8.2,8.4,3.2,8.6,11.4,8.4,141.7,5.1
2025,Q2,"     ≥ 100,000",21.9,3.4,66.5,7.3,72.5,10.9,73.9,17.7,18.2,18.5,6.0,16.0,24.2,17.8,259.0,9.3
2025,Q2,Total,644.6,100.0,907.0,100.0,664.7,100.0,418.9,100.0,98.4,100.0,37.4,100.0,135.8,100.0,2771.0,100.0
 ,,,,,,,,,,,,,,,,,,
Note(s):,,,,,,,,,,,,,,,,,,
"Number of domestic households are rounded to the nearest hundred.Figures in the table may not add up to the total due to rounding.For annual estimates less than 1 000 and quarterly estimates less than 3 000, they should be interpreted with caution due to relatively large sampling error.Starting from 2001, annual figures are compiled based on the survey results of the General Household Survey from January to December of the year concerned as well as the mid-year population estimates and may be regarded as referring to the overall situation of the whole year.",,,,,,,,,,,,,,,,,,
1 Household size refers to the number of household members in a domestic household.,,,,,,,,,,,,,,,,,,
"2 Domestic household consists of a group of persons who live together and make common provision for essentials for living. These persons need not be related. If a person makes provision for essentials for living without sharing with other persons, he/she is also regarded as a household. In this case, the household is a one-person household. A domestic household must have at least one member who is a Usual Resident. Households comprising Mobile Residents only are not classified as domestic households.",,,,,,,,,,,,,,,,,,
"3 Monthly household income refers to the total cash income, including earnings (before deduction of Mandatory Provident Fund contributions) from all jobs and other cash income received in the month before enumeration by all members of the household. Other cash income includes income generated from rent income, interest, dividends, regular/monthly pensions and insurance annuity benefits, regular contribution from persons outside the household, regular contribution from charities and all government subsidies.",,,,,,,,,,,,,,,,,,
"4 Includes households without employed persons, e.g. households consist of economically inactive elderly persons or retired persons only.",,,,,,,,,,,,,,,,,,
[*7] Figure is not released due to relatively large sampling error.,,,,,,,,,,,,,,,,,,
 ,,,,,,,,,,,,,,,,,,
Source:,,,,,,,,,,,,,,,,,,
"General Household Survey Section (3),Census and Statistics Department(Enquiry telephone no. : 2887 5508 Enquiry e-mail : ghs@censtatd.gov.hk)",,,,,,,,,,,,,,,,,,
 ,,,,,,,,,,,,,,,,,,
"Release Date: 16 September, 2025",,,,,,,,,,,,,,,,,,
